-2.600000000000000000e+03 4.546092741090015821e+00
-2.599000000000000000e+03 4.602332888320248117e+00
-2.598000000000000000e+03 4.661879089031668144e+00
-2.597000000000000000e+03 4.724736256604696649e+00
-2.596000000000000000e+03 4.787666020990720916e+00
-2.595000000000000000e+03 4.845242514520584187e+00
-2.594000000000000000e+03 4.896963461942544171e+00
-2.593000000000000000e+03 4.941239624774069306e+00
-2.592000000000000000e+03 4.973121879702262049e+00
-2.591000000000000000e+03 4.997221724064058179e+00
-2.590000000000000000e+03 5.004271415343977125e+00
-2.589000000000000000e+03 5.005288316919258129e+00
-2.588000000000000000e+03 4.994209709904144923e+00
-2.587000000000000000e+03 4.972270239798858071e+00
-2.586000000000000000e+03 4.942276117777531397e+00
-2.585000000000000000e+03 4.905700321794901342e+00
-2.584000000000000000e+03 4.865327451747488929e+00
-2.583000000000000000e+03 4.823258157484264785e+00
-2.582000000000000000e+03 4.781166965260870150e+00
-2.581000000000000000e+03 4.742504977081502204e+00
-2.580000000000000000e+03 4.707600678620096346e+00
-2.579000000000000000e+03 4.678972911864326178e+00
-2.578000000000000000e+03 4.653752637289152005e+00
-2.577000000000000000e+03 4.636285442503429444e+00
-2.576000000000000000e+03 4.630426886112564588e+00
-2.575000000000000000e+03 4.624332848888914604e+00
-2.574000000000000000e+03 4.628374365246573419e+00
-2.573000000000000000e+03 4.636963092663996200e+00
-2.572000000000000000e+03 4.646427217142012900e+00
-2.571000000000000000e+03 4.654654146767165379e+00
-2.570000000000000000e+03 4.665402016330298274e+00
-2.569000000000000000e+03 4.671009551735535226e+00
-2.568000000000000000e+03 4.674387860195443167e+00
-2.567000000000000000e+03 4.677745926185118641e+00
-2.566000000000000000e+03 4.678499787582413916e+00
-2.565000000000000000e+03 4.677964270830546667e+00
-2.564000000000000000e+03 4.672979648342288073e+00
-2.563000000000000000e+03 4.671930696033895103e+00
-2.562000000000000000e+03 4.670529768479044108e+00
-2.561000000000000000e+03 4.673477653727458048e+00
-2.560000000000000000e+03 4.674906761638065511e+00
-2.559000000000000000e+03 4.683052090254152588e+00
-2.558000000000000000e+03 4.699585426402697053e+00
-2.557000000000000000e+03 4.714536957676247475e+00
-2.556000000000000000e+03 4.734425440465074075e+00
-2.555000000000000000e+03 4.757932947212125896e+00
-2.554000000000000000e+03 4.786114987922730712e+00
-2.553000000000000000e+03 4.811983688153437910e+00
-2.552000000000000000e+03 4.838154144420301783e+00
-2.551000000000000000e+03 4.861433211027149426e+00
-2.550000000000000000e+03 4.882554012413494959e+00
-2.549000000000000000e+03 4.898731909714364008e+00
-2.548000000000000000e+03 4.910501497023956219e+00
-2.547000000000000000e+03 4.916794772743726227e+00
-2.546000000000000000e+03 4.913952781601800268e+00
-2.545000000000000000e+03 4.906047411475154441e+00
-2.544000000000000000e+03 4.891770775715377439e+00
-2.543000000000000000e+03 4.873202694178318417e+00
-2.542000000000000000e+03 4.846603590992819122e+00
-2.541000000000000000e+03 4.813546615382775506e+00
-2.540000000000000000e+03 4.780910725958030127e+00
-2.539000000000000000e+03 4.745186396318359812e+00
-2.538000000000000000e+03 4.706854870016841552e+00
-2.537000000000000000e+03 4.672539224890279286e+00
-2.536000000000000000e+03 4.639693120977226748e+00
-2.535000000000000000e+03 4.610277826621872244e+00
-2.534000000000000000e+03 4.585911037742474328e+00
-2.533000000000000000e+03 4.567308847006184891e+00
-2.532000000000000000e+03 4.555651626682042377e+00
-2.531000000000000000e+03 4.547798821781856127e+00
-2.530000000000000000e+03 4.550763871950466388e+00
-2.529000000000000000e+03 4.556295392845234105e+00
-2.528000000000000000e+03 4.569884756473183707e+00
-2.527000000000000000e+03 4.587842139642823724e+00
-2.526000000000000000e+03 4.610724855093011776e+00
-2.525000000000000000e+03 4.634446554530020634e+00
-2.524000000000000000e+03 4.659395588419559253e+00
-2.523000000000000000e+03 4.685027799928420222e+00
-2.522000000000000000e+03 4.709107628400180268e+00
-2.521000000000000000e+03 4.731322070874989905e+00
-2.520000000000000000e+03 4.753209435991831988e+00
-2.519000000000000000e+03 4.772043117709099391e+00
-2.518000000000000000e+03 4.787295362890302108e+00
-2.517000000000000000e+03 4.800209358599367704e+00
-2.516000000000000000e+03 4.810441088686877364e+00
-2.515000000000000000e+03 4.822569064748272183e+00
-2.514000000000000000e+03 4.827458440868968026e+00
-2.513000000000000000e+03 4.836962723202433700e+00
-2.512000000000000000e+03 4.845561263780314931e+00
-2.511000000000000000e+03 4.852520337356213354e+00
-2.510000000000000000e+03 4.859144879304674980e+00
-2.509000000000000000e+03 4.869610936973010062e+00
-2.508000000000000000e+03 4.876318270530944687e+00
-2.507000000000000000e+03 4.884331478059394271e+00
-2.506000000000000000e+03 4.892236377927758895e+00
-2.505000000000000000e+03 4.901312600830048716e+00
-2.504000000000000000e+03 4.908502241585732229e+00
-2.503000000000000000e+03 4.909238465885427338e+00
-2.502000000000000000e+03 4.908132474553227098e+00
-2.501000000000000000e+03 4.897933491582747934e+00
-2.500000000000000000e+03 4.883884649003202405e+00
-2.499000000000000000e+03 4.865082633496522924e+00
-2.498000000000000000e+03 4.834632166626938066e+00
-2.497000000000000000e+03 4.798579023265269861e+00
-2.496000000000000000e+03 4.754125846425624857e+00
-2.495000000000000000e+03 4.708692129585009489e+00
-2.494000000000000000e+03 4.656504268312019690e+00
-2.493000000000000000e+03 4.603575654381130811e+00
-2.492000000000000000e+03 4.551041938085131022e+00
-2.491000000000000000e+03 4.503129368015550860e+00
-2.490000000000000000e+03 4.466920068956135026e+00
-2.489000000000000000e+03 4.438239419950044784e+00
-2.488000000000000000e+03 4.422670942059506949e+00
-2.487000000000000000e+03 4.424065509514226058e+00
-2.486000000000000000e+03 4.439707388033618862e+00
-2.485000000000000000e+03 4.467059977833268469e+00
-2.484000000000000000e+03 4.506118087339123335e+00
-2.483000000000000000e+03 4.549688348480281697e+00
-2.482000000000000000e+03 4.599058223010494828e+00
-2.481000000000000000e+03 4.650127059554606035e+00
-2.480000000000000000e+03 4.699819615351409574e+00
-2.479000000000000000e+03 4.744789065795678162e+00
-2.478000000000000000e+03 4.789348064557988671e+00
-2.477000000000000000e+03 4.824004740480159370e+00
-2.476000000000000000e+03 4.854159713797900899e+00
-2.475000000000000000e+03 4.877995102414633521e+00
-2.474000000000000000e+03 4.894031707300347200e+00
-2.473000000000000000e+03 4.909345558573465773e+00
-2.472000000000000000e+03 4.918721049961606084e+00
-2.471000000000000000e+03 4.923891701154763823e+00
-2.470000000000000000e+03 4.930202284140623448e+00
-2.469000000000000000e+03 4.928742769333148921e+00
-2.468000000000000000e+03 4.928713068612983861e+00
-2.467000000000000000e+03 4.927635828993365052e+00
-2.466000000000000000e+03 4.925548503853709903e+00
-2.465000000000000000e+03 4.918486322076192074e+00
-2.464000000000000000e+03 4.912668232555754244e+00
-2.463000000000000000e+03 4.903854717520287565e+00
-2.462000000000000000e+03 4.890040223690827581e+00
-2.461000000000000000e+03 4.871861960167854555e+00
-2.460000000000000000e+03 4.851353332900162130e+00
-2.459000000000000000e+03 4.826932193763515677e+00
-2.458000000000000000e+03 4.796285878369674904e+00
-2.457000000000000000e+03 4.764953780694863639e+00
-2.456000000000000000e+03 4.731208490981962278e+00
-2.455000000000000000e+03 4.693866338553673856e+00
-2.454000000000000000e+03 4.660483987230444214e+00
-2.453000000000000000e+03 4.624737660647360471e+00
-2.452000000000000000e+03 4.594578143295103168e+00
-2.451000000000000000e+03 4.569340809753044574e+00
-2.450000000000000000e+03 4.550586775853427746e+00
-2.449000000000000000e+03 4.539450610257396157e+00
-2.448000000000000000e+03 4.536984199815610630e+00
-2.447000000000000000e+03 4.539409938312606307e+00
-2.446000000000000000e+03 4.549188682610761703e+00
-2.445000000000000000e+03 4.567382183669220552e+00
-2.444000000000000000e+03 4.586583599245168230e+00
-2.443000000000000000e+03 4.610665675122284313e+00
-2.442000000000000000e+03 4.635123586335797796e+00
-2.441000000000000000e+03 4.660564653832800275e+00
-2.440000000000000000e+03 4.686093030228907885e+00
-2.439000000000000000e+03 4.708456998719431574e+00
-2.438000000000000000e+03 4.729041038961766752e+00
-2.437000000000000000e+03 4.748574317482025187e+00
-2.436000000000000000e+03 4.764631158420677082e+00
-2.435000000000000000e+03 4.780129105071988072e+00
-2.434000000000000000e+03 4.791250163647973181e+00
-2.433000000000000000e+03 4.804378769156573803e+00
-2.432000000000000000e+03 4.814589455751309366e+00
-2.431000000000000000e+03 4.826471091398862434e+00
-2.430000000000000000e+03 4.835183584094181697e+00
-2.429000000000000000e+03 4.843249822684342121e+00
-2.428000000000000000e+03 4.851710673234880922e+00
-2.427000000000000000e+03 4.859515422685860564e+00
-2.426000000000000000e+03 4.865983834206192959e+00
-2.425000000000000000e+03 4.870392932214364201e+00
-2.424000000000000000e+03 4.874125883752517652e+00
-2.423000000000000000e+03 4.875343543737396423e+00
-2.422000000000000000e+03 4.873671434224259080e+00
-2.421000000000000000e+03 4.865040377004853589e+00
-2.420000000000000000e+03 4.856156422983341159e+00
-2.419000000000000000e+03 4.839576964292168881e+00
-2.418000000000000000e+03 4.822543896529438712e+00
-2.417000000000000000e+03 4.800007294715414652e+00
-2.416000000000000000e+03 4.773494905356542972e+00
-2.415000000000000000e+03 4.746231417633810068e+00
-2.414000000000000000e+03 4.716739174081636676e+00
-2.413000000000000000e+03 4.687740008663192626e+00
-2.412000000000000000e+03 4.659885339362557666e+00
-2.411000000000000000e+03 4.635165462108742140e+00
-2.410000000000000000e+03 4.612841363484933233e+00
-2.409000000000000000e+03 4.596141436020602100e+00
-2.408000000000000000e+03 4.582788993165291203e+00
-2.407000000000000000e+03 4.576540093150686772e+00
-2.406000000000000000e+03 4.575869038109430242e+00
-2.405000000000000000e+03 4.580366302014963864e+00
-2.404000000000000000e+03 4.589439062522786550e+00
-2.403000000000000000e+03 4.603615517971648252e+00
-2.402000000000000000e+03 4.619279992115144395e+00
-2.401000000000000000e+03 4.641261537396782266e+00
-2.400000000000000000e+03 4.662239344197358193e+00
-2.399000000000000000e+03 4.684997491012370396e+00
-2.398000000000000000e+03 4.706777106685840373e+00
-2.397000000000000000e+03 4.732002253184906415e+00
-2.396000000000000000e+03 4.753462822357938933e+00
-2.395000000000000000e+03 4.779674500895755962e+00
-2.394000000000000000e+03 4.802189383451709759e+00
-2.393000000000000000e+03 4.824613285238356752e+00
-2.392000000000000000e+03 4.844481131639120974e+00
-2.391000000000000000e+03 4.866298389595574925e+00
-2.390000000000000000e+03 4.882104804049159696e+00
-2.389000000000000000e+03 4.894642309763022503e+00
-2.388000000000000000e+03 4.906790146735334979e+00
-2.387000000000000000e+03 4.911143089476199819e+00
-2.386000000000000000e+03 4.914453622270790412e+00
-2.385000000000000000e+03 4.910083748525818415e+00
-2.384000000000000000e+03 4.901084845727305073e+00
-2.383000000000000000e+03 4.884851058748528096e+00
-2.382000000000000000e+03 4.866029878199871206e+00
-2.381000000000000000e+03 4.839013392915380685e+00
-2.380000000000000000e+03 4.812222707281773815e+00
-2.379000000000000000e+03 4.779277441459358400e+00
-2.378000000000000000e+03 4.750265741707702993e+00
-2.377000000000000000e+03 4.716644034017877019e+00
-2.376000000000000000e+03 4.686673732624444533e+00
-2.375000000000000000e+03 4.662608127373006006e+00
-2.374000000000000000e+03 4.638917067083252022e+00
-2.373000000000000000e+03 4.620175484106035846e+00
-2.372000000000000000e+03 4.608616350790005534e+00
-2.371000000000000000e+03 4.599871295400730808e+00
-2.370000000000000000e+03 4.594039013298656826e+00
-2.369000000000000000e+03 4.592894052674740379e+00
-2.368000000000000000e+03 4.591416555292235024e+00
-2.367000000000000000e+03 4.590555780762793248e+00
-2.366000000000000000e+03 4.590541170979041574e+00
-2.365000000000000000e+03 4.592940608708809158e+00
-2.364000000000000000e+03 4.590946768128454814e+00
-2.363000000000000000e+03 4.594094341122138658e+00
-2.362000000000000000e+03 4.602137649143752007e+00
-2.361000000000000000e+03 4.611771809066023131e+00
-2.360000000000000000e+03 4.625402077041939286e+00
-2.359000000000000000e+03 4.647287492429985178e+00
-2.358000000000000000e+03 4.675378720835135837e+00
-2.357000000000000000e+03 4.709066178698675387e+00
-2.356000000000000000e+03 4.750559885596714160e+00
-2.355000000000000000e+03 4.792887165671712246e+00
-2.354000000000000000e+03 4.836941376872022857e+00
-2.353000000000000000e+03 4.885208180993434901e+00
-2.352000000000000000e+03 4.928765122139862953e+00
-2.351000000000000000e+03 4.966048836054285154e+00
-2.350000000000000000e+03 4.997255888914077460e+00
-2.349000000000000000e+03 5.021697115282439228e+00
-2.348000000000000000e+03 5.034571491321496062e+00
-2.347000000000000000e+03 5.035510247831198605e+00
-2.346000000000000000e+03 5.021639194910465953e+00
-2.345000000000000000e+03 5.001026948542433459e+00
-2.344000000000000000e+03 4.966521422823483967e+00
-2.343000000000000000e+03 4.923123487395171693e+00
-2.342000000000000000e+03 4.872505242592493957e+00
-2.341000000000000000e+03 4.814816776085978134e+00
-2.340000000000000000e+03 4.756848020830770629e+00
-2.339000000000000000e+03 4.701167573899930119e+00
-2.338000000000000000e+03 4.650974047343185092e+00
-2.337000000000000000e+03 4.609037518271111189e+00
-2.336000000000000000e+03 4.576987623315405429e+00
-2.335000000000000000e+03 4.555082901610414403e+00
-2.334000000000000000e+03 4.548536129596477018e+00
-2.333000000000000000e+03 4.550721930186599984e+00
-2.332000000000000000e+03 4.564463549742650450e+00
-2.331000000000000000e+03 4.584389642297311163e+00
-2.330000000000000000e+03 4.610389387285515284e+00
-2.329000000000000000e+03 4.637003524402065757e+00
-2.328000000000000000e+03 4.658148761155971762e+00
-2.327000000000000000e+03 4.676171163437014222e+00
-2.326000000000000000e+03 4.688365008625164698e+00
-2.325000000000000000e+03 4.689683047463163668e+00
-2.324000000000000000e+03 4.690215273976004795e+00
-2.323000000000000000e+03 4.678183986704019581e+00
-2.322000000000000000e+03 4.666500776215357860e+00
-2.321000000000000000e+03 4.653284874412734418e+00
-2.320000000000000000e+03 4.639217255257977790e+00
-2.319000000000000000e+03 4.627147143376292959e+00
-2.318000000000000000e+03 4.621574480974412147e+00
-2.317000000000000000e+03 4.624225408543589211e+00
-2.316000000000000000e+03 4.636837028250934800e+00
-2.315000000000000000e+03 4.659113313456871630e+00
-2.314000000000000000e+03 4.688160830570878623e+00
-2.313000000000000000e+03 4.723486576439113627e+00
-2.312000000000000000e+03 4.763655231851977589e+00
-2.311000000000000000e+03 4.809567818811802731e+00
-2.310000000000000000e+03 4.854326777013196370e+00
-2.309000000000000000e+03 4.898167983223479460e+00
-2.308000000000000000e+03 4.939015878310395458e+00
-2.307000000000000000e+03 4.971753360660026821e+00
-2.306000000000000000e+03 4.997742572456525423e+00
-2.305000000000000000e+03 5.013019670608835021e+00
-2.304000000000000000e+03 5.021557637528456297e+00
-2.303000000000000000e+03 5.015152807178868244e+00
-2.302000000000000000e+03 5.001690386037450864e+00
-2.301000000000000000e+03 4.980511202435883078e+00
-2.300000000000000000e+03 4.947329858785183276e+00
-2.299000000000000000e+03 4.907498878892084804e+00
-2.298000000000000000e+03 4.864306742243265980e+00
-2.297000000000000000e+03 4.815291224744987275e+00
-2.296000000000000000e+03 4.766829257246104845e+00
-2.295000000000000000e+03 4.720397833853424707e+00
-2.294000000000000000e+03 4.673283163310150812e+00
-2.293000000000000000e+03 4.631408825886444092e+00
-2.292000000000000000e+03 4.596408349577743913e+00
-2.291000000000000000e+03 4.568862236703936652e+00
-2.290000000000000000e+03 4.548352631609445140e+00
-2.289000000000000000e+03 4.536413201434029929e+00
-2.288000000000000000e+03 4.532964616911050015e+00
-2.287000000000000000e+03 4.535989199486164303e+00
-2.286000000000000000e+03 4.542840015567561451e+00
-2.285000000000000000e+03 4.556352548112663214e+00
-2.284000000000000000e+03 4.574453661758139944e+00
-2.283000000000000000e+03 4.590797798342721059e+00
-2.282000000000000000e+03 4.611487330600636980e+00
-2.281000000000000000e+03 4.631186902776550873e+00
-2.280000000000000000e+03 4.651954657937083404e+00
-2.279000000000000000e+03 4.668468180366291520e+00
-2.278000000000000000e+03 4.691571746333702997e+00
-2.277000000000000000e+03 4.710963405476182864e+00
-2.276000000000000000e+03 4.727315142010684035e+00
-2.275000000000000000e+03 4.745968019241568747e+00
-2.274000000000000000e+03 4.765263161620437060e+00
-2.273000000000000000e+03 4.780112073337797085e+00
-2.272000000000000000e+03 4.796636321386076318e+00
-2.271000000000000000e+03 4.812801970945071339e+00
-2.270000000000000000e+03 4.826862580655280510e+00
-2.269000000000000000e+03 4.837015464698824374e+00
-2.268000000000000000e+03 4.849787463910755214e+00
-2.267000000000000000e+03 4.857962922971197806e+00
-2.266000000000000000e+03 4.865305962661679473e+00
-2.265000000000000000e+03 4.869885858185473815e+00
-2.264000000000000000e+03 4.876912593432977339e+00
-2.263000000000000000e+03 4.878623841808167327e+00
-2.262000000000000000e+03 4.881644228410426223e+00
-2.261000000000000000e+03 4.884906227846252946e+00
-2.260000000000000000e+03 4.883538304026163956e+00
-2.259000000000000000e+03 4.886013946128040963e+00
-2.258000000000000000e+03 4.881852623639403532e+00
-2.257000000000000000e+03 4.871251621461840209e+00
-2.256000000000000000e+03 4.859993105598192642e+00
-2.255000000000000000e+03 4.840543854540858781e+00
-2.254000000000000000e+03 4.814551838306299736e+00
-2.253000000000000000e+03 4.786203442412854336e+00
-2.252000000000000000e+03 4.747880957680345126e+00
-2.251000000000000000e+03 4.703172241673144072e+00
-2.250000000000000000e+03 4.654102810309853844e+00
-2.249000000000000000e+03 4.603664790763351000e+00
-2.248000000000000000e+03 4.553939131303679666e+00
-2.247000000000000000e+03 4.512535644705038429e+00
-2.246000000000000000e+03 4.478359539187583671e+00
-2.245000000000000000e+03 4.457632003706416768e+00
-2.244000000000000000e+03 4.453901795504232375e+00
-2.243000000000000000e+03 4.465675691291980165e+00
-2.242000000000000000e+03 4.493780895590171909e+00
-2.241000000000000000e+03 4.538499975050523716e+00
-2.240000000000000000e+03 4.594409206800848189e+00
-2.239000000000000000e+03 4.657163314480468941e+00
-2.238000000000000000e+03 4.724668598867867608e+00
-2.237000000000000000e+03 4.789749808337535164e+00
-2.236000000000000000e+03 4.848491721414596611e+00
-2.235000000000000000e+03 4.901161384922295028e+00
-2.234000000000000000e+03 4.941178448783351662e+00
-2.233000000000000000e+03 4.965140031965269429e+00
-2.232000000000000000e+03 4.977711679426715996e+00
-2.231000000000000000e+03 4.975302080463047005e+00
-2.230000000000000000e+03 4.959151174552691721e+00
-2.229000000000000000e+03 4.931924627329210331e+00
-2.228000000000000000e+03 4.894465553799570046e+00
-2.227000000000000000e+03 4.849101669573550488e+00
-2.226000000000000000e+03 4.802882419013854154e+00
-2.225000000000000000e+03 4.759640389703195140e+00
-2.224000000000000000e+03 4.722802936398045937e+00
-2.223000000000000000e+03 4.692065559888959569e+00
-2.222000000000000000e+03 4.672791135229520165e+00
-2.221000000000000000e+03 4.662859701407263913e+00
-2.220000000000000000e+03 4.663874895110240004e+00
-2.219000000000000000e+03 4.678386651781146988e+00
-2.218000000000000000e+03 4.697429492815077268e+00
-2.217000000000000000e+03 4.723813439349244803e+00
-2.216000000000000000e+03 4.754809421990017881e+00
-2.215000000000000000e+03 4.781864412978475976e+00
-2.214000000000000000e+03 4.802787266032392921e+00
-2.213000000000000000e+03 4.817941012493358599e+00
-2.212000000000000000e+03 4.823380436434686835e+00
-2.211000000000000000e+03 4.814753643959048368e+00
-2.210000000000000000e+03 4.794795593254081112e+00
-2.209000000000000000e+03 4.767376656278673686e+00
-2.208000000000000000e+03 4.732559882819839636e+00
-2.207000000000000000e+03 4.688247187319689147e+00
-2.206000000000000000e+03 4.642016999997114368e+00
-2.205000000000000000e+03 4.596709211843013065e+00
-2.204000000000000000e+03 4.558119384863717372e+00
-2.203000000000000000e+03 4.527855769546149212e+00
-2.202000000000000000e+03 4.509039130428880604e+00
-2.201000000000000000e+03 4.503568709778005719e+00
-2.200000000000000000e+03 4.513639006038773438e+00
-2.199000000000000000e+03 4.536953317968519528e+00
-2.198000000000000000e+03 4.576885096823541055e+00
-2.197000000000000000e+03 4.622399658138034440e+00
-2.196000000000000000e+03 4.671859725083154835e+00
-2.195000000000000000e+03 4.727668825775827699e+00
-2.194000000000000000e+03 4.782059379869520122e+00
-2.193000000000000000e+03 4.831011797418084619e+00
-2.192000000000000000e+03 4.877977307503206461e+00
-2.191000000000000000e+03 4.916490137720082032e+00
-2.190000000000000000e+03 4.947001041900131568e+00
-2.189000000000000000e+03 4.971170728034341124e+00
-2.188000000000000000e+03 4.979288695367413808e+00
-2.187000000000000000e+03 4.984771954709047215e+00
-2.186000000000000000e+03 4.980588741419465393e+00
-2.185000000000000000e+03 4.969573829415638855e+00
-2.184000000000000000e+03 4.953150840056307125e+00
-2.183000000000000000e+03 4.928535199014048018e+00
-2.182000000000000000e+03 4.901690059511927267e+00
-2.181000000000000000e+03 4.872129810644473480e+00
-2.180000000000000000e+03 4.841920330103861581e+00
-2.179000000000000000e+03 4.809331081327501423e+00
-2.178000000000000000e+03 4.779648255195380280e+00
-2.177000000000000000e+03 4.749564340877982183e+00
-2.176000000000000000e+03 4.721893451758945481e+00
-2.175000000000000000e+03 4.698918952437461272e+00
-2.174000000000000000e+03 4.674002173248124059e+00
-2.173000000000000000e+03 4.655323330560042550e+00
-2.172000000000000000e+03 4.637391162470929196e+00
-2.171000000000000000e+03 4.622369381508120156e+00
-2.170000000000000000e+03 4.611931807942615258e+00
-2.169000000000000000e+03 4.601818581611346382e+00
-2.168000000000000000e+03 4.596660515867309726e+00
-2.167000000000000000e+03 4.591302203829892292e+00
-2.166000000000000000e+03 4.592007381071715244e+00
-2.165000000000000000e+03 4.593857241681701176e+00
-2.164000000000000000e+03 4.594360391766163509e+00
-2.163000000000000000e+03 4.599935036542784239e+00
-2.162000000000000000e+03 4.606165856133730863e+00
-2.161000000000000000e+03 4.615287734237281114e+00
-2.160000000000000000e+03 4.624371883946058581e+00
-2.159000000000000000e+03 4.633533096204713431e+00
-2.158000000000000000e+03 4.646518335718853088e+00
-2.157000000000000000e+03 4.660034856635273393e+00
-2.156000000000000000e+03 4.676053245488708932e+00
-2.155000000000000000e+03 4.690669780575955627e+00
-2.154000000000000000e+03 4.709876301888683336e+00
-2.153000000000000000e+03 4.730959523627848995e+00
-2.152000000000000000e+03 4.753310797512518171e+00
-2.151000000000000000e+03 4.777320768724854005e+00
-2.150000000000000000e+03 4.805247145749103055e+00
-2.149000000000000000e+03 4.831500200952417501e+00
-2.148000000000000000e+03 4.860454970852736700e+00
-2.147000000000000000e+03 4.890830886948713818e+00
-2.146000000000000000e+03 4.920530213678439679e+00
-2.145000000000000000e+03 4.945574589920912700e+00
-2.144000000000000000e+03 4.969132874588175319e+00
-2.143000000000000000e+03 4.987220704339983435e+00
-2.142000000000000000e+03 4.996563671466142331e+00
-2.141000000000000000e+03 4.999911869245818430e+00
-2.140000000000000000e+03 4.995329017024093154e+00
-2.139000000000000000e+03 4.979973190196967714e+00
-2.138000000000000000e+03 4.954531846242478110e+00
-2.137000000000000000e+03 4.920891879061576546e+00
-2.136000000000000000e+03 4.874535908930252681e+00
-2.135000000000000000e+03 4.821210186177069090e+00
-2.134000000000000000e+03 4.763447241256316467e+00
-2.133000000000000000e+03 4.700194767240976290e+00
-2.132000000000000000e+03 4.640636006619774712e+00
-2.131000000000000000e+03 4.585103830806280811e+00
-2.130000000000000000e+03 4.537700787598793362e+00
-2.129000000000000000e+03 4.505268630369521965e+00
-2.128000000000000000e+03 4.484052826557544336e+00
-2.127000000000000000e+03 4.480162557860700723e+00
-2.126000000000000000e+03 4.490978399434074397e+00
-2.125000000000000000e+03 4.518216494733721333e+00
-2.124000000000000000e+03 4.555961540789366992e+00
-2.123000000000000000e+03 4.600468166521332947e+00
-2.122000000000000000e+03 4.649174820122944141e+00
-2.121000000000000000e+03 4.691096564397462032e+00
-2.120000000000000000e+03 4.730048057590838795e+00
-2.119000000000000000e+03 4.758484373660687439e+00
-2.118000000000000000e+03 4.780071509897113380e+00
-2.117000000000000000e+03 4.788860842953236663e+00
-2.116000000000000000e+03 4.789554806100049689e+00
-2.115000000000000000e+03 4.779324034148253908e+00
-2.114000000000000000e+03 4.766198356328623653e+00
-2.113000000000000000e+03 4.743714230024978384e+00
-2.112000000000000000e+03 4.722125172427880990e+00
-2.111000000000000000e+03 4.703244256102945720e+00
-2.110000000000000000e+03 4.692066403003520847e+00
-2.109000000000000000e+03 4.687803923835279107e+00
-2.108000000000000000e+03 4.692243738394587638e+00
-2.107000000000000000e+03 4.704680182205082772e+00
-2.106000000000000000e+03 4.729984739746065259e+00
-2.105000000000000000e+03 4.757440846517554611e+00
-2.104000000000000000e+03 4.791405770294853816e+00
-2.103000000000000000e+03 4.826434680644181796e+00
-2.102000000000000000e+03 4.861559737784435953e+00
-2.101000000000000000e+03 4.893395862505380833e+00
-2.100000000000000000e+03 4.917907929892352037e+00
-2.099000000000000000e+03 4.936906930275299921e+00
-2.098000000000000000e+03 4.945324980412241445e+00
-2.097000000000000000e+03 4.939809287815910110e+00
-2.096000000000000000e+03 4.928793773196749051e+00
-2.095000000000000000e+03 4.902270855765313406e+00
-2.094000000000000000e+03 4.873652953771892449e+00
-2.093000000000000000e+03 4.833254012886074591e+00
-2.092000000000000000e+03 4.791574814511534441e+00
-2.091000000000000000e+03 4.749103130003077489e+00
-2.090000000000000000e+03 4.706890792998870587e+00
-2.089000000000000000e+03 4.668947242764906136e+00
-2.088000000000000000e+03 4.636478442618209961e+00
-2.087000000000000000e+03 4.611716180981943580e+00
-2.086000000000000000e+03 4.594650768125572604e+00
-2.085000000000000000e+03 4.588183851345221775e+00
-2.084000000000000000e+03 4.587102817973834235e+00
-2.083000000000000000e+03 4.591041748490539476e+00
-2.082000000000000000e+03 4.600009131937358831e+00
-2.081000000000000000e+03 4.615883748203627235e+00
-2.080000000000000000e+03 4.630493276647239753e+00
-2.079000000000000000e+03 4.647947545421117432e+00
-2.078000000000000000e+03 4.663750225161270357e+00
-2.077000000000000000e+03 4.679977599203393623e+00
-2.076000000000000000e+03 4.692338321853141814e+00
-2.075000000000000000e+03 4.705989708694617413e+00
-2.074000000000000000e+03 4.717101303764819065e+00
-2.073000000000000000e+03 4.730032995071410618e+00
-2.072000000000000000e+03 4.745562378509019297e+00
-2.071000000000000000e+03 4.759927729478410363e+00
-2.070000000000000000e+03 4.776631693186074834e+00
-2.069000000000000000e+03 4.793323923237967854e+00
-2.068000000000000000e+03 4.812064629543867156e+00
-2.067000000000000000e+03 4.830193109403544405e+00
-2.066000000000000000e+03 4.843349831202061750e+00
-2.065000000000000000e+03 4.855532819209332551e+00
-2.064000000000000000e+03 4.868114861618698441e+00
-2.063000000000000000e+03 4.874175234492722275e+00
-2.062000000000000000e+03 4.875265512528296874e+00
-2.061000000000000000e+03 4.871138346223844451e+00
-2.060000000000000000e+03 4.863641215393984751e+00
-2.059000000000000000e+03 4.848181312695078127e+00
-2.058000000000000000e+03 4.828505168022596550e+00
-2.057000000000000000e+03 4.805561767798303130e+00
-2.056000000000000000e+03 4.783944067176042481e+00
-2.055000000000000000e+03 4.758049908279391893e+00
-2.054000000000000000e+03 4.734603563817850969e+00
-2.053000000000000000e+03 4.710525578263944801e+00
-2.052000000000000000e+03 4.692306699751989996e+00
-2.051000000000000000e+03 4.675294488899142564e+00
-2.050000000000000000e+03 4.664543880467791226e+00
-2.049000000000000000e+03 4.657095686128125855e+00
-2.048000000000000000e+03 4.655972065062117693e+00
-2.047000000000000000e+03 4.654847340726123939e+00
-2.046000000000000000e+03 4.656358199990491720e+00
-2.045000000000000000e+03 4.661238847234974614e+00
-2.044000000000000000e+03 4.665014873196677847e+00
-2.043000000000000000e+03 4.666386517257549826e+00
-2.042000000000000000e+03 4.669617043026391023e+00
-2.041000000000000000e+03 4.669276920240625017e+00
-2.040000000000000000e+03 4.666202668454327629e+00
-2.039000000000000000e+03 4.663701857394528361e+00
-2.038000000000000000e+03 4.661617897044355807e+00
-2.037000000000000000e+03 4.662004686169585632e+00
-2.036000000000000000e+03 4.665435836440465778e+00
-2.035000000000000000e+03 4.669093279624801696e+00
-2.034000000000000000e+03 4.684128411096186717e+00
-2.033000000000000000e+03 4.700956036409368544e+00
-2.032000000000000000e+03 4.721442597620842285e+00
-2.031000000000000000e+03 4.749448519586848327e+00
-2.030000000000000000e+03 4.778717906775420410e+00
-2.029000000000000000e+03 4.811245798538706708e+00
-2.028000000000000000e+03 4.844041033676688812e+00
-2.027000000000000000e+03 4.873321168234498124e+00
-2.026000000000000000e+03 4.900712235253748439e+00
-2.025000000000000000e+03 4.923322912254474382e+00
-2.024000000000000000e+03 4.935742720154243202e+00
-2.023000000000000000e+03 4.941589067646792621e+00
-2.022000000000000000e+03 4.937351068091174966e+00
-2.021000000000000000e+03 4.925410219870386186e+00
-2.020000000000000000e+03 4.906979840228638423e+00
-2.019000000000000000e+03 4.880980483823874394e+00
-2.018000000000000000e+03 4.850278443587608734e+00
-2.017000000000000000e+03 4.815331934774316203e+00
-2.016000000000000000e+03 4.780327218121506405e+00
-2.015000000000000000e+03 4.746034953380117827e+00
-2.014000000000000000e+03 4.714182526990019717e+00
-2.013000000000000000e+03 4.686893554499135917e+00
-2.012000000000000000e+03 4.666691420198173290e+00
-2.011000000000000000e+03 4.652848120780376462e+00
-2.010000000000000000e+03 4.645189344324660574e+00
-2.009000000000000000e+03 4.640245454818914261e+00
-2.008000000000000000e+03 4.643188672850421916e+00
-2.007000000000000000e+03 4.647656402292913214e+00
-2.006000000000000000e+03 4.655573369662003635e+00
-2.005000000000000000e+03 4.656222010673174871e+00
-2.004000000000000000e+03 4.658231813672361277e+00
-2.003000000000000000e+03 4.655172524332353845e+00
-2.002000000000000000e+03 4.652001949833115546e+00
-2.001000000000000000e+03 4.647466364008473683e+00
-2.000000000000000000e+03 4.635109731681986922e+00
-1.999000000000000000e+03 4.628048463815929381e+00
-1.998000000000000000e+03 4.624191531068992944e+00
-1.997000000000000000e+03 4.621480902399319746e+00
-1.996000000000000000e+03 4.622499641135919823e+00
-1.995000000000000000e+03 4.632927393788385473e+00
-1.994000000000000000e+03 4.647594636680031144e+00
-1.993000000000000000e+03 4.672347756746765945e+00
-1.992000000000000000e+03 4.700364132832629771e+00
-1.991000000000000000e+03 4.731459442632026224e+00
-1.990000000000000000e+03 4.765314054431614821e+00
-1.989000000000000000e+03 4.796102215552727976e+00
-1.988000000000000000e+03 4.825260229930038669e+00
-1.987000000000000000e+03 4.853162564954966562e+00
-1.986000000000000000e+03 4.872388915373051965e+00
-1.985000000000000000e+03 4.884655865733989799e+00
-1.984000000000000000e+03 4.892022560058112646e+00
-1.983000000000000000e+03 4.891017691242958598e+00
-1.982000000000000000e+03 4.887613178545008985e+00
-1.981000000000000000e+03 4.882737523672478375e+00
-1.980000000000000000e+03 4.871394631317923718e+00
-1.979000000000000000e+03 4.859561257113302446e+00
-1.978000000000000000e+03 4.847748152649296927e+00
-1.977000000000000000e+03 4.839076316698806224e+00
-1.976000000000000000e+03 4.831263963479442758e+00
-1.975000000000000000e+03 4.830448095780718987e+00
-1.974000000000000000e+03 4.827064233875176136e+00
-1.973000000000000000e+03 4.826079115063361513e+00
-1.972000000000000000e+03 4.827041106649089031e+00
-1.971000000000000000e+03 4.826420021941084215e+00
-1.970000000000000000e+03 4.822505709659520079e+00
-1.969000000000000000e+03 4.813114695660089204e+00
-1.968000000000000000e+03 4.798007523925890361e+00
-1.967000000000000000e+03 4.778129282596159655e+00
-1.966000000000000000e+03 4.748372735609939888e+00
-1.965000000000000000e+03 4.714679772445351524e+00
-1.964000000000000000e+03 4.675455493730932943e+00
-1.963000000000000000e+03 4.632696284146016197e+00
-1.962000000000000000e+03 4.589211634984255106e+00
-1.961000000000000000e+03 4.550777294070955215e+00
-1.960000000000000000e+03 4.520358655596253605e+00
-1.959000000000000000e+03 4.495552043439037249e+00
-1.958000000000000000e+03 4.485798402711793642e+00
-1.957000000000000000e+03 4.491988726687918820e+00
-1.956000000000000000e+03 4.511265239181488695e+00
-1.955000000000000000e+03 4.543943063173505159e+00
-1.954000000000000000e+03 4.586377207046450799e+00
-1.953000000000000000e+03 4.635041403483933564e+00
-1.952000000000000000e+03 4.684217896169995399e+00
-1.951000000000000000e+03 4.736370878774389226e+00
-1.950000000000000000e+03 4.783942981979339315e+00
-1.949000000000000000e+03 4.824771611031130725e+00
-1.948000000000000000e+03 4.855014304310929063e+00
-1.947000000000000000e+03 4.878986289484209316e+00
-1.946000000000000000e+03 4.889265264887113993e+00
-1.945000000000000000e+03 4.893931198957440998e+00
-1.944000000000000000e+03 4.884090516251352376e+00
-1.943000000000000000e+03 4.872290649489481318e+00
-1.942000000000000000e+03 4.852712797029450797e+00
-1.941000000000000000e+03 4.831328222387645255e+00
-1.940000000000000000e+03 4.810787096120969331e+00
-1.939000000000000000e+03 4.789037536072219048e+00
-1.938000000000000000e+03 4.772561238438194131e+00
-1.937000000000000000e+03 4.760209140294897168e+00
-1.936000000000000000e+03 4.757159232250300462e+00
-1.935000000000000000e+03 4.757293170500578761e+00
-1.934000000000000000e+03 4.764057142387579269e+00
-1.933000000000000000e+03 4.776913463630469536e+00
-1.932000000000000000e+03 4.790275094209644813e+00
-1.931000000000000000e+03 4.805041952556673657e+00
-1.930000000000000000e+03 4.822404540231957526e+00
-1.929000000000000000e+03 4.831822507602304029e+00
-1.928000000000000000e+03 4.839376607278535580e+00
-1.927000000000000000e+03 4.837259911585977790e+00
-1.926000000000000000e+03 4.826691635055736285e+00
-1.925000000000000000e+03 4.812758321482293766e+00
-1.924000000000000000e+03 4.789377555598125724e+00
-1.923000000000000000e+03 4.761748560425295373e+00
-1.922000000000000000e+03 4.728838360408461838e+00
-1.921000000000000000e+03 4.693356177711593524e+00
-1.920000000000000000e+03 4.658696263487445144e+00
-1.919000000000000000e+03 4.629829563865674125e+00
-1.918000000000000000e+03 4.602856963181519490e+00
-1.917000000000000000e+03 4.585973776211433872e+00
-1.916000000000000000e+03 4.575073971826721042e+00
-1.915000000000000000e+03 4.578856504711411368e+00
-1.914000000000000000e+03 4.586224900221854917e+00
-1.913000000000000000e+03 4.604266236907725407e+00
-1.912000000000000000e+03 4.629489923593191669e+00
-1.911000000000000000e+03 4.655846373996010534e+00
-1.910000000000000000e+03 4.687921525475467810e+00
-1.909000000000000000e+03 4.717196817682917320e+00
-1.908000000000000000e+03 4.747869354462653568e+00
-1.907000000000000000e+03 4.773750315688978674e+00
-1.906000000000000000e+03 4.795412878922903133e+00
-1.905000000000000000e+03 4.814407642755060834e+00
-1.904000000000000000e+03 4.826500738193214346e+00
-1.903000000000000000e+03 4.836683364223799408e+00
-1.902000000000000000e+03 4.840556019053714465e+00
-1.901000000000000000e+03 4.842740916319517197e+00
-1.900000000000000000e+03 4.841282494744134191e+00
-1.899000000000000000e+03 4.839895016225004731e+00
-1.898000000000000000e+03 4.832586775477142993e+00
-1.897000000000000000e+03 4.827231792275969546e+00
-1.896000000000000000e+03 4.818738005060874130e+00
-1.895000000000000000e+03 4.808167886564123528e+00
-1.894000000000000000e+03 4.802011010037926297e+00
-1.893000000000000000e+03 4.787146254494276221e+00
-1.892000000000000000e+03 4.776882859212684629e+00
-1.891000000000000000e+03 4.762518284297238225e+00
-1.890000000000000000e+03 4.744420621141180128e+00
-1.889000000000000000e+03 4.729224122589361201e+00
-1.888000000000000000e+03 4.709241551373772872e+00
-1.887000000000000000e+03 4.694204860335220886e+00
-1.886000000000000000e+03 4.678609654287175346e+00
-1.885000000000000000e+03 4.671097141100101879e+00
-1.884000000000000000e+03 4.663183828680893761e+00
-1.883000000000000000e+03 4.661074381080429596e+00
-1.882000000000000000e+03 4.664272265745998958e+00
-1.881000000000000000e+03 4.677037708970697594e+00
-1.880000000000000000e+03 4.690300767166067253e+00
-1.879000000000000000e+03 4.705741696290324683e+00
-1.878000000000000000e+03 4.725815183744923154e+00
-1.877000000000000000e+03 4.742834392975606050e+00
-1.876000000000000000e+03 4.754920287756846164e+00
-1.875000000000000000e+03 4.768352286603765755e+00
-1.874000000000000000e+03 4.770657009554389205e+00
-1.873000000000000000e+03 4.770385012632972099e+00
-1.872000000000000000e+03 4.760101778513160298e+00
-1.871000000000000000e+03 4.749132938187035080e+00
-1.870000000000000000e+03 4.727792962669567167e+00
-1.869000000000000000e+03 4.711580112264723397e+00
-1.868000000000000000e+03 4.691318335989996591e+00
-1.867000000000000000e+03 4.675215992243618501e+00
-1.866000000000000000e+03 4.667284071405897627e+00
-1.865000000000000000e+03 4.668238288223446553e+00
-1.864000000000000000e+03 4.676600604999777033e+00
-1.863000000000000000e+03 4.695098531890721461e+00
-1.862000000000000000e+03 4.722500062686035172e+00
-1.861000000000000000e+03 4.759264495742252521e+00
-1.860000000000000000e+03 4.798096337980725323e+00
-1.859000000000000000e+03 4.841530245939210886e+00
-1.858000000000000000e+03 4.885409863757296911e+00
-1.857000000000000000e+03 4.923807803140135775e+00
-1.856000000000000000e+03 4.950961007247203227e+00
-1.855000000000000000e+03 4.970397930957330956e+00
-1.854000000000000000e+03 4.976774917717411206e+00
-1.853000000000000000e+03 4.965738861247775304e+00
-1.852000000000000000e+03 4.944215895049480558e+00
-1.851000000000000000e+03 4.906389624217562861e+00
-1.850000000000000000e+03 4.859041735298198716e+00
-1.849000000000000000e+03 4.801308280459045008e+00
-1.848000000000000000e+03 4.735973321926982393e+00
-1.847000000000000000e+03 4.670451893176775116e+00
-1.846000000000000000e+03 4.609465067597323440e+00
-1.845000000000000000e+03 4.558370253026325258e+00
-1.844000000000000000e+03 4.517146686583989101e+00
-1.843000000000000000e+03 4.492807381799575950e+00
-1.842000000000000000e+03 4.488678153370337931e+00
-1.841000000000000000e+03 4.502428840709050029e+00
-1.840000000000000000e+03 4.530845576746406422e+00
-1.839000000000000000e+03 4.570604874056808598e+00
-1.838000000000000000e+03 4.618205525258610500e+00
-1.837000000000000000e+03 4.669851033068142421e+00
-1.836000000000000000e+03 4.719465859061107160e+00
-1.835000000000000000e+03 4.761009505499502303e+00
-1.834000000000000000e+03 4.793196021191839407e+00
-1.833000000000000000e+03 4.816494314722807424e+00
-1.832000000000000000e+03 4.824491712876653793e+00
-1.831000000000000000e+03 4.824862803139526868e+00
-1.830000000000000000e+03 4.812498266789508428e+00
-1.829000000000000000e+03 4.794093696973887653e+00
-1.828000000000000000e+03 4.769214720049641087e+00
-1.827000000000000000e+03 4.740414314212594071e+00
-1.826000000000000000e+03 4.715539679074715274e+00
-1.825000000000000000e+03 4.693872596469900849e+00
-1.824000000000000000e+03 4.682013087558470232e+00
-1.823000000000000000e+03 4.677106379019971172e+00
-1.822000000000000000e+03 4.686272471225509051e+00
-1.821000000000000000e+03 4.702484256106132854e+00
-1.820000000000000000e+03 4.729194453993255998e+00
-1.819000000000000000e+03 4.759472026209377482e+00
-1.818000000000000000e+03 4.795795953491157171e+00
-1.817000000000000000e+03 4.836439524853653360e+00
-1.816000000000000000e+03 4.871204556448431866e+00
-1.815000000000000000e+03 4.904806633813567629e+00
-1.814000000000000000e+03 4.931075330978981874e+00
-1.813000000000000000e+03 4.949400177253828303e+00
-1.812000000000000000e+03 4.958370559890631135e+00
-1.811000000000000000e+03 4.956730062165590311e+00
-1.810000000000000000e+03 4.945221980909017212e+00
-1.809000000000000000e+03 4.924419240935218767e+00
-1.808000000000000000e+03 4.896374639007760265e+00
-1.807000000000000000e+03 4.863334178083444925e+00
-1.806000000000000000e+03 4.823389657198006830e+00
-1.805000000000000000e+03 4.782044879204028653e+00
-1.804000000000000000e+03 4.737953510210642705e+00
-1.803000000000000000e+03 4.694433843481577107e+00
-1.802000000000000000e+03 4.654556412271666943e+00
-1.801000000000000000e+03 4.620755107544757045e+00
-1.800000000000000000e+03 4.595139510401326177e+00
-1.799000000000000000e+03 4.575084669466431997e+00
-1.798000000000000000e+03 4.561174498185844861e+00
-1.797000000000000000e+03 4.556800876715394466e+00
-1.796000000000000000e+03 4.558295205131313921e+00
-1.795000000000000000e+03 4.563206559601445278e+00
-1.794000000000000000e+03 4.572714792792584859e+00
-1.793000000000000000e+03 4.587315004933750551e+00
-1.792000000000000000e+03 4.605618785474452359e+00
-1.791000000000000000e+03 4.624209467746802638e+00
-1.790000000000000000e+03 4.644699673904071346e+00
-1.789000000000000000e+03 4.666744258764134123e+00
-1.788000000000000000e+03 4.689982788364093658e+00
-1.787000000000000000e+03 4.711789100969901334e+00
-1.786000000000000000e+03 4.733950371764541032e+00
-1.785000000000000000e+03 4.756966072031457493e+00
-1.784000000000000000e+03 4.776656340988849614e+00
-1.783000000000000000e+03 4.793335090725520331e+00
-1.782000000000000000e+03 4.810618164884308712e+00
-1.781000000000000000e+03 4.820788853476598135e+00
-1.780000000000000000e+03 4.832729233171231265e+00
-1.779000000000000000e+03 4.836754995892201592e+00
-1.778000000000000000e+03 4.837222613918629399e+00
-1.777000000000000000e+03 4.835345402711181073e+00
-1.776000000000000000e+03 4.829556790995200188e+00
-1.775000000000000000e+03 4.821695664775901946e+00
-1.774000000000000000e+03 4.811673234678828237e+00
-1.773000000000000000e+03 4.802345382399219709e+00
-1.772000000000000000e+03 4.793955740796841170e+00
-1.771000000000000000e+03 4.789268336963816708e+00
-1.770000000000000000e+03 4.787705730294717910e+00
-1.769000000000000000e+03 4.790003327564540392e+00
-1.768000000000000000e+03 4.792873046681211946e+00
-1.767000000000000000e+03 4.805225364407583299e+00
-1.766000000000000000e+03 4.818244998328171214e+00
-1.765000000000000000e+03 4.831268081205785769e+00
-1.764000000000000000e+03 4.847608834599636651e+00
-1.763000000000000000e+03 4.858344833790234851e+00
-1.762000000000000000e+03 4.864173687441197380e+00
-1.761000000000000000e+03 4.863205856744699851e+00
-1.760000000000000000e+03 4.856862105724213841e+00
-1.759000000000000000e+03 4.837231212194773811e+00
-1.758000000000000000e+03 4.808254428241085066e+00
-1.757000000000000000e+03 4.771412553499279952e+00
-1.756000000000000000e+03 4.725804811398143457e+00
-1.755000000000000000e+03 4.678126528473887547e+00
-1.754000000000000000e+03 4.625163327767294774e+00
-1.753000000000000000e+03 4.578637854511626415e+00
-1.752000000000000000e+03 4.538563325954967809e+00
-1.751000000000000000e+03 4.509730178443437154e+00
-1.750000000000000000e+03 4.491905994229522747e+00
-1.749000000000000000e+03 4.494927994388220327e+00
-1.748000000000000000e+03 4.511538374280023689e+00
-1.747000000000000000e+03 4.546373458048665661e+00
-1.746000000000000000e+03 4.593815825513856588e+00
-1.745000000000000000e+03 4.646883594571965759e+00
-1.744000000000000000e+03 4.704060496721874429e+00
-1.743000000000000000e+03 4.761968333195739866e+00
-1.742000000000000000e+03 4.811435311410045657e+00
-1.741000000000000000e+03 4.855563005994667947e+00
-1.740000000000000000e+03 4.885533408875756045e+00
-1.739000000000000000e+03 4.903674018018032932e+00
-1.738000000000000000e+03 4.907409936827855645e+00
-1.737000000000000000e+03 4.897073279362094134e+00
-1.736000000000000000e+03 4.877044560429900422e+00
-1.735000000000000000e+03 4.848963829875042819e+00
-1.734000000000000000e+03 4.812341705873341979e+00
-1.733000000000000000e+03 4.778180084196789856e+00
-1.732000000000000000e+03 4.741873616068038366e+00
-1.731000000000000000e+03 4.712966664753286850e+00
-1.730000000000000000e+03 4.694347866616075393e+00
-1.729000000000000000e+03 4.686595376753833975e+00
-1.728000000000000000e+03 4.689906343131399424e+00
-1.727000000000000000e+03 4.700094931669706710e+00
-1.726000000000000000e+03 4.718659607820063329e+00
-1.725000000000000000e+03 4.748222913550725011e+00
-1.724000000000000000e+03 4.778897680396834602e+00
-1.723000000000000000e+03 4.810962936462502171e+00
-1.722000000000000000e+03 4.838360753880933451e+00
-1.721000000000000000e+03 4.860363766258817719e+00
-1.720000000000000000e+03 4.872005130181205068e+00
-1.719000000000000000e+03 4.873041628860264929e+00
-1.718000000000000000e+03 4.862519857636270260e+00
-1.717000000000000000e+03 4.841983241680396510e+00
-1.716000000000000000e+03 4.812531036200377699e+00
-1.715000000000000000e+03 4.774660951979419643e+00
-1.714000000000000000e+03 4.730855869421604964e+00
-1.713000000000000000e+03 4.687577464920565262e+00
-1.712000000000000000e+03 4.643355270442778959e+00
-1.711000000000000000e+03 4.609282695261245344e+00
-1.710000000000000000e+03 4.582616679994258924e+00
-1.709000000000000000e+03 4.567405605962452597e+00
-1.708000000000000000e+03 4.566734400510971348e+00
-1.707000000000000000e+03 4.574236620200094805e+00
-1.706000000000000000e+03 4.593440840272544179e+00
-1.705000000000000000e+03 4.620667686504200233e+00
-1.704000000000000000e+03 4.655518032552130592e+00
-1.703000000000000000e+03 4.690715249878111948e+00
-1.702000000000000000e+03 4.730251634347512280e+00
-1.701000000000000000e+03 4.764014591479913463e+00
-1.700000000000000000e+03 4.792734098102314100e+00
-1.699000000000000000e+03 4.820285008880662581e+00
-1.698000000000000000e+03 4.836951398772563415e+00
-1.697000000000000000e+03 4.852101694713995883e+00
-1.696000000000000000e+03 4.858312309519706496e+00
-1.695000000000000000e+03 4.859719557796087663e+00
-1.694000000000000000e+03 4.858525891351286319e+00
-1.693000000000000000e+03 4.852310261661955337e+00
-1.692000000000000000e+03 4.847206410580163549e+00
-1.691000000000000000e+03 4.838524836848427491e+00
-1.690000000000000000e+03 4.830050547529825877e+00
-1.689000000000000000e+03 4.821834089631722442e+00
-1.688000000000000000e+03 4.814907733538247747e+00
-1.687000000000000000e+03 4.805856227523738866e+00
-1.686000000000000000e+03 4.798204601923856671e+00
-1.685000000000000000e+03 4.788806864690504206e+00
-1.684000000000000000e+03 4.778695913858602928e+00
-1.683000000000000000e+03 4.765702390362974050e+00
-1.682000000000000000e+03 4.750238924106767513e+00
-1.681000000000000000e+03 4.733627314698598099e+00
-1.680000000000000000e+03 4.715985527106047570e+00
-1.679000000000000000e+03 4.696144453976902611e+00
-1.678000000000000000e+03 4.677526012400250011e+00
-1.677000000000000000e+03 4.656514153560791236e+00
-1.676000000000000000e+03 4.640745795908855165e+00
-1.675000000000000000e+03 4.629635583809679211e+00
-1.674000000000000000e+03 4.621185396814204260e+00
-1.673000000000000000e+03 4.618170707914892148e+00
-1.672000000000000000e+03 4.622132267445978826e+00
-1.671000000000000000e+03 4.635406187633835273e+00
-1.670000000000000000e+03 4.649433861025093151e+00
-1.669000000000000000e+03 4.666915817716682291e+00
-1.668000000000000000e+03 4.685027789358525041e+00
-1.667000000000000000e+03 4.704981005052006005e+00
-1.666000000000000000e+03 4.725749216277089104e+00
-1.665000000000000000e+03 4.743176992363437705e+00
-1.664000000000000000e+03 4.753760216574891118e+00
-1.663000000000000000e+03 4.763697521910609467e+00
-1.662000000000000000e+03 4.768155285989367442e+00
-1.661000000000000000e+03 4.768534836957587508e+00
-1.660000000000000000e+03 4.765990538900506834e+00
-1.659000000000000000e+03 4.763065340265056236e+00
-1.658000000000000000e+03 4.761036690763536861e+00
-1.657000000000000000e+03 4.757109648295781312e+00
-1.656000000000000000e+03 4.760089135743695188e+00
-1.655000000000000000e+03 4.768167671692875587e+00
-1.654000000000000000e+03 4.776731226491875759e+00
-1.653000000000000000e+03 4.791885017892208332e+00
-1.652000000000000000e+03 4.809957224880714755e+00
-1.651000000000000000e+03 4.830449623448078711e+00
-1.650000000000000000e+03 4.855116275418936311e+00
-1.649000000000000000e+03 4.878204219776372419e+00
-1.648000000000000000e+03 4.896863718361635698e+00
-1.647000000000000000e+03 4.910845652687858554e+00
-1.646000000000000000e+03 4.919609017954902797e+00
-1.645000000000000000e+03 4.920024273589903352e+00
-1.644000000000000000e+03 4.911332351296340271e+00
-1.643000000000000000e+03 4.893447348544799347e+00
-1.642000000000000000e+03 4.865951904723154975e+00
-1.641000000000000000e+03 4.831729693709006845e+00
-1.640000000000000000e+03 4.791328276306228595e+00
-1.639000000000000000e+03 4.747748399276804143e+00
-1.638000000000000000e+03 4.702033857844298836e+00
-1.637000000000000000e+03 4.661819602182152522e+00
-1.636000000000000000e+03 4.626567240327554842e+00
-1.635000000000000000e+03 4.596716300971984914e+00
-1.634000000000000000e+03 4.577017698334442386e+00
-1.633000000000000000e+03 4.570414398675996637e+00
-1.632000000000000000e+03 4.572801046512211087e+00
-1.631000000000000000e+03 4.585467125464898430e+00
-1.630000000000000000e+03 4.602619323524090866e+00
-1.629000000000000000e+03 4.625029037688387135e+00
-1.628000000000000000e+03 4.649539670506022127e+00
-1.627000000000000000e+03 4.666546534238281474e+00
-1.626000000000000000e+03 4.683646283659676612e+00
-1.625000000000000000e+03 4.693342385888732871e+00
-1.624000000000000000e+03 4.697318624437263779e+00
-1.623000000000000000e+03 4.694108595869387557e+00
-1.622000000000000000e+03 4.688116829090860804e+00
-1.621000000000000000e+03 4.679098845855843791e+00
-1.620000000000000000e+03 4.669973628415533540e+00
-1.619000000000000000e+03 4.667119717001694923e+00
-1.618000000000000000e+03 4.665892448218896149e+00
-1.617000000000000000e+03 4.673546853983340910e+00
-1.616000000000000000e+03 4.691562291067145729e+00
-1.615000000000000000e+03 4.715393480587612096e+00
-1.614000000000000000e+03 4.748618476574574032e+00
-1.613000000000000000e+03 4.789740417766270575e+00
-1.612000000000000000e+03 4.832073718372325466e+00
-1.611000000000000000e+03 4.873211613924633312e+00
-1.610000000000000000e+03 4.914816453713906519e+00
-1.609000000000000000e+03 4.946718315469043503e+00
-1.608000000000000000e+03 4.972881512214998523e+00
-1.607000000000000000e+03 4.987015411009574350e+00
-1.606000000000000000e+03 4.992374819929507268e+00
-1.605000000000000000e+03 4.988926098385289443e+00
-1.604000000000000000e+03 4.968817107606136041e+00
-1.603000000000000000e+03 4.941954568285481741e+00
-1.602000000000000000e+03 4.906991872232565832e+00
-1.601000000000000000e+03 4.864371260157585475e+00
-1.600000000000000000e+03 4.817501050740702340e+00
-1.599000000000000000e+03 4.774221663318717113e+00
-1.598000000000000000e+03 4.734568874099213787e+00
-1.597000000000000000e+03 4.700102906246542922e+00
-1.596000000000000000e+03 4.672012776295956016e+00
-1.595000000000000000e+03 4.654530491642209888e+00
-1.594000000000000000e+03 4.642447251123909879e+00
-1.593000000000000000e+03 4.641572496049037433e+00
-1.592000000000000000e+03 4.645117768093094845e+00
-1.591000000000000000e+03 4.655670608664988386e+00
-1.590000000000000000e+03 4.666161294754920696e+00
-1.589000000000000000e+03 4.672239368999766995e+00
-1.588000000000000000e+03 4.676226700814008375e+00
-1.587000000000000000e+03 4.676525483779257364e+00
-1.586000000000000000e+03 4.671969124335566548e+00
-1.585000000000000000e+03 4.658568336471121896e+00
-1.584000000000000000e+03 4.645852475669777881e+00
-1.583000000000000000e+03 4.628979744944635932e+00
-1.582000000000000000e+03 4.614563531724280132e+00
-1.581000000000000000e+03 4.602818164178237303e+00
-1.580000000000000000e+03 4.597819513052875173e+00
-1.579000000000000000e+03 4.597599576897653861e+00
-1.578000000000000000e+03 4.610300876182988894e+00
-1.577000000000000000e+03 4.635358018585272966e+00
-1.576000000000000000e+03 4.664413841204924083e+00
-1.575000000000000000e+03 4.702933536805045556e+00
-1.574000000000000000e+03 4.743785185966603812e+00
-1.573000000000000000e+03 4.787166018251188149e+00
-1.572000000000000000e+03 4.827902252128048133e+00
-1.571000000000000000e+03 4.868413140655675875e+00
-1.570000000000000000e+03 4.899646469932140924e+00
-1.569000000000000000e+03 4.923699922289092257e+00
-1.568000000000000000e+03 4.940354936504141925e+00
-1.567000000000000000e+03 4.944304282570220366e+00
-1.566000000000000000e+03 4.937183725930870182e+00
-1.565000000000000000e+03 4.920915440816835407e+00
-1.564000000000000000e+03 4.899880913198705557e+00
-1.563000000000000000e+03 4.872349435218661817e+00
-1.562000000000000000e+03 4.839227519192823124e+00
-1.561000000000000000e+03 4.805772336454187332e+00
-1.560000000000000000e+03 4.776026615493303318e+00
-1.559000000000000000e+03 4.745032556020238879e+00
-1.558000000000000000e+03 4.723643241969414319e+00
-1.557000000000000000e+03 4.707114870128711104e+00
-1.556000000000000000e+03 4.697955667174531946e+00
-1.555000000000000000e+03 4.695217330588991267e+00
-1.554000000000000000e+03 4.701016541354080758e+00
-1.553000000000000000e+03 4.711284325858524191e+00
-1.552000000000000000e+03 4.724290578742370350e+00
-1.551000000000000000e+03 4.733130233784385688e+00
-1.550000000000000000e+03 4.744331319392551372e+00
-1.549000000000000000e+03 4.749984727109296756e+00
-1.548000000000000000e+03 4.750466091535041180e+00
-1.547000000000000000e+03 4.745087337390830662e+00
-1.546000000000000000e+03 4.733396201800228020e+00
-1.545000000000000000e+03 4.719662981657190670e+00
-1.544000000000000000e+03 4.700108909912907862e+00
-1.543000000000000000e+03 4.678044923578668524e+00
-1.542000000000000000e+03 4.659180126837835445e+00
-1.541000000000000000e+03 4.639631070186499784e+00
-1.540000000000000000e+03 4.625694678651790959e+00
-1.539000000000000000e+03 4.620933028072000681e+00
-1.538000000000000000e+03 4.622221954406195543e+00
-1.537000000000000000e+03 4.630978592023017981e+00
-1.536000000000000000e+03 4.646696914579245608e+00
-1.535000000000000000e+03 4.672597349079790519e+00
-1.534000000000000000e+03 4.703623973431387384e+00
-1.533000000000000000e+03 4.733433982404508633e+00
-1.532000000000000000e+03 4.764115174342152592e+00
-1.531000000000000000e+03 4.794247744261810773e+00
-1.530000000000000000e+03 4.822309731208724415e+00
-1.529000000000000000e+03 4.842483076842874823e+00
-1.528000000000000000e+03 4.857590120008852708e+00
-1.527000000000000000e+03 4.869315898524335218e+00
-1.526000000000000000e+03 4.876053949690651201e+00
-1.525000000000000000e+03 4.876381371268978526e+00
-1.524000000000000000e+03 4.872604511884812695e+00
-1.523000000000000000e+03 4.863761917869170226e+00
-1.522000000000000000e+03 4.855157636025467127e+00
-1.521000000000000000e+03 4.845875339630964618e+00
-1.520000000000000000e+03 4.837012363714020324e+00
-1.519000000000000000e+03 4.826783258331979631e+00
-1.518000000000000000e+03 4.817348131897601249e+00
-1.517000000000000000e+03 4.807358903682734663e+00
-1.516000000000000000e+03 4.795189173338351374e+00
-1.515000000000000000e+03 4.781511969739459467e+00
-1.514000000000000000e+03 4.766388105924089125e+00
-1.513000000000000000e+03 4.745803654508644165e+00
-1.512000000000000000e+03 4.723983362068566727e+00
-1.511000000000000000e+03 4.697003058396190589e+00
-1.510000000000000000e+03 4.669281995014186393e+00
-1.509000000000000000e+03 4.636082215370472603e+00
-1.508000000000000000e+03 4.605914469951589929e+00
-1.507000000000000000e+03 4.576667319740069573e+00
-1.506000000000000000e+03 4.552996470072593560e+00
-1.505000000000000000e+03 4.538359319679142523e+00
-1.504000000000000000e+03 4.532379242875089531e+00
-1.503000000000000000e+03 4.539718778546418143e+00
-1.502000000000000000e+03 4.561311039562290226e+00
-1.501000000000000000e+03 4.591002787106052807e+00
-1.500000000000000000e+03 4.630838893787617039e+00
-1.499000000000000000e+03 4.678627943121107968e+00
-1.498000000000000000e+03 4.729609220984120732e+00
-1.497000000000000000e+03 4.775790924537119508e+00
-1.496000000000000000e+03 4.821756150327155765e+00
-1.495000000000000000e+03 4.861897947655241303e+00
-1.494000000000000000e+03 4.891993467627844261e+00
-1.493000000000000000e+03 4.910211117361225064e+00
-1.492000000000000000e+03 4.918607448430390328e+00
-1.491000000000000000e+03 4.917518573927696757e+00
-1.490000000000000000e+03 4.905884055251497955e+00
-1.489000000000000000e+03 4.885391042802898376e+00
-1.488000000000000000e+03 4.860214245845184244e+00
-1.487000000000000000e+03 4.838728895884581327e+00
-1.486000000000000000e+03 4.813187091738768686e+00
-1.485000000000000000e+03 4.794545367172769801e+00
-1.484000000000000000e+03 4.781416289235824735e+00
-1.483000000000000000e+03 4.775351187462371527e+00
-1.482000000000000000e+03 4.773344952889760684e+00
-1.481000000000000000e+03 4.783419281528039413e+00
-1.480000000000000000e+03 4.795341001215178700e+00
-1.479000000000000000e+03 4.817005965434064230e+00
-1.478000000000000000e+03 4.836488999653434817e+00
-1.477000000000000000e+03 4.855396514311499878e+00
-1.476000000000000000e+03 4.866833970848484903e+00
-1.475000000000000000e+03 4.869952495071236953e+00
-1.474000000000000000e+03 4.864000858905628277e+00
-1.473000000000000000e+03 4.847025945204095798e+00
-1.472000000000000000e+03 4.813724832153003064e+00
-1.471000000000000000e+03 4.770750765306944530e+00
-1.470000000000000000e+03 4.717583156575697600e+00
-1.469000000000000000e+03 4.658936604474261500e+00
-1.468000000000000000e+03 4.595759541415775473e+00
-1.467000000000000000e+03 4.534553839868549652e+00
-1.466000000000000000e+03 4.482040380745412556e+00
-1.465000000000000000e+03 4.444504743460235829e+00
-1.464000000000000000e+03 4.422329869117079149e+00
-1.463000000000000000e+03 4.421413410469790861e+00
-1.462000000000000000e+03 4.440974931653010493e+00
-1.461000000000000000e+03 4.482005318715380326e+00
-1.460000000000000000e+03 4.532897031294230494e+00
-1.459000000000000000e+03 4.595471982842425085e+00
-1.458000000000000000e+03 4.659859522402631349e+00
-1.457000000000000000e+03 4.726851680254134713e+00
-1.456000000000000000e+03 4.789603847176395313e+00
-1.455000000000000000e+03 4.842449517178277318e+00
-1.454000000000000000e+03 4.882585026295743980e+00
-1.453000000000000000e+03 4.913467012558866642e+00
-1.452000000000000000e+03 4.930451421949112678e+00
-1.451000000000000000e+03 4.933358318252295760e+00
-1.450000000000000000e+03 4.930584874838308096e+00
-1.449000000000000000e+03 4.914912890318302807e+00
-1.448000000000000000e+03 4.893573438497975658e+00
-1.447000000000000000e+03 4.871268353630522796e+00
-1.446000000000000000e+03 4.848090382615487748e+00
-1.445000000000000000e+03 4.828299481711476382e+00
-1.444000000000000000e+03 4.812102964364339819e+00
-1.443000000000000000e+03 4.803510083677573483e+00
-1.442000000000000000e+03 4.801549845695690877e+00
-1.441000000000000000e+03 4.802695912975671000e+00
-1.440000000000000000e+03 4.812646705435631667e+00
-1.439000000000000000e+03 4.825536738274542436e+00
-1.438000000000000000e+03 4.837740380809667506e+00
-1.437000000000000000e+03 4.851591388459548071e+00
-1.436000000000000000e+03 4.867874884848533590e+00
-1.435000000000000000e+03 4.876187548187313148e+00
-1.434000000000000000e+03 4.875876162800786950e+00
-1.433000000000000000e+03 4.870959665330949484e+00
-1.432000000000000000e+03 4.856410568104379877e+00
-1.431000000000000000e+03 4.833241760371997486e+00
-1.430000000000000000e+03 4.802137188958619518e+00
-1.429000000000000000e+03 4.762578663212832630e+00
-1.428000000000000000e+03 4.721979192346464238e+00
-1.427000000000000000e+03 4.674574751845820053e+00
-1.426000000000000000e+03 4.630608521449794956e+00
-1.425000000000000000e+03 4.589363272216194112e+00
-1.424000000000000000e+03 4.552415360283874612e+00
-1.423000000000000000e+03 4.521824655264126136e+00
-1.422000000000000000e+03 4.505685074804222978e+00
-1.421000000000000000e+03 4.494533011874765727e+00
-1.420000000000000000e+03 4.495423312327923249e+00
-1.419000000000000000e+03 4.507006803067427292e+00
-1.418000000000000000e+03 4.525274755469546051e+00
-1.417000000000000000e+03 4.551634358820598969e+00
-1.416000000000000000e+03 4.584589065443136491e+00
-1.415000000000000000e+03 4.616417844868383469e+00
-1.414000000000000000e+03 4.647884516392211118e+00
-1.413000000000000000e+03 4.685556833196280913e+00
-1.412000000000000000e+03 4.719498626382031325e+00
-1.411000000000000000e+03 4.750903068740591983e+00
-1.410000000000000000e+03 4.783796935762651081e+00
-1.409000000000000000e+03 4.818652512344756111e+00
-1.408000000000000000e+03 4.847348349985292515e+00
-1.407000000000000000e+03 4.873829400834928549e+00
-1.406000000000000000e+03 4.902858496796400622e+00
-1.405000000000000000e+03 4.925524355751853101e+00
-1.404000000000000000e+03 4.946925739917883647e+00
-1.403000000000000000e+03 4.962517865635486025e+00
-1.402000000000000000e+03 4.973116621740402366e+00
-1.401000000000000000e+03 4.977079457148551711e+00
-1.400000000000000000e+03 4.975695754695518502e+00
-1.399000000000000000e+03 4.963941558163041279e+00
-1.398000000000000000e+03 4.947540198394001720e+00
-1.397000000000000000e+03 4.920554505419043601e+00
-1.396000000000000000e+03 4.886406894785638499e+00
-1.395000000000000000e+03 4.847202270325238871e+00
-1.394000000000000000e+03 4.803512261230765468e+00
-1.393000000000000000e+03 4.758078985549989426e+00
-1.392000000000000000e+03 4.711943690798028328e+00
-1.391000000000000000e+03 4.668865822741568472e+00
-1.390000000000000000e+03 4.633439790470893271e+00
-1.389000000000000000e+03 4.609990668298941330e+00
-1.388000000000000000e+03 4.594291348722970625e+00
-1.387000000000000000e+03 4.590869062907429132e+00
-1.386000000000000000e+03 4.600292710008943686e+00
-1.385000000000000000e+03 4.620069524945340511e+00
-1.384000000000000000e+03 4.642187612559977694e+00
-1.383000000000000000e+03 4.672052424368954071e+00
-1.382000000000000000e+03 4.698744959999689108e+00
-1.381000000000000000e+03 4.722529619566860681e+00
-1.380000000000000000e+03 4.738345791271007634e+00
-1.379000000000000000e+03 4.744998367422907926e+00
-1.378000000000000000e+03 4.747275486022372704e+00
-1.377000000000000000e+03 4.737866007799769186e+00
-1.376000000000000000e+03 4.720351184113480869e+00
-1.375000000000000000e+03 4.698241969556926634e+00
-1.374000000000000000e+03 4.671539930175286237e+00
-1.373000000000000000e+03 4.650941129507253358e+00
-1.372000000000000000e+03 4.631401034150679052e+00
-1.371000000000000000e+03 4.626384871527472242e+00
-1.370000000000000000e+03 4.629467525470953859e+00
-1.369000000000000000e+03 4.644020720834232563e+00
-1.368000000000000000e+03 4.671007887546587689e+00
-1.367000000000000000e+03 4.705579605495511686e+00
-1.366000000000000000e+03 4.751275583200199826e+00
-1.365000000000000000e+03 4.801205255120852833e+00
-1.364000000000000000e+03 4.853325815505004748e+00
-1.363000000000000000e+03 4.906219875890074356e+00
-1.362000000000000000e+03 4.947177626937588002e+00
-1.361000000000000000e+03 4.979095750979836588e+00
-1.360000000000000000e+03 5.000100085445199127e+00
-1.359000000000000000e+03 5.003278885175139301e+00
-1.358000000000000000e+03 4.994677426433107748e+00
-1.357000000000000000e+03 4.967536359746827834e+00
-1.356000000000000000e+03 4.929130472642517802e+00
-1.355000000000000000e+03 4.879491423861527899e+00
-1.354000000000000000e+03 4.821614750719821707e+00
-1.353000000000000000e+03 4.759210143246844993e+00
-1.352000000000000000e+03 4.696862485745312732e+00
-1.351000000000000000e+03 4.643597767013734945e+00
-1.350000000000000000e+03 4.597640743360183357e+00
-1.349000000000000000e+03 4.560738899525923706e+00
-1.348000000000000000e+03 4.545540249813643463e+00
-1.347000000000000000e+03 4.542500187614225915e+00
-1.346000000000000000e+03 4.554324327893549018e+00
-1.345000000000000000e+03 4.578110126641417921e+00
-1.344000000000000000e+03 4.614743490828501216e+00
-1.343000000000000000e+03 4.651744105523460959e+00
-1.342000000000000000e+03 4.689203548703021696e+00
-1.341000000000000000e+03 4.724827507767429324e+00
-1.340000000000000000e+03 4.750884763218033768e+00
-1.339000000000000000e+03 4.768537192473975672e+00
-1.338000000000000000e+03 4.778364935175991590e+00
-1.337000000000000000e+03 4.775849198656676897e+00
-1.336000000000000000e+03 4.767996922627418144e+00
-1.335000000000000000e+03 4.754531537483328130e+00
-1.334000000000000000e+03 4.734431842959367032e+00
-1.333000000000000000e+03 4.715059683881819730e+00
-1.332000000000000000e+03 4.696756683447790515e+00
-1.331000000000000000e+03 4.687323318579893261e+00
-1.330000000000000000e+03 4.684841109289936689e+00
-1.329000000000000000e+03 4.692436840887237004e+00
-1.328000000000000000e+03 4.707887999960473024e+00
-1.327000000000000000e+03 4.732860961363874353e+00
-1.326000000000000000e+03 4.765732957338094877e+00
-1.325000000000000000e+03 4.798967334414790287e+00
-1.324000000000000000e+03 4.835925087915811993e+00
-1.323000000000000000e+03 4.871172269526792498e+00
-1.322000000000000000e+03 4.905055241027490354e+00
-1.321000000000000000e+03 4.928674124648819266e+00
-1.320000000000000000e+03 4.949342666422405834e+00
-1.319000000000000000e+03 4.954721003908534094e+00
-1.318000000000000000e+03 4.957219482238630626e+00
-1.317000000000000000e+03 4.946583583695066011e+00
-1.316000000000000000e+03 4.929208011546403867e+00
-1.315000000000000000e+03 4.904528639397678802e+00
-1.314000000000000000e+03 4.869964650033461240e+00
-1.313000000000000000e+03 4.833442721307217305e+00
-1.312000000000000000e+03 4.793518655284806584e+00
-1.311000000000000000e+03 4.757833921557621970e+00
-1.310000000000000000e+03 4.719040684517741724e+00
-1.309000000000000000e+03 4.683830732913625283e+00
-1.308000000000000000e+03 4.650979767139316046e+00
-1.307000000000000000e+03 4.625084212451273658e+00
-1.306000000000000000e+03 4.605960001099995260e+00
-1.305000000000000000e+03 4.586290415825443390e+00
-1.304000000000000000e+03 4.574963924352920763e+00
-1.303000000000000000e+03 4.564720761812875338e+00
-1.302000000000000000e+03 4.559417261472683336e+00
-1.301000000000000000e+03 4.555218999346011266e+00
-1.300000000000000000e+03 4.551798849339247610e+00
-1.299000000000000000e+03 4.552236440138344165e+00
-1.298000000000000000e+03 4.557307974621082280e+00
-1.297000000000000000e+03 4.563698817258745599e+00
-1.296000000000000000e+03 4.573602246640676938e+00
-1.295000000000000000e+03 4.593895735800383129e+00
-1.294000000000000000e+03 4.619288394617642624e+00
-1.293000000000000000e+03 4.650852781828162641e+00
-1.292000000000000000e+03 4.686279170401467020e+00
-1.291000000000000000e+03 4.727727147882901271e+00
-1.290000000000000000e+03 4.773341351856732473e+00
-1.289000000000000000e+03 4.817396974010782706e+00
-1.288000000000000000e+03 4.864860169173362614e+00
-1.287000000000000000e+03 4.904049921045519511e+00
-1.286000000000000000e+03 4.941940843701218000e+00
-1.285000000000000000e+03 4.970144942179524072e+00
-1.284000000000000000e+03 4.989098146389511435e+00
-1.283000000000000000e+03 4.999220443759189614e+00
-1.282000000000000000e+03 5.000357103096849443e+00
-1.281000000000000000e+03 4.990342835620833029e+00
-1.280000000000000000e+03 4.972592392406755657e+00
-1.279000000000000000e+03 4.945503142163431676e+00
-1.278000000000000000e+03 4.911780496078192115e+00
-1.277000000000000000e+03 4.873932113273879096e+00
-1.276000000000000000e+03 4.836711462566382735e+00
-1.275000000000000000e+03 4.802561468790377042e+00
-1.274000000000000000e+03 4.772905005317070071e+00
-1.273000000000000000e+03 4.748357316011714957e+00
-1.272000000000000000e+03 4.732198243034220653e+00
-1.271000000000000000e+03 4.720432803746921202e+00
-1.270000000000000000e+03 4.717974515241691869e+00
-1.269000000000000000e+03 4.720080640834789953e+00
-1.268000000000000000e+03 4.726745733450085751e+00
-1.267000000000000000e+03 4.730623487389948423e+00
-1.266000000000000000e+03 4.735195309061881908e+00
-1.265000000000000000e+03 4.733375216656890316e+00
-1.264000000000000000e+03 4.726493600917723192e+00
-1.263000000000000000e+03 4.714694122067164095e+00
-1.262000000000000000e+03 4.690543760323747868e+00
-1.261000000000000000e+03 4.663507033710877714e+00
-1.260000000000000000e+03 4.627706495183100621e+00
-1.259000000000000000e+03 4.592730056910846237e+00
-1.258000000000000000e+03 4.555973199740157575e+00
-1.257000000000000000e+03 4.528923342709491706e+00
-1.256000000000000000e+03 4.509844913895498131e+00
-1.255000000000000000e+03 4.500746689914263854e+00
-1.254000000000000000e+03 4.507445497822803127e+00
-1.253000000000000000e+03 4.529912542178180956e+00
-1.252000000000000000e+03 4.564405998792805619e+00
-1.251000000000000000e+03 4.609075929580514597e+00
-1.250000000000000000e+03 4.662911042433098174e+00
-1.249000000000000000e+03 4.717615324257901754e+00
-1.248000000000000000e+03 4.770253127798206094e+00
-1.247000000000000000e+03 4.821367935473231725e+00
-1.246000000000000000e+03 4.866332108117217281e+00
-1.245000000000000000e+03 4.898512760188765469e+00
-1.244000000000000000e+03 4.924548813468428321e+00
-1.243000000000000000e+03 4.938324401724217161e+00
-1.242000000000000000e+03 4.937992867387498208e+00
-1.241000000000000000e+03 4.935979581537136340e+00
-1.240000000000000000e+03 4.922822956926643734e+00
-1.239000000000000000e+03 4.904596136646937055e+00
-1.238000000000000000e+03 4.886211910707555006e+00
-1.237000000000000000e+03 4.865672840421859213e+00
-1.236000000000000000e+03 4.851823543849001830e+00
-1.235000000000000000e+03 4.836614090287296719e+00
-1.234000000000000000e+03 4.824715889248405887e+00
-1.233000000000000000e+03 4.821318035895567178e+00
-1.232000000000000000e+03 4.819898944826852549e+00
-1.231000000000000000e+03 4.820273747116208263e+00
-1.230000000000000000e+03 4.824547257149562007e+00
-1.229000000000000000e+03 4.826916619154357768e+00
-1.228000000000000000e+03 4.824865976323723160e+00
-1.227000000000000000e+03 4.819716087526032311e+00
-1.226000000000000000e+03 4.806790254016657826e+00
-1.225000000000000000e+03 4.787056486372108566e+00
-1.224000000000000000e+03 4.762120402381210482e+00
-1.223000000000000000e+03 4.728708721063243026e+00
-1.222000000000000000e+03 4.693799604923258428e+00
-1.221000000000000000e+03 4.654914212465235401e+00
-1.220000000000000000e+03 4.614666548605384833e+00
-1.219000000000000000e+03 4.579758481973732920e+00
-1.218000000000000000e+03 4.552012908177060169e+00
-1.217000000000000000e+03 4.531704261294635216e+00
-1.216000000000000000e+03 4.523586400812335206e+00
-1.215000000000000000e+03 4.526623620599178999e+00
-1.214000000000000000e+03 4.545745145752677630e+00
-1.213000000000000000e+03 4.572787344951056099e+00
-1.212000000000000000e+03 4.608750023279270636e+00
-1.211000000000000000e+03 4.649881795829231557e+00
-1.210000000000000000e+03 4.690663981761736601e+00
-1.209000000000000000e+03 4.731883903865121255e+00
-1.208000000000000000e+03 4.765732694073203213e+00
-1.207000000000000000e+03 4.796539757345765764e+00
-1.206000000000000000e+03 4.820559937455234589e+00
-1.205000000000000000e+03 4.837989403171661706e+00
-1.204000000000000000e+03 4.844119680329799671e+00
-1.203000000000000000e+03 4.850720238723493338e+00
-1.202000000000000000e+03 4.846684669094583953e+00
-1.201000000000000000e+03 4.844232169408358324e+00
-1.200000000000000000e+03 4.840812877869043795e+00
-1.199000000000000000e+03 4.834923022613059729e+00
-1.198000000000000000e+03 4.832636146630606255e+00
-1.197000000000000000e+03 4.830572498513453716e+00
-1.196000000000000000e+03 4.833362413742871233e+00
-1.195000000000000000e+03 4.836071666540581404e+00
-1.194000000000000000e+03 4.844650215872787768e+00
-1.193000000000000000e+03 4.850738961505888014e+00
-1.192000000000000000e+03 4.856959827227922410e+00
-1.191000000000000000e+03 4.859693290331063231e+00
-1.190000000000000000e+03 4.860663276843283143e+00
-1.189000000000000000e+03 4.852993980961897158e+00
-1.188000000000000000e+03 4.840247915287081426e+00
-1.187000000000000000e+03 4.818787126321939951e+00
-1.186000000000000000e+03 4.790060814132924172e+00
-1.185000000000000000e+03 4.753008107569474561e+00
-1.184000000000000000e+03 4.710201487783937324e+00
-1.183000000000000000e+03 4.663529247974844694e+00
-1.182000000000000000e+03 4.616553500289399814e+00
-1.181000000000000000e+03 4.576438843685069813e+00
-1.180000000000000000e+03 4.539104735194824158e+00
-1.179000000000000000e+03 4.513093402650056873e+00
-1.178000000000000000e+03 4.504449037072397743e+00
-1.177000000000000000e+03 4.509560525649090046e+00
-1.176000000000000000e+03 4.525697687918394330e+00
-1.175000000000000000e+03 4.559686435212230826e+00
-1.174000000000000000e+03 4.604465689069862755e+00
-1.173000000000000000e+03 4.654252206601733555e+00
-1.172000000000000000e+03 4.710186304357346643e+00
-1.171000000000000000e+03 4.760701869664918817e+00
-1.170000000000000000e+03 4.811221374841450960e+00
-1.169000000000000000e+03 4.849834383444258101e+00
-1.168000000000000000e+03 4.882888139426651009e+00
-1.167000000000000000e+03 4.902091327325193149e+00
-1.166000000000000000e+03 4.913768900925505889e+00
-1.165000000000000000e+03 4.913637174457692325e+00
-1.164000000000000000e+03 4.903472400365950001e+00
-1.163000000000000000e+03 4.886736036851720755e+00
-1.162000000000000000e+03 4.863428924276147924e+00
-1.161000000000000000e+03 4.837622703850356309e+00
-1.160000000000000000e+03 4.813379199860100321e+00
-1.159000000000000000e+03 4.791049197250093705e+00
-1.158000000000000000e+03 4.776216090253392110e+00
-1.157000000000000000e+03 4.763776737393416560e+00
-1.156000000000000000e+03 4.757751377332668064e+00
-1.155000000000000000e+03 4.757997079118762684e+00
-1.154000000000000000e+03 4.766088706745714276e+00
-1.153000000000000000e+03 4.777505656328236761e+00
-1.152000000000000000e+03 4.793147903375698071e+00
-1.151000000000000000e+03 4.802214408605943063e+00
-1.150000000000000000e+03 4.812976354912767540e+00
-1.149000000000000000e+03 4.817870665989330448e+00
-1.148000000000000000e+03 4.818167207513175399e+00
-1.147000000000000000e+03 4.805652572708881465e+00
-1.146000000000000000e+03 4.790612265557991911e+00
-1.145000000000000000e+03 4.766058787046641321e+00
-1.144000000000000000e+03 4.738975911556575937e+00
-1.143000000000000000e+03 4.705643660672386375e+00
-1.142000000000000000e+03 4.670719302676889839e+00
-1.141000000000000000e+03 4.636926494319792091e+00
-1.140000000000000000e+03 4.607709310785028656e+00
-1.139000000000000000e+03 4.586476335748791655e+00
-1.138000000000000000e+03 4.570434082523022745e+00
-1.137000000000000000e+03 4.563888302527248975e+00
-1.136000000000000000e+03 4.565845935425079105e+00
-1.135000000000000000e+03 4.572509530844102166e+00
-1.134000000000000000e+03 4.589464446196362957e+00
-1.133000000000000000e+03 4.607755401736262080e+00
-1.132000000000000000e+03 4.630131856947287794e+00
-1.131000000000000000e+03 4.654300809937207184e+00
-1.130000000000000000e+03 4.675157266273973988e+00
-1.129000000000000000e+03 4.695058871098620301e+00
-1.128000000000000000e+03 4.716384368954559925e+00
-1.127000000000000000e+03 4.736845004592439956e+00
-1.126000000000000000e+03 4.755823417715276946e+00
-1.125000000000000000e+03 4.774992238626462715e+00
-1.124000000000000000e+03 4.795907000616063343e+00
-1.123000000000000000e+03 4.820645263946355286e+00
-1.122000000000000000e+03 4.842296255070020372e+00
-1.121000000000000000e+03 4.868670550210142167e+00
-1.120000000000000000e+03 4.894125093570498741e+00
-1.119000000000000000e+03 4.922133337789461827e+00
-1.118000000000000000e+03 4.944746823081656473e+00
-1.117000000000000000e+03 4.961983035742989934e+00
-1.116000000000000000e+03 4.976246910541874513e+00
-1.115000000000000000e+03 4.983781515856572142e+00
-1.114000000000000000e+03 4.983525439506489185e+00
-1.113000000000000000e+03 4.970056676375047999e+00
-1.112000000000000000e+03 4.953655743721563809e+00
-1.111000000000000000e+03 4.924101986085482885e+00
-1.110000000000000000e+03 4.885562690524020368e+00
-1.109000000000000000e+03 4.837771476791936642e+00
-1.108000000000000000e+03 4.790336457962187211e+00
-1.107000000000000000e+03 4.739949699960724239e+00
-1.106000000000000000e+03 4.689696402340590708e+00
-1.105000000000000000e+03 4.643020868346773966e+00
-1.104000000000000000e+03 4.607225347345184296e+00
-1.103000000000000000e+03 4.577828697486355125e+00
-1.102000000000000000e+03 4.561060006513039333e+00
-1.101000000000000000e+03 4.560495507768838941e+00
-1.100000000000000000e+03 4.569109580892853018e+00
-1.099000000000000000e+03 4.589811141081135304e+00
-1.098000000000000000e+03 4.616259105748904190e+00
-1.097000000000000000e+03 4.639930079163617549e+00
-1.096000000000000000e+03 4.666457032131016369e+00
-1.095000000000000000e+03 4.686024103442130162e+00
-1.094000000000000000e+03 4.701200512506059859e+00
-1.093000000000000000e+03 4.707190243659475470e+00
-1.092000000000000000e+03 4.704167483233957725e+00
-1.091000000000000000e+03 4.692211888337007863e+00
-1.090000000000000000e+03 4.674839619396526480e+00
-1.089000000000000000e+03 4.654814509452958937e+00
-1.088000000000000000e+03 4.635338901475075879e+00
-1.087000000000000000e+03 4.620271719164314561e+00
-1.086000000000000000e+03 4.614335375815854512e+00
-1.085000000000000000e+03 4.617189269329609047e+00
-1.084000000000000000e+03 4.633003704138672241e+00
-1.083000000000000000e+03 4.659778635033349659e+00
-1.082000000000000000e+03 4.697935456608103522e+00
-1.081000000000000000e+03 4.743733887023458884e+00
-1.080000000000000000e+03 4.795648537968891567e+00
-1.079000000000000000e+03 4.849031185929062460e+00
-1.078000000000000000e+03 4.905498890440997961e+00
-1.077000000000000000e+03 4.956188321423849352e+00
-1.076000000000000000e+03 4.999394718854691888e+00
-1.075000000000000000e+03 5.030758655172558491e+00
-1.074000000000000000e+03 5.049243040152227024e+00
-1.073000000000000000e+03 5.055134909087146688e+00
-1.072000000000000000e+03 5.042334158537121525e+00
-1.071000000000000000e+03 5.016401923335775059e+00
-1.070000000000000000e+03 4.979068163029110039e+00
-1.069000000000000000e+03 4.925243334670662776e+00
-1.068000000000000000e+03 4.867334850698542326e+00
-1.067000000000000000e+03 4.802649554794378162e+00
-1.066000000000000000e+03 4.736127206593337746e+00
-1.065000000000000000e+03 4.672657361703466350e+00
-1.064000000000000000e+03 4.618411093266107770e+00
-1.063000000000000000e+03 4.578628489020871051e+00
-1.062000000000000000e+03 4.549058090778316910e+00
-1.061000000000000000e+03 4.539568159951695492e+00
-1.060000000000000000e+03 4.543524854307652738e+00
-1.059000000000000000e+03 4.563154896014812500e+00
-1.058000000000000000e+03 4.592856972471332178e+00
-1.057000000000000000e+03 4.630340148655355925e+00
-1.056000000000000000e+03 4.669918954228728047e+00
-1.055000000000000000e+03 4.710499367697846829e+00
-1.054000000000000000e+03 4.744407234646905280e+00
-1.053000000000000000e+03 4.770670638292069832e+00
-1.052000000000000000e+03 4.784067061607877314e+00
-1.051000000000000000e+03 4.789244308334830613e+00
-1.050000000000000000e+03 4.786416210133580762e+00
-1.049000000000000000e+03 4.771810069121405817e+00
-1.048000000000000000e+03 4.751121226683226340e+00
-1.047000000000000000e+03 4.722641236693303490e+00
-1.046000000000000000e+03 4.696516735198845716e+00
-1.045000000000000000e+03 4.670601216384746124e+00
-1.044000000000000000e+03 4.650571197594598694e+00
-1.043000000000000000e+03 4.636997607893877493e+00
-1.042000000000000000e+03 4.637072119003942561e+00
-1.041000000000000000e+03 4.643403559809628156e+00
-1.040000000000000000e+03 4.661398423959409065e+00
-1.039000000000000000e+03 4.689653331413858872e+00
-1.038000000000000000e+03 4.723811529951595922e+00
-1.037000000000000000e+03 4.759096134056123084e+00
-1.036000000000000000e+03 4.792689779565347585e+00
-1.035000000000000000e+03 4.827868642675771760e+00
-1.034000000000000000e+03 4.859602770310237574e+00
-1.033000000000000000e+03 4.888613765452598514e+00
-1.032000000000000000e+03 4.906658620952071281e+00
-1.031000000000000000e+03 4.918241554814519745e+00
-1.030000000000000000e+03 4.920905190410947760e+00
-1.029000000000000000e+03 4.915117622728883084e+00
-1.028000000000000000e+03 4.907220769551152273e+00
-1.027000000000000000e+03 4.889136101599493855e+00
-1.026000000000000000e+03 4.867614729374770910e+00
-1.025000000000000000e+03 4.844684301171857221e+00
-1.024000000000000000e+03 4.817657245916747044e+00
-1.023000000000000000e+03 4.790095885963641109e+00
-1.022000000000000000e+03 4.760644430110935410e+00
-1.021000000000000000e+03 4.735845952053963970e+00
-1.020000000000000000e+03 4.707373628533268572e+00
-1.019000000000000000e+03 4.681055862017442948e+00
-1.018000000000000000e+03 4.659429431791267895e+00
-1.017000000000000000e+03 4.634539806155229869e+00
-1.016000000000000000e+03 4.616838513359033058e+00
-1.015000000000000000e+03 4.600210217654262301e+00
-1.014000000000000000e+03 4.586834346584926614e+00
-1.013000000000000000e+03 4.579404761387550593e+00
-1.012000000000000000e+03 4.578816364647310344e+00
-1.011000000000000000e+03 4.586700488179052293e+00
-1.010000000000000000e+03 4.598750265452125952e+00
-1.009000000000000000e+03 4.618599168172445424e+00
-1.008000000000000000e+03 4.647260958995294899e+00
-1.007000000000000000e+03 4.681132148044325980e+00
-1.006000000000000000e+03 4.718212035679798966e+00
-1.005000000000000000e+03 4.756595063495942632e+00
-1.004000000000000000e+03 4.796620477169836860e+00
-1.003000000000000000e+03 4.834134136835332107e+00
-1.002000000000000000e+03 4.865260012522926836e+00
-1.001000000000000000e+03 4.889957258565172715e+00
-1.000000000000000000e+03 4.903813182349701094e+00
-9.990000000000000000e+02 4.911584068518429547e+00
-9.980000000000000000e+02 4.906957465878550195e+00
-9.970000000000000000e+02 4.894359775067918861e+00
-9.960000000000000000e+02 4.871083011460626722e+00
-9.950000000000000000e+02 4.843218492006852394e+00
-9.940000000000000000e+02 4.812702469416276330e+00
-9.930000000000000000e+02 4.779773131109585904e+00
-9.920000000000000000e+02 4.749177786416387548e+00
-9.910000000000000000e+02 4.724746179621875264e+00
-9.900000000000000000e+02 4.704141144655801021e+00
-9.890000000000000000e+02 4.694298911766495053e+00
-9.880000000000000000e+02 4.695023178895698202e+00
-9.870000000000000000e+02 4.705719241942770914e+00
-9.860000000000000000e+02 4.724437193849181149e+00
-9.850000000000000000e+02 4.748624135429957427e+00
-9.840000000000000000e+02 4.774054650987353376e+00
-9.830000000000000000e+02 4.801924197487721813e+00
-9.820000000000000000e+02 4.821402854560561835e+00
-9.810000000000000000e+02 4.834876700546642425e+00
-9.800000000000000000e+02 4.837863307885636566e+00
-9.790000000000000000e+02 4.829826806149911000e+00
-9.780000000000000000e+02 4.810655964390318395e+00
-9.770000000000000000e+02 4.775984277255736821e+00
-9.760000000000000000e+02 4.736084746251388644e+00
-9.750000000000000000e+02 4.685939486453125191e+00
-9.740000000000000000e+02 4.632487975220785259e+00
-9.730000000000000000e+02 4.581228100186833352e+00
-9.720000000000000000e+02 4.535430740002271754e+00
-9.710000000000000000e+02 4.505129118716694414e+00
-9.700000000000000000e+02 4.487832911161231841e+00
-9.690000000000000000e+02 4.490829620915086196e+00
-9.680000000000000000e+02 4.510083295576527540e+00
-9.670000000000000000e+02 4.550390808832409206e+00
-9.660000000000000000e+02 4.600731929822122979e+00
-9.650000000000000000e+02 4.660838794477330183e+00
-9.640000000000000000e+02 4.728171618813528099e+00
-9.630000000000000000e+02 4.794494929114716086e+00
-9.620000000000000000e+02 4.855627695839104696e+00
-9.610000000000000000e+02 4.909936419297633137e+00
-9.600000000000000000e+02 4.950979576383123693e+00
-9.590000000000000000e+02 4.981873258322166542e+00
-9.580000000000000000e+02 4.997098363596464310e+00
-9.570000000000000000e+02 4.995089169557737740e+00
-9.560000000000000000e+02 4.982166818461054802e+00
-9.550000000000000000e+02 4.959642751563061225e+00
-9.540000000000000000e+02 4.924287410721515101e+00
-9.530000000000000000e+02 4.885983731966409671e+00
-9.520000000000000000e+02 4.841433569885901456e+00
-9.510000000000000000e+02 4.801195626140835948e+00
-9.500000000000000000e+02 4.760879415635875134e+00
-9.490000000000000000e+02 4.729910329196193253e+00
-9.480000000000000000e+02 4.708438132156427258e+00
-9.470000000000000000e+02 4.694930544272965633e+00
-9.460000000000000000e+02 4.690792379559694858e+00
-9.450000000000000000e+02 4.694583057776824830e+00
-9.440000000000000000e+02 4.705497999421577759e+00
-9.430000000000000000e+02 4.725065770782977737e+00
-9.420000000000000000e+02 4.744656118667954559e+00
-9.410000000000000000e+02 4.763802540553039755e+00
-9.400000000000000000e+02 4.779560006245699988e+00
-9.390000000000000000e+02 4.789434703388947945e+00
-9.380000000000000000e+02 4.793117156130930034e+00
-9.370000000000000000e+02 4.786579098889735207e+00
-9.360000000000000000e+02 4.770527177251611128e+00
-9.350000000000000000e+02 4.750908112018265683e+00
-9.340000000000000000e+02 4.721506454159610122e+00
-9.330000000000000000e+02 4.688795173459660681e+00
-9.320000000000000000e+02 4.653307555382049543e+00
-9.310000000000000000e+02 4.621577973841300313e+00
-9.300000000000000000e+02 4.590806219584152359e+00
-9.290000000000000000e+02 4.570490936298688744e+00
-9.280000000000000000e+02 4.555274026199260362e+00
-9.270000000000000000e+02 4.552195913572345987e+00
-9.260000000000000000e+02 4.555392779018755611e+00
-9.250000000000000000e+02 4.572754168956707055e+00
-9.240000000000000000e+02 4.594853029192379701e+00
-9.230000000000000000e+02 4.626146371456446360e+00
-9.220000000000000000e+02 4.660281681326165604e+00
-9.210000000000000000e+02 4.694948469497593813e+00
-9.200000000000000000e+02 4.733844569713814288e+00
-9.190000000000000000e+02 4.769696965641815112e+00
-9.180000000000000000e+02 4.801505598207630676e+00
-9.170000000000000000e+02 4.829949049570261721e+00
-9.160000000000000000e+02 4.855245843570641817e+00
-9.150000000000000000e+02 4.875270682661226651e+00
-9.140000000000000000e+02 4.892984791791713306e+00
-9.130000000000000000e+02 4.903680234924695291e+00
-9.120000000000000000e+02 4.914724800778593305e+00
-9.110000000000000000e+02 4.922599926315440300e+00
-9.100000000000000000e+02 4.926329159081848985e+00
-9.090000000000000000e+02 4.925763538212995840e+00
-9.080000000000000000e+02 4.922823379313806313e+00
-9.070000000000000000e+02 4.917141724935531144e+00
-9.060000000000000000e+02 4.908304411739886852e+00
-9.050000000000000000e+02 4.891995530161373118e+00
-9.040000000000000000e+02 4.873298099567767494e+00
-9.030000000000000000e+02 4.852192873031260234e+00
-9.020000000000000000e+02 4.825170067870927504e+00
-9.010000000000000000e+02 4.793870504617483874e+00
-9.000000000000000000e+02 4.762409648362791792e+00
-8.990000000000000000e+02 4.724433613436798574e+00
-8.980000000000000000e+02 4.691280350479630101e+00
-8.970000000000000000e+02 4.663245933508475716e+00
-8.960000000000000000e+02 4.635131657799914429e+00
-8.950000000000000000e+02 4.615288169972381560e+00
-8.940000000000000000e+02 4.602822188319877661e+00
-8.930000000000000000e+02 4.602358897966022155e+00
-8.920000000000000000e+02 4.606202884324604341e+00
-8.910000000000000000e+02 4.618770843370291423e+00
-8.900000000000000000e+02 4.642241383108408392e+00
-8.890000000000000000e+02 4.664705199866418184e+00
-8.880000000000000000e+02 4.685169214053413356e+00
-8.870000000000000000e+02 4.706749525666558576e+00
-8.860000000000000000e+02 4.724596987940799409e+00
-8.850000000000000000e+02 4.735914027215630817e+00
-8.840000000000000000e+02 4.741726244942661594e+00
-8.830000000000000000e+02 4.737187855018525795e+00
-8.820000000000000000e+02 4.730633209219968549e+00
-8.810000000000000000e+02 4.716217724335217909e+00
-8.800000000000000000e+02 4.700449985134984132e+00
-8.790000000000000000e+02 4.684906817655613231e+00
-8.780000000000000000e+02 4.669521402239115382e+00
-8.770000000000000000e+02 4.665635700794125817e+00
-8.760000000000000000e+02 4.665289156406169369e+00
-8.750000000000000000e+02 4.672328875119660552e+00
-8.740000000000000000e+02 4.689036761096477157e+00
-8.730000000000000000e+02 4.711768916886836855e+00
-8.720000000000000000e+02 4.744848950423151024e+00
-8.710000000000000000e+02 4.783482644676865014e+00
-8.700000000000000000e+02 4.821747644058930860e+00
-8.690000000000000000e+02 4.858306488432078574e+00
-8.680000000000000000e+02 4.891056819583305959e+00
-8.670000000000000000e+02 4.917321557033131008e+00
-8.660000000000000000e+02 4.936366526321702253e+00
-8.650000000000000000e+02 4.941032111120544634e+00
-8.640000000000000000e+02 4.937549339387844682e+00
-8.630000000000000000e+02 4.923791474803453916e+00
-8.620000000000000000e+02 4.898689833673558702e+00
-8.610000000000000000e+02 4.862132144085974161e+00
-8.600000000000000000e+02 4.822942413330590483e+00
-8.590000000000000000e+02 4.778820370965326525e+00
-8.580000000000000000e+02 4.737301141128223314e+00
-8.570000000000000000e+02 4.699649829563576908e+00
-8.560000000000000000e+02 4.669166546777883120e+00
-8.550000000000000000e+02 4.647530406806505532e+00
-8.540000000000000000e+02 4.632772255422182184e+00
-8.530000000000000000e+02 4.630312577650686379e+00
-8.520000000000000000e+02 4.637642779402394666e+00
-8.510000000000000000e+02 4.653284955223793595e+00
-8.500000000000000000e+02 4.671919893792760625e+00
-8.490000000000000000e+02 4.697955988434858732e+00
-8.480000000000000000e+02 4.721568538794523207e+00
-8.470000000000000000e+02 4.743019268097745211e+00
-8.460000000000000000e+02 4.759647312453458845e+00
-8.450000000000000000e+02 4.768955065048815278e+00
-8.440000000000000000e+02 4.767756996680397208e+00
-8.430000000000000000e+02 4.766740559111775077e+00
-8.420000000000000000e+02 4.756609706346239363e+00
-8.410000000000000000e+02 4.742900982475969585e+00
-8.400000000000000000e+02 4.725627726396590234e+00
-8.390000000000000000e+02 4.709038844549716885e+00
-8.380000000000000000e+02 4.694520415675777159e+00
-8.370000000000000000e+02 4.683631127317023690e+00
-8.360000000000000000e+02 4.682077765281627890e+00
-8.350000000000000000e+02 4.682544679490368900e+00
-8.340000000000000000e+02 4.695473979257561936e+00
-8.330000000000000000e+02 4.713172410255922706e+00
-8.320000000000000000e+02 4.732953345919431065e+00
-8.310000000000000000e+02 4.757238213291154594e+00
-8.300000000000000000e+02 4.784393449904239759e+00
-8.290000000000000000e+02 4.808530573649753670e+00
-8.280000000000000000e+02 4.828484779997653575e+00
-8.270000000000000000e+02 4.846585901724635548e+00
-8.260000000000000000e+02 4.858500327140454544e+00
-8.250000000000000000e+02 4.862673586606512721e+00
-8.240000000000000000e+02 4.859146525060260124e+00
-8.230000000000000000e+02 4.851098047569002425e+00
-8.220000000000000000e+02 4.834655058028167751e+00
-8.210000000000000000e+02 4.814754278850563729e+00
-8.200000000000000000e+02 4.793815039054210914e+00
-8.190000000000000000e+02 4.767466976794555222e+00
-8.180000000000000000e+02 4.745966036086266548e+00
-8.170000000000000000e+02 4.722183515902953488e+00
-8.160000000000000000e+02 4.705569152359246665e+00
-8.150000000000000000e+02 4.694886376013619689e+00
-8.140000000000000000e+02 4.684809687653983978e+00
-8.130000000000000000e+02 4.682532709893140854e+00
-8.120000000000000000e+02 4.682848798207537300e+00
-8.110000000000000000e+02 4.684300190622862736e+00
-8.100000000000000000e+02 4.691131753681115235e+00
-8.090000000000000000e+02 4.693480678246541693e+00
-8.080000000000000000e+02 4.699514146408797721e+00
-8.070000000000000000e+02 4.699827037164923560e+00
-8.060000000000000000e+02 4.701190548213239673e+00
-8.050000000000000000e+02 4.698686975536364940e+00
-8.040000000000000000e+02 4.695554368336187778e+00
-8.030000000000000000e+02 4.690610694458796637e+00
-8.020000000000000000e+02 4.686487481362241247e+00
-8.010000000000000000e+02 4.680487592104453753e+00
-8.000000000000000000e+02 4.683169831474152112e+00
-7.990000000000000000e+02 4.687555725518488536e+00
-7.980000000000000000e+02 4.695279594459004890e+00
-7.970000000000000000e+02 4.710371735373022339e+00
-7.960000000000000000e+02 4.733328159144865488e+00
-7.950000000000000000e+02 4.757137753690948045e+00
-7.940000000000000000e+02 4.782526874726019450e+00
-7.930000000000000000e+02 4.811748819439297442e+00
-7.920000000000000000e+02 4.840954457079926776e+00
-7.910000000000000000e+02 4.864259471804381008e+00
-7.900000000000000000e+02 4.884068557544488876e+00
-7.890000000000000000e+02 4.899783519619326455e+00
-7.880000000000000000e+02 4.907570166993019178e+00
-7.870000000000000000e+02 4.906295947928628109e+00
-7.860000000000000000e+02 4.896045684258322872e+00
-7.850000000000000000e+02 4.882457615526841543e+00
-7.840000000000000000e+02 4.860622760218650917e+00
-7.830000000000000000e+02 4.834419835899451456e+00
-7.820000000000000000e+02 4.805712423592019000e+00
-7.810000000000000000e+02 4.777472921049413124e+00
-7.800000000000000000e+02 4.748472988397208105e+00
-7.790000000000000000e+02 4.726956762417331426e+00
-7.780000000000000000e+02 4.705689484511413667e+00
-7.770000000000000000e+02 4.692694753674622632e+00
-7.760000000000000000e+02 4.685926274594638841e+00
-7.750000000000000000e+02 4.683685782145730059e+00
-7.740000000000000000e+02 4.685452925772287003e+00
-7.730000000000000000e+02 4.690973004865957918e+00
-7.720000000000000000e+02 4.694413247764019026e+00
-7.710000000000000000e+02 4.702094026513221614e+00
-7.700000000000000000e+02 4.701918249304291919e+00
-7.690000000000000000e+02 4.702236488078247234e+00
-7.680000000000000000e+02 4.698981915984154156e+00
-7.670000000000000000e+02 4.692873111714279233e+00
-7.660000000000000000e+02 4.682349244793861054e+00
-7.650000000000000000e+02 4.668193294543149463e+00
-7.640000000000000000e+02 4.657076266864068614e+00
-7.630000000000000000e+02 4.645556560357270826e+00
-7.620000000000000000e+02 4.634778147788257030e+00
-7.610000000000000000e+02 4.632545157515446377e+00
-7.600000000000000000e+02 4.633758066701988199e+00
-7.590000000000000000e+02 4.641153368676444124e+00
-7.580000000000000000e+02 4.658670799442258925e+00
-7.570000000000000000e+02 4.676474859368114245e+00
-7.560000000000000000e+02 4.702755436274794754e+00
-7.550000000000000000e+02 4.727590393213561448e+00
-7.540000000000000000e+02 4.755316347543974587e+00
-7.530000000000000000e+02 4.780400983237040435e+00
-7.520000000000000000e+02 4.803693559224456067e+00
-7.510000000000000000e+02 4.820800499915639747e+00
-7.500000000000000000e+02 4.837918063414806902e+00
-7.490000000000000000e+02 4.846317631403402437e+00
-7.480000000000000000e+02 4.853131076972622360e+00
-7.470000000000000000e+02 4.855578000047676923e+00
-7.460000000000000000e+02 4.855688594379377498e+00
-7.450000000000000000e+02 4.855935215688559126e+00
-7.440000000000000000e+02 4.855302479998249154e+00
-7.430000000000000000e+02 4.857189925666766328e+00
-7.420000000000000000e+02 4.856164372368409587e+00
-7.410000000000000000e+02 4.855691439773059059e+00
-7.400000000000000000e+02 4.860669950265642747e+00
-7.390000000000000000e+02 4.863315561918383878e+00
-7.380000000000000000e+02 4.864268318252734424e+00
-7.370000000000000000e+02 4.863928412691692849e+00
-7.360000000000000000e+02 4.861048779425799715e+00
-7.350000000000000000e+02 4.851333944743868365e+00
-7.340000000000000000e+02 4.838043879699409189e+00
-7.330000000000000000e+02 4.819556806335220323e+00
-7.320000000000000000e+02 4.793189948226206809e+00
-7.310000000000000000e+02 4.760226262759648996e+00
-7.300000000000000000e+02 4.723945158489865292e+00
-7.290000000000000000e+02 4.682846802320394630e+00
-7.280000000000000000e+02 4.642944194949084391e+00
-7.270000000000000000e+02 4.605863860169242763e+00
-7.260000000000000000e+02 4.573490342200130954e+00
-7.250000000000000000e+02 4.548566524661668886e+00
-7.240000000000000000e+02 4.535513052621523045e+00
-7.230000000000000000e+02 4.532301266833434816e+00
-7.220000000000000000e+02 4.543409751246982431e+00
-7.210000000000000000e+02 4.561114340580000537e+00
-7.200000000000000000e+02 4.592499116379655355e+00
-7.190000000000000000e+02 4.627945049339123429e+00
-7.180000000000000000e+02 4.666768977186753986e+00
-7.170000000000000000e+02 4.702520770633882741e+00
-7.160000000000000000e+02 4.736224342892075612e+00
-7.150000000000000000e+02 4.769105582869312521e+00
-7.140000000000000000e+02 4.789299570726256228e+00
-7.130000000000000000e+02 4.800809308752088000e+00
-7.120000000000000000e+02 4.810439825111124890e+00
-7.110000000000000000e+02 4.807280815028371457e+00
-7.100000000000000000e+02 4.800917113444937101e+00
-7.090000000000000000e+02 4.788546220477282844e+00
-7.080000000000000000e+02 4.775420876191888375e+00
-7.070000000000000000e+02 4.763116307717657705e+00
-7.060000000000000000e+02 4.753638637862415806e+00
-7.050000000000000000e+02 4.750416636239545021e+00
-7.040000000000000000e+02 4.751416270957916410e+00
-7.030000000000000000e+02 4.756126727709443003e+00
-7.020000000000000000e+02 4.770831029316743077e+00
-7.010000000000000000e+02 4.790093002442783465e+00
-7.000000000000000000e+02 4.812774277103645026e+00
-6.990000000000000000e+02 4.839733741283008150e+00
-6.980000000000000000e+02 4.865529396689694863e+00
-6.970000000000000000e+02 4.886955010074172101e+00
-6.960000000000000000e+02 4.906319966044939029e+00
-6.950000000000000000e+02 4.921054376011803733e+00
-6.940000000000000000e+02 4.921371801220020714e+00
-6.930000000000000000e+02 4.916328276852259371e+00
-6.920000000000000000e+02 4.899427071887633822e+00
-6.910000000000000000e+02 4.876414061845283143e+00
-6.900000000000000000e+02 4.841695499841558004e+00
-6.890000000000000000e+02 4.799430125869139196e+00
-6.880000000000000000e+02 4.753663163969948258e+00
-6.870000000000000000e+02 4.706684153588365227e+00
-6.860000000000000000e+02 4.657797955256616440e+00
-6.850000000000000000e+02 4.615767386770541769e+00
-6.840000000000000000e+02 4.581146496117536770e+00
-6.830000000000000000e+02 4.558402690795539058e+00
-6.820000000000000000e+02 4.545322151478818462e+00
-6.810000000000000000e+02 4.545989990011713999e+00
-6.800000000000000000e+02 4.560469451401561791e+00
-6.790000000000000000e+02 4.582600826797394333e+00
-6.780000000000000000e+02 4.613322806732332637e+00
-6.770000000000000000e+02 4.648435254143854500e+00
-6.760000000000000000e+02 4.686318456892601958e+00
-6.750000000000000000e+02 4.722069831386107808e+00
-6.740000000000000000e+02 4.751812440086698786e+00
-6.730000000000000000e+02 4.780728133294386950e+00
-6.720000000000000000e+02 4.797474720071563503e+00
-6.710000000000000000e+02 4.810571596562750685e+00
-6.700000000000000000e+02 4.813714005451966038e+00
-6.690000000000000000e+02 4.810499851884361355e+00
-6.680000000000000000e+02 4.805157614570251923e+00
-6.670000000000000000e+02 4.795699326092143444e+00
-6.660000000000000000e+02 4.783207686525745572e+00
-6.650000000000000000e+02 4.770151459101948710e+00
-6.640000000000000000e+02 4.761057091860628532e+00
-6.630000000000000000e+02 4.756339734704510214e+00
-6.620000000000000000e+02 4.752235772442130468e+00
-6.610000000000000000e+02 4.753820256332940808e+00
-6.600000000000000000e+02 4.760261093400572463e+00
-6.590000000000000000e+02 4.767811151142536730e+00
-6.580000000000000000e+02 4.779886925820730603e+00
-6.570000000000000000e+02 4.791175645174860165e+00
-6.560000000000000000e+02 4.801053352040379529e+00
-6.550000000000000000e+02 4.810114002270837297e+00
-6.540000000000000000e+02 4.818658419306787621e+00
-6.530000000000000000e+02 4.819538339282542161e+00
-6.520000000000000000e+02 4.817850980110800485e+00
-6.510000000000000000e+02 4.812804859438773342e+00
-6.500000000000000000e+02 4.807195476886638730e+00
-6.490000000000000000e+02 4.794385481897522894e+00
-6.480000000000000000e+02 4.782907945695325402e+00
-6.470000000000000000e+02 4.765487556369919275e+00
-6.460000000000000000e+02 4.749308322548951189e+00
-6.450000000000000000e+02 4.731673554351817579e+00
-6.440000000000000000e+02 4.718561242823302138e+00
-6.430000000000000000e+02 4.702773479248285149e+00
-6.420000000000000000e+02 4.686455920389783536e+00
-6.410000000000000000e+02 4.674807316515150468e+00
-6.400000000000000000e+02 4.662753734312971687e+00
-6.390000000000000000e+02 4.652652179378114816e+00
-6.380000000000000000e+02 4.642086730215758905e+00
-6.370000000000000000e+02 4.637473999510738132e+00
-6.360000000000000000e+02 4.629101985202472846e+00
-6.350000000000000000e+02 4.628992425757701312e+00
-6.340000000000000000e+02 4.634247470158769033e+00
-6.330000000000000000e+02 4.641155811729292147e+00
-6.320000000000000000e+02 4.656865324786575222e+00
-6.310000000000000000e+02 4.675016937562709529e+00
-6.300000000000000000e+02 4.700720156120477888e+00
-6.290000000000000000e+02 4.733495049685876310e+00
-6.280000000000000000e+02 4.766373424194752850e+00
-6.270000000000000000e+02 4.804386553385791458e+00
-6.260000000000000000e+02 4.841363077394308156e+00
-6.250000000000000000e+02 4.874014753968388014e+00
-6.240000000000000000e+02 4.903338691735104504e+00
-6.230000000000000000e+02 4.928810746678572663e+00
-6.220000000000000000e+02 4.944721753721573521e+00
-6.210000000000000000e+02 4.951533792913161314e+00
-6.200000000000000000e+02 4.947427063043695838e+00
-6.190000000000000000e+02 4.935427129800499024e+00
-6.180000000000000000e+02 4.909759358028348508e+00
-6.170000000000000000e+02 4.875789521953212358e+00
-6.160000000000000000e+02 4.836046325482539210e+00
-6.150000000000000000e+02 4.789504831976149291e+00
-6.140000000000000000e+02 4.741494579835835665e+00
-6.130000000000000000e+02 4.701012362649117371e+00
-6.120000000000000000e+02 4.661101026528566393e+00
-6.110000000000000000e+02 4.627954874432242960e+00
-6.100000000000000000e+02 4.608624915541334133e+00
-6.090000000000000000e+02 4.596717109206961638e+00
-6.080000000000000000e+02 4.601509341897699557e+00
-6.070000000000000000e+02 4.611453657950821849e+00
-6.060000000000000000e+02 4.635877089820447772e+00
-6.050000000000000000e+02 4.666019533242504735e+00
-6.040000000000000000e+02 4.695365382736158111e+00
-6.030000000000000000e+02 4.723440611146680013e+00
-6.020000000000000000e+02 4.750683467878118904e+00
-6.010000000000000000e+02 4.766104206942424426e+00
-6.000000000000000000e+02 4.774600706464382505e+00
-5.990000000000000000e+02 4.773430941199465316e+00
-5.980000000000000000e+02 4.759264225338599275e+00
-5.970000000000000000e+02 4.742245180714927066e+00
-5.960000000000000000e+02 4.716569827070441256e+00
-5.950000000000000000e+02 4.686825723664592047e+00
-5.940000000000000000e+02 4.654992615460336935e+00
-5.930000000000000000e+02 4.627588524120984204e+00
-5.920000000000000000e+02 4.608447806370739031e+00
-5.910000000000000000e+02 4.599146499003948563e+00
-5.900000000000000000e+02 4.602710665092053510e+00
-5.890000000000000000e+02 4.617209057051701926e+00
-5.880000000000000000e+02 4.646066062580631595e+00
-5.870000000000000000e+02 4.683254974815532101e+00
-5.860000000000000000e+02 4.729683480952376229e+00
-5.850000000000000000e+02 4.778154602478641877e+00
-5.840000000000000000e+02 4.830077364964154185e+00
-5.830000000000000000e+02 4.881575193001574497e+00
-5.820000000000000000e+02 4.925227138653651693e+00
-5.810000000000000000e+02 4.963459559632013018e+00
-5.800000000000000000e+02 4.989359599045082305e+00
-5.790000000000000000e+02 5.007458239340023987e+00
-5.780000000000000000e+02 5.009852848277242643e+00
-5.770000000000000000e+02 5.001711226160434620e+00
-5.760000000000000000e+02 4.981379098364835833e+00
-5.750000000000000000e+02 4.953788430358789796e+00
-5.740000000000000000e+02 4.919370375677264207e+00
-5.730000000000000000e+02 4.876478599634022970e+00
-5.720000000000000000e+02 4.829920363810038531e+00
-5.710000000000000000e+02 4.784322421170506878e+00
-5.700000000000000000e+02 4.739720142622656063e+00
-5.690000000000000000e+02 4.700442426300124765e+00
-5.680000000000000000e+02 4.665426722427161721e+00
-5.670000000000000000e+02 4.638809517089240053e+00
-5.660000000000000000e+02 4.618794398298797788e+00
-5.650000000000000000e+02 4.608761754052010495e+00
-5.640000000000000000e+02 4.605753614451920441e+00
-5.630000000000000000e+02 4.608062661529583437e+00
-5.620000000000000000e+02 4.617536396047280611e+00
-5.610000000000000000e+02 4.626466916888047898e+00
-5.600000000000000000e+02 4.637727984820425142e+00
-5.590000000000000000e+02 4.648048662805154052e+00
-5.580000000000000000e+02 4.653467277356299725e+00
-5.570000000000000000e+02 4.660487877521148015e+00
-5.560000000000000000e+02 4.659319428050689993e+00
-5.550000000000000000e+02 4.657695974922787308e+00
-5.540000000000000000e+02 4.654896652136108592e+00
-5.530000000000000000e+02 4.650267644324157956e+00
-5.520000000000000000e+02 4.648357859374662837e+00
-5.510000000000000000e+02 4.646616559128281310e+00
-5.500000000000000000e+02 4.653000648865991629e+00
-5.490000000000000000e+02 4.661176836174908189e+00
-5.480000000000000000e+02 4.673276590282937626e+00
-5.470000000000000000e+02 4.692869507903704829e+00
-5.460000000000000000e+02 4.714258254200932363e+00
-5.450000000000000000e+02 4.740084158495255551e+00
-5.440000000000000000e+02 4.768918546954631132e+00
-5.430000000000000000e+02 4.798798510665381656e+00
-5.420000000000000000e+02 4.825572744793234392e+00
-5.410000000000000000e+02 4.853064874860252509e+00
-5.400000000000000000e+02 4.876202386437266334e+00
-5.390000000000000000e+02 4.894790349759005288e+00
-5.380000000000000000e+02 4.910280208182754791e+00
-5.370000000000000000e+02 4.921864708368147490e+00
-5.360000000000000000e+02 4.929951053148727169e+00
-5.350000000000000000e+02 4.932129834875785157e+00
-5.340000000000000000e+02 4.930064130133414935e+00
-5.330000000000000000e+02 4.928107590806412475e+00
-5.320000000000000000e+02 4.917367807717984540e+00
-5.310000000000000000e+02 4.905899702586236977e+00
-5.300000000000000000e+02 4.888418274266914665e+00
-5.290000000000000000e+02 4.872369914493482668e+00
-5.280000000000000000e+02 4.846330228911169158e+00
-5.270000000000000000e+02 4.823733458295914822e+00
-5.260000000000000000e+02 4.795887980033484155e+00
-5.250000000000000000e+02 4.762742477146485243e+00
-5.240000000000000000e+02 4.730432932630342258e+00
-5.230000000000000000e+02 4.694270462956644074e+00
-5.220000000000000000e+02 4.658073473136231435e+00
-5.210000000000000000e+02 4.622201621302618690e+00
-5.200000000000000000e+02 4.591195834526244468e+00
-5.190000000000000000e+02 4.562872532669518755e+00
-5.180000000000000000e+02 4.543695004926045833e+00
-5.170000000000000000e+02 4.533190621818688371e+00
-5.160000000000000000e+02 4.533235373290628090e+00
-5.150000000000000000e+02 4.540557133790352751e+00
-5.140000000000000000e+02 4.558313078941120366e+00
-5.130000000000000000e+02 4.587950905536976265e+00
-5.120000000000000000e+02 4.620976980607620632e+00
-5.110000000000000000e+02 4.661123278701777117e+00
-5.100000000000000000e+02 4.698555506045584806e+00
-5.090000000000000000e+02 4.738163462971356488e+00
-5.080000000000000000e+02 4.772208336906832216e+00
-5.070000000000000000e+02 4.801189550880552659e+00
-5.060000000000000000e+02 4.822985005703623429e+00
-5.050000000000000000e+02 4.835769776164791089e+00
-5.040000000000000000e+02 4.839778897302294602e+00
-5.030000000000000000e+02 4.838862359473096397e+00
-5.020000000000000000e+02 4.829122137356528732e+00
-5.010000000000000000e+02 4.813980537335087462e+00
-5.000000000000000000e+02 4.797860183243189525e+00
-4.990000000000000000e+02 4.781935661920948988e+00
-4.980000000000000000e+02 4.769412992506830484e+00
-4.970000000000000000e+02 4.759689393717774664e+00
-4.960000000000000000e+02 4.756316743465222707e+00
-4.950000000000000000e+02 4.758678244200733154e+00
-4.940000000000000000e+02 4.767669002604740136e+00
-4.930000000000000000e+02 4.782299838842284601e+00
-4.920000000000000000e+02 4.799749550537979026e+00
-4.910000000000000000e+02 4.820451132787685111e+00
-4.900000000000000000e+02 4.843468800318128764e+00
-4.890000000000000000e+02 4.859724015077081738e+00
-4.880000000000000000e+02 4.872739457881445801e+00
-4.870000000000000000e+02 4.875847224912454259e+00
-4.860000000000000000e+02 4.875478176977635414e+00
-4.850000000000000000e+02 4.865252083544765682e+00
-4.840000000000000000e+02 4.844226176010470120e+00
-4.830000000000000000e+02 4.814721835383771520e+00
-4.820000000000000000e+02 4.778489438322835348e+00
-4.810000000000000000e+02 4.738059505749174782e+00
-4.800000000000000000e+02 4.693425656310970417e+00
-4.790000000000000000e+02 4.651443186218791048e+00
-4.780000000000000000e+02 4.611621374152482744e+00
-4.770000000000000000e+02 4.579754799148067157e+00
-4.760000000000000000e+02 4.559682014538980255e+00
-4.750000000000000000e+02 4.548263307536699607e+00
-4.740000000000000000e+02 4.547698479185397602e+00
-4.730000000000000000e+02 4.560796696707278386e+00
-4.720000000000000000e+02 4.584823835949926263e+00
-4.710000000000000000e+02 4.616186226729446673e+00
-4.700000000000000000e+02 4.647244959647416351e+00
-4.690000000000000000e+02 4.683676485705151826e+00
-4.680000000000000000e+02 4.719898435605099252e+00
-4.670000000000000000e+02 4.752051582233612237e+00
-4.660000000000000000e+02 4.783073797064159471e+00
-4.650000000000000000e+02 4.807348159169151813e+00
-4.640000000000000000e+02 4.826447008283319740e+00
-4.630000000000000000e+02 4.838139230431345084e+00
-4.620000000000000000e+02 4.847356526777361729e+00
-4.610000000000000000e+02 4.849640052479939456e+00
-4.600000000000000000e+02 4.852898966251288471e+00
-4.590000000000000000e+02 4.852331000853665088e+00
-4.580000000000000000e+02 4.852339300223256657e+00
-4.570000000000000000e+02 4.850001696646836002e+00
-4.560000000000000000e+02 4.850337028773371806e+00
-4.550000000000000000e+02 4.847857471156728160e+00
-4.540000000000000000e+02 4.848451013937809861e+00
-4.530000000000000000e+02 4.848860544873987877e+00
-4.520000000000000000e+02 4.847118919132475945e+00
-4.510000000000000000e+02 4.843916749120309895e+00
-4.500000000000000000e+02 4.840501611389981917e+00
-4.490000000000000000e+02 4.831296939725484130e+00
-4.480000000000000000e+02 4.820185312490850471e+00
-4.470000000000000000e+02 4.801340125552774118e+00
-4.460000000000000000e+02 4.783319249725148659e+00
-4.450000000000000000e+02 4.759094933040692865e+00
-4.440000000000000000e+02 4.729558213418348700e+00
-4.430000000000000000e+02 4.700034309340976435e+00
-4.420000000000000000e+02 4.668124361101718911e+00
-4.410000000000000000e+02 4.635773671875291768e+00
-4.400000000000000000e+02 4.607444146684422925e+00
-4.390000000000000000e+02 4.585978105233348145e+00
-4.380000000000000000e+02 4.565966082163956941e+00
-4.370000000000000000e+02 4.555726841373646252e+00
-4.360000000000000000e+02 4.554672648504492827e+00
-4.350000000000000000e+02 4.559641315208837753e+00
-4.340000000000000000e+02 4.572241731176358570e+00
-4.330000000000000000e+02 4.593801021398917328e+00
-4.320000000000000000e+02 4.617386600216322634e+00
-4.310000000000000000e+02 4.644912118343534679e+00
-4.300000000000000000e+02 4.675246202259699224e+00
-4.290000000000000000e+02 4.703254729434646286e+00
-4.280000000000000000e+02 4.729626885730886521e+00
-4.270000000000000000e+02 4.756669716616151788e+00
-4.260000000000000000e+02 4.780770026193350120e+00
-4.250000000000000000e+02 4.799575641617172650e+00
-4.240000000000000000e+02 4.819189462533207902e+00
-4.230000000000000000e+02 4.830682973287783177e+00
-4.220000000000000000e+02 4.845217853178509060e+00
-4.210000000000000000e+02 4.855400643212117728e+00
-4.200000000000000000e+02 4.867216228682487156e+00
-4.190000000000000000e+02 4.879795875783720760e+00
-4.180000000000000000e+02 4.886373110216384319e+00
-4.170000000000000000e+02 4.897661957901323859e+00
-4.160000000000000000e+02 4.904523365527020395e+00
-4.150000000000000000e+02 4.912220570949309639e+00
-4.140000000000000000e+02 4.917927438386667127e+00
-4.130000000000000000e+02 4.919739520893891438e+00
-4.120000000000000000e+02 4.921182546789238721e+00
-4.110000000000000000e+02 4.914349188574701266e+00
-4.100000000000000000e+02 4.902857705956166434e+00
-4.090000000000000000e+02 4.885951355680848707e+00
-4.080000000000000000e+02 4.865016296887893610e+00
-4.070000000000000000e+02 4.835319613893434010e+00
-4.060000000000000000e+02 4.802981585302432244e+00
-4.050000000000000000e+02 4.766901723408667024e+00
-4.040000000000000000e+02 4.726330908759007521e+00
-4.030000000000000000e+02 4.687665112267069389e+00
-4.020000000000000000e+02 4.647598660229396828e+00
-4.010000000000000000e+02 4.612657374566935253e+00
-4.000000000000000000e+02 4.582844299196595195e+00
-3.990000000000000000e+02 4.562886544333068173e+00
-3.980000000000000000e+02 4.548393655727759999e+00
-3.970000000000000000e+02 4.542798344394707755e+00
-3.960000000000000000e+02 4.543806881569087963e+00
-3.950000000000000000e+02 4.552865583405449001e+00
-3.940000000000000000e+02 4.566856048834068815e+00
-3.930000000000000000e+02 4.585712405043158135e+00
-3.920000000000000000e+02 4.606571998302115389e+00
-3.910000000000000000e+02 4.625048171893806348e+00
-3.900000000000000000e+02 4.641600282655096166e+00
-3.890000000000000000e+02 4.660803460761164807e+00
-3.880000000000000000e+02 4.677486538452880538e+00
-3.870000000000000000e+02 4.691867594426021526e+00
-3.860000000000000000e+02 4.708000360689148955e+00
-3.850000000000000000e+02 4.719877450549046394e+00
-3.840000000000000000e+02 4.734167747717676455e+00
-3.830000000000000000e+02 4.747982774180701249e+00
-3.820000000000000000e+02 4.768024039925440327e+00
-3.810000000000000000e+02 4.787310330270947212e+00
-3.800000000000000000e+02 4.811763506779674238e+00
-3.790000000000000000e+02 4.835485932214482752e+00
-3.780000000000000000e+02 4.860043090979256242e+00
-3.770000000000000000e+02 4.883518382049504503e+00
-3.760000000000000000e+02 4.904158463334545637e+00
-3.750000000000000000e+02 4.921869400506574621e+00
-3.740000000000000000e+02 4.935211738864137665e+00
-3.730000000000000000e+02 4.942205262502787910e+00
-3.720000000000000000e+02 4.947257793689381344e+00
-3.710000000000000000e+02 4.941930264243356241e+00
-3.700000000000000000e+02 4.932255547653438654e+00
-3.690000000000000000e+02 4.918463616644291214e+00
-3.680000000000000000e+02 4.895385642498811585e+00
-3.670000000000000000e+02 4.871951551688733062e+00
-3.660000000000000000e+02 4.846012786572829967e+00
-3.650000000000000000e+02 4.819399197124190515e+00
-3.640000000000000000e+02 4.791823753205912695e+00
-3.630000000000000000e+02 4.766863098578761004e+00
-3.620000000000000000e+02 4.742738903365650849e+00
-3.610000000000000000e+02 4.721542753843996465e+00
-3.600000000000000000e+02 4.704630352747374289e+00
-3.590000000000000000e+02 4.687551757203963554e+00
-3.580000000000000000e+02 4.673543611177463752e+00
-3.570000000000000000e+02 4.659940194267558233e+00
-3.560000000000000000e+02 4.647775777770543293e+00
-3.550000000000000000e+02 4.632607379175022189e+00
-3.540000000000000000e+02 4.616391918944282580e+00
-3.530000000000000000e+02 4.596317252105247775e+00
-3.520000000000000000e+02 4.581313641783483881e+00
-3.510000000000000000e+02 4.562194844048201858e+00
-3.500000000000000000e+02 4.547378286205897346e+00
-3.490000000000000000e+02 4.536848366099369478e+00
-3.480000000000000000e+02 4.534890046030510824e+00
-3.470000000000000000e+02 4.539380097154029237e+00
-3.460000000000000000e+02 4.554143156309092610e+00
-3.450000000000000000e+02 4.580660273448725839e+00
-3.440000000000000000e+02 4.617473389469552991e+00
-3.430000000000000000e+02 4.657973553006428347e+00
-3.420000000000000000e+02 4.710009149206046075e+00
-3.410000000000000000e+02 4.761927956008275231e+00
-3.400000000000000000e+02 4.817047522851531483e+00
-3.390000000000000000e+02 4.865808453967972014e+00
-3.380000000000000000e+02 4.913648221793238235e+00
-3.370000000000000000e+02 4.949826515072516031e+00
-3.360000000000000000e+02 4.981008085243657568e+00
-3.350000000000000000e+02 4.999981856571838357e+00
-3.340000000000000000e+02 5.010762904478582414e+00
-3.330000000000000000e+02 5.005237205883562801e+00
-3.320000000000000000e+02 4.988730261342876560e+00
-3.310000000000000000e+02 4.966309566702014067e+00
-3.300000000000000000e+02 4.931799898837826213e+00
-3.290000000000000000e+02 4.891812387748874613e+00
-3.280000000000000000e+02 4.847992012861396915e+00
-3.270000000000000000e+02 4.802204988449832790e+00
-3.260000000000000000e+02 4.757269895727672449e+00
-3.250000000000000000e+02 4.712840328192688943e+00
-3.240000000000000000e+02 4.677785670634731829e+00
-3.230000000000000000e+02 4.652098380724286386e+00
-3.220000000000000000e+02 4.633882695677789876e+00
-3.210000000000000000e+02 4.626209879070669828e+00
-3.200000000000000000e+02 4.626242849728062545e+00
-3.190000000000000000e+02 4.635210651423993689e+00
-3.180000000000000000e+02 4.647522451089376894e+00
-3.170000000000000000e+02 4.667298908375125066e+00
-3.160000000000000000e+02 4.682419649594065980e+00
-3.150000000000000000e+02 4.699652602823383596e+00
-3.140000000000000000e+02 4.709142475596265420e+00
-3.130000000000000000e+02 4.714619679773690564e+00
-3.120000000000000000e+02 4.714908685861156634e+00
-3.110000000000000000e+02 4.711199509474846892e+00
-3.100000000000000000e+02 4.699152874377070077e+00
-3.090000000000000000e+02 4.686320881309974595e+00
-3.080000000000000000e+02 4.673356209490644453e+00
-3.070000000000000000e+02 4.661653762930956901e+00
-3.060000000000000000e+02 4.652604014700381541e+00
-3.050000000000000000e+02 4.648598440994054393e+00
-3.040000000000000000e+02 4.653760270660504794e+00
-3.030000000000000000e+02 4.665638573646936571e+00
-3.020000000000000000e+02 4.686546663114038225e+00
-3.010000000000000000e+02 4.713269316868209380e+00
-3.000000000000000000e+02 4.743412340642874980e+00
-2.990000000000000000e+02 4.779306449693838665e+00
-2.980000000000000000e+02 4.818608458800394345e+00
-2.970000000000000000e+02 4.854047244375962578e+00
-2.960000000000000000e+02 4.886714470505927999e+00
-2.950000000000000000e+02 4.915298114481251979e+00
-2.940000000000000000e+02 4.938724576124489118e+00
-2.930000000000000000e+02 4.952956032276730980e+00
-2.920000000000000000e+02 4.958676175034751665e+00
-2.910000000000000000e+02 4.952589927411423787e+00
-2.900000000000000000e+02 4.940703051047882433e+00
-2.890000000000000000e+02 4.918682336237108821e+00
-2.880000000000000000e+02 4.890347396757419141e+00
-2.870000000000000000e+02 4.856659888879577558e+00
-2.860000000000000000e+02 4.817032625676372248e+00
-2.850000000000000000e+02 4.777308254441893887e+00
-2.840000000000000000e+02 4.736618758503871263e+00
-2.830000000000000000e+02 4.697232795808582217e+00
-2.820000000000000000e+02 4.659859387972674405e+00
-2.810000000000000000e+02 4.629796814551122353e+00
-2.800000000000000000e+02 4.605033339866536402e+00
-2.790000000000000000e+02 4.588763498511070793e+00
-2.780000000000000000e+02 4.578259362295977297e+00
-2.770000000000000000e+02 4.571496928271836957e+00
-2.760000000000000000e+02 4.574347673403930337e+00
-2.750000000000000000e+02 4.577981040282496750e+00
-2.740000000000000000e+02 4.586807336732239726e+00
-2.730000000000000000e+02 4.599939840157168724e+00
-2.720000000000000000e+02 4.616025627405644371e+00
-2.710000000000000000e+02 4.630770083506301482e+00
-2.700000000000000000e+02 4.651478638859870784e+00
-2.690000000000000000e+02 4.667873325046069333e+00
-2.680000000000000000e+02 4.686132194826386765e+00
-2.670000000000000000e+02 4.704389365456709271e+00
-2.660000000000000000e+02 4.722384769229310386e+00
-2.650000000000000000e+02 4.739146081691724355e+00
-2.640000000000000000e+02 4.755138942880925867e+00
-2.630000000000000000e+02 4.772778550989642099e+00
-2.620000000000000000e+02 4.788872139506464620e+00
-2.610000000000000000e+02 4.801155510521676995e+00
-2.600000000000000000e+02 4.815849040003964632e+00
-2.590000000000000000e+02 4.824361590956447898e+00
-2.580000000000000000e+02 4.834487433971584203e+00
-2.570000000000000000e+02 4.844421059765804394e+00
-2.560000000000000000e+02 4.850534251459046153e+00
-2.550000000000000000e+02 4.860451933110438993e+00
-2.540000000000000000e+02 4.871086079371089284e+00
-2.530000000000000000e+02 4.877852755579388244e+00
-2.520000000000000000e+02 4.885545508198360309e+00
-2.510000000000000000e+02 4.893493346109866415e+00
-2.500000000000000000e+02 4.905844264628723472e+00
-2.490000000000000000e+02 4.913455955760074545e+00
-2.480000000000000000e+02 4.921311638868648863e+00
-2.470000000000000000e+02 4.928198091775784384e+00
-2.460000000000000000e+02 4.929020840722551533e+00
-2.450000000000000000e+02 4.925260709422950356e+00
-2.440000000000000000e+02 4.916074433607009908e+00
-2.430000000000000000e+02 4.899622190308376979e+00
-2.420000000000000000e+02 4.871500321983653237e+00
-2.410000000000000000e+02 4.834873304002108796e+00
-2.400000000000000000e+02 4.788714256191195062e+00
-2.390000000000000000e+02 4.732760689652507402e+00
-2.380000000000000000e+02 4.671995630399504940e+00
-2.370000000000000000e+02 4.605095734107811367e+00
-2.360000000000000000e+02 4.539003826060599600e+00
-2.350000000000000000e+02 4.471105627635323820e+00
-2.340000000000000000e+02 4.414919341777771677e+00
-2.330000000000000000e+02 4.373991308874449757e+00
-2.320000000000000000e+02 4.350195491543230375e+00
-2.310000000000000000e+02 4.346815324777382195e+00
-2.300000000000000000e+02 4.365171249451935687e+00
-2.290000000000000000e+02 4.405846553495876172e+00
-2.280000000000000000e+02 4.462678342403481047e+00
-2.270000000000000000e+02 4.532439740430903363e+00
-2.260000000000000000e+02 4.607968098435820004e+00
-2.250000000000000000e+02 4.685155507015348775e+00
-2.240000000000000000e+02 4.761550514908491571e+00
-2.230000000000000000e+02 4.829590687711595720e+00
-2.220000000000000000e+02 4.888193085679062300e+00
-2.210000000000000000e+02 4.935878845239298762e+00
-2.200000000000000000e+02 4.971455909836806519e+00
-2.190000000000000000e+02 4.992045146915443432e+00
-2.180000000000000000e+02 5.002271136362359094e+00
-2.170000000000000000e+02 4.996656384188440825e+00
-2.160000000000000000e+02 4.983205446229511004e+00
-2.150000000000000000e+02 4.959728379835275369e+00
-2.140000000000000000e+02 4.933841825632979905e+00
-2.130000000000000000e+02 4.904031541098481384e+00
-2.120000000000000000e+02 4.877498259138038250e+00
-2.110000000000000000e+02 4.848863481032308798e+00
-2.100000000000000000e+02 4.825490558777246974e+00
-2.090000000000000000e+02 4.805863332250255304e+00
-2.080000000000000000e+02 4.794165231161112928e+00
-2.070000000000000000e+02 4.789530256520066587e+00
-2.060000000000000000e+02 4.789792042249477078e+00
-2.050000000000000000e+02 4.793642986277942164e+00
-2.040000000000000000e+02 4.802364910658553754e+00
-2.030000000000000000e+02 4.813097591425012922e+00
-2.020000000000000000e+02 4.823376141472930811e+00
-2.010000000000000000e+02 4.829592470443546226e+00
-2.000000000000000000e+02 4.827664492899770288e+00
-1.990000000000000000e+02 4.818981815459149054e+00
-1.980000000000000000e+02 4.802252451723274973e+00
-1.970000000000000000e+02 4.779320690066422905e+00
-1.960000000000000000e+02 4.744143767793011612e+00
-1.950000000000000000e+02 4.703581505695605181e+00
-1.940000000000000000e+02 4.659668603610885640e+00
-1.930000000000000000e+02 4.614663884828082985e+00
-1.920000000000000000e+02 4.567278047285610043e+00
-1.910000000000000000e+02 4.525250674263610051e+00
-1.900000000000000000e+02 4.491997140105377539e+00
-1.890000000000000000e+02 4.473149064341765069e+00
-1.880000000000000000e+02 4.461949635785008361e+00
-1.870000000000000000e+02 4.470706209563410916e+00
-1.860000000000000000e+02 4.491193114788678997e+00
-1.850000000000000000e+02 4.524441775319809622e+00
-1.840000000000000000e+02 4.566972628571216219e+00
-1.830000000000000000e+02 4.618819179289751276e+00
-1.820000000000000000e+02 4.673730101645297452e+00
-1.810000000000000000e+02 4.730295115097272962e+00
-1.800000000000000000e+02 4.782711819140625487e+00
-1.790000000000000000e+02 4.832589138702457099e+00
-1.780000000000000000e+02 4.874944476462758303e+00
-1.770000000000000000e+02 4.909417760052416924e+00
-1.760000000000000000e+02 4.935278169391074776e+00
-1.750000000000000000e+02 4.952200644212813252e+00
-1.740000000000000000e+02 4.960342858541760158e+00
-1.730000000000000000e+02 4.960470055816944779e+00
-1.720000000000000000e+02 4.952510888624286345e+00
-1.710000000000000000e+02 4.937624632862257279e+00
-1.700000000000000000e+02 4.916391235703928331e+00
-1.690000000000000000e+02 4.896953746003868346e+00
-1.680000000000000000e+02 4.871568930573162426e+00
-1.670000000000000000e+02 4.845794352741319422e+00
-1.660000000000000000e+02 4.820268236401216377e+00
-1.650000000000000000e+02 4.798797752971552200e+00
-1.640000000000000000e+02 4.775650225276727667e+00
-1.630000000000000000e+02 4.756685097710331434e+00
-1.620000000000000000e+02 4.738729730774354110e+00
-1.610000000000000000e+02 4.726423865289783421e+00
-1.600000000000000000e+02 4.713240832422068038e+00
-1.590000000000000000e+02 4.704948542051994309e+00
-1.580000000000000000e+02 4.699975170884009401e+00
-1.570000000000000000e+02 4.693938512318467815e+00
-1.560000000000000000e+02 4.690228575099539832e+00
-1.550000000000000000e+02 4.684771458170139624e+00
-1.540000000000000000e+02 4.681948311020732945e+00
-1.530000000000000000e+02 4.680020031377592815e+00
-1.520000000000000000e+02 4.676214890393055157e+00
-1.510000000000000000e+02 4.672261707279450782e+00
-1.500000000000000000e+02 4.665122801004127240e+00
-1.490000000000000000e+02 4.660003038563290012e+00
-1.480000000000000000e+02 4.649429790461677925e+00
-1.470000000000000000e+02 4.643910555178925925e+00
-1.460000000000000000e+02 4.634475578525827366e+00
-1.450000000000000000e+02 4.630170634652075456e+00
-1.440000000000000000e+02 4.627609214918445346e+00
-1.430000000000000000e+02 4.626673383431868736e+00
-1.420000000000000000e+02 4.632993943432731854e+00
-1.410000000000000000e+02 4.643805503548549929e+00
-1.400000000000000000e+02 4.662339639864852892e+00
-1.390000000000000000e+02 4.688236752571450339e+00
-1.380000000000000000e+02 4.717295353704076710e+00
-1.370000000000000000e+02 4.754968708553258594e+00
-1.360000000000000000e+02 4.794648774630556609e+00
-1.350000000000000000e+02 4.835817544897370368e+00
-1.340000000000000000e+02 4.880513348998824164e+00
-1.330000000000000000e+02 4.918913845787693084e+00
-1.320000000000000000e+02 4.957210416838849554e+00
-1.310000000000000000e+02 4.988482478759121541e+00
-1.300000000000000000e+02 5.009160164978553986e+00
-1.290000000000000000e+02 5.023566679743311170e+00
-1.280000000000000000e+02 5.024441555061082809e+00
-1.270000000000000000e+02 5.012647902578128978e+00
-1.260000000000000000e+02 4.989983156366664119e+00
-1.250000000000000000e+02 4.952029489479390811e+00
-1.240000000000000000e+02 4.902389575982684988e+00
-1.230000000000000000e+02 4.848835868871966603e+00
-1.220000000000000000e+02 4.782298503183091576e+00
-1.210000000000000000e+02 4.715013535554921198e+00
-1.200000000000000000e+02 4.645189740093102593e+00
-1.190000000000000000e+02 4.579595525024936720e+00
-1.180000000000000000e+02 4.522215903089684907e+00
-1.170000000000000000e+02 4.479580642058508921e+00
-1.160000000000000000e+02 4.451045661435850676e+00
-1.150000000000000000e+02 4.440854635947194318e+00
-1.140000000000000000e+02 4.445334058235589580e+00
-1.130000000000000000e+02 4.470184511107246905e+00
-1.120000000000000000e+02 4.504816688289920990e+00
-1.110000000000000000e+02 4.552445449409864509e+00
-1.100000000000000000e+02 4.599161923516569495e+00
-1.090000000000000000e+02 4.652171462442219685e+00
-1.080000000000000000e+02 4.699292895929662706e+00
-1.070000000000000000e+02 4.739235282789413084e+00
-1.060000000000000000e+02 4.772834838843344585e+00
-1.050000000000000000e+02 4.798591650726689473e+00
-1.040000000000000000e+02 4.813831832738004302e+00
-1.030000000000000000e+02 4.822503618695132666e+00
-1.020000000000000000e+02 4.826155446600981058e+00
-1.010000000000000000e+02 4.822599973160585307e+00
-1.000000000000000000e+02 4.818262322675229470e+00
-9.900000000000000000e+01 4.811910715554909679e+00
-9.800000000000000000e+01 4.805429284763093278e+00
-9.700000000000000000e+01 4.806439827117105601e+00
-9.600000000000000000e+01 4.804866362980227734e+00
-9.500000000000000000e+01 4.812108622926010604e+00
-9.400000000000000000e+01 4.823483752075490294e+00
-9.300000000000000000e+01 4.838506828136307725e+00
-9.200000000000000000e+01 4.852188621984726780e+00
-9.100000000000000000e+01 4.871778932378230564e+00
-9.000000000000000000e+01 4.890027851594734187e+00
-8.900000000000000000e+01 4.903326819395100955e+00
-8.800000000000000000e+01 4.918049589046292525e+00
-8.700000000000000000e+01 4.925621110500951083e+00
-8.600000000000000000e+01 4.928795508738656572e+00
-8.500000000000000000e+01 4.923465322034409120e+00
-8.400000000000000000e+01 4.908011552066937178e+00
-8.300000000000000000e+01 4.890613392919387792e+00
-8.200000000000000000e+01 4.861035741981359237e+00
-8.100000000000000000e+01 4.828200323819237916e+00
-8.000000000000000000e+01 4.786095257524589641e+00
-7.900000000000000000e+01 4.742466343188297628e+00
-7.800000000000000000e+01 4.694361832376119814e+00
-7.700000000000000000e+01 4.648111416710344557e+00
-7.600000000000000000e+01 4.603967625886938642e+00
-7.500000000000000000e+01 4.565548848694317208e+00
-7.400000000000000000e+01 4.527796405000310997e+00
-7.300000000000000000e+01 4.504109232681816621e+00
-7.200000000000000000e+01 4.487432445032343509e+00
-7.100000000000000000e+01 4.481899577668823298e+00
-7.000000000000000000e+01 4.486470380640725786e+00
-6.900000000000000000e+01 4.499636520926828531e+00
-6.800000000000000000e+01 4.519498760423246608e+00
-6.700000000000000000e+01 4.548706452437238923e+00
-6.600000000000000000e+01 4.581258036452328319e+00
-6.500000000000000000e+01 4.615618838631077026e+00
-6.400000000000000000e+01 4.653865183686570539e+00
-6.300000000000000000e+01 4.689144371115785859e+00
-6.200000000000000000e+01 4.722859234787414984e+00
-6.100000000000000000e+01 4.756611897817963452e+00
-6.000000000000000000e+01 4.786794909227076289e+00
-5.900000000000000000e+01 4.811532420643081842e+00
-5.800000000000000000e+01 4.835843196166464963e+00
-5.700000000000000000e+01 4.857284674047882334e+00
-5.600000000000000000e+01 4.874946267007332246e+00
-5.500000000000000000e+01 4.888844967248076934e+00
-5.400000000000000000e+01 4.905188586965063990e+00
-5.300000000000000000e+01 4.914983040367002509e+00
-5.200000000000000000e+01 4.923694721434301869e+00
-5.100000000000000000e+01 4.929038210151786004e+00
-5.000000000000000000e+01 4.930124765751670246e+00
-4.900000000000000000e+01 4.930892163422475605e+00
-4.800000000000000000e+01 4.924731431849736829e+00
-4.700000000000000000e+01 4.921815670392246211e+00
-4.600000000000000000e+01 4.911706653409554590e+00
-4.500000000000000000e+01 4.899058188681087778e+00
-4.400000000000000000e+01 4.884835889414314458e+00
-4.300000000000000000e+01 4.867625100016591766e+00
-4.200000000000000000e+01 4.847961426852030797e+00
-4.100000000000000000e+01 4.825745360841706244e+00
-4.000000000000000000e+01 4.805410575325042899e+00
-3.900000000000000000e+01 4.779000435161775862e+00
-3.800000000000000000e+01 4.757179222853398670e+00
-3.700000000000000000e+01 4.730669235188098121e+00
-3.600000000000000000e+01 4.705079993258757476e+00
-3.500000000000000000e+01 4.680017794975869450e+00
-3.400000000000000000e+01 4.654629907207267436e+00
-3.300000000000000000e+01 4.629232351801659817e+00
-3.200000000000000000e+01 4.606786498300848187e+00
-3.100000000000000000e+01 4.584140767400986860e+00
-3.000000000000000000e+01 4.562860960771606855e+00
-2.900000000000000000e+01 4.543746271320840968e+00
-2.800000000000000000e+01 4.530566421327401727e+00
-2.700000000000000000e+01 4.522454699734871575e+00
-2.600000000000000000e+01 4.519577521303039802e+00
-2.500000000000000000e+01 4.524954714146694812e+00
-2.400000000000000000e+01 4.539337690549666071e+00
-2.300000000000000000e+01 4.560718115728469080e+00
-2.200000000000000000e+01 4.589640748645921420e+00
-2.100000000000000000e+01 4.626327026975264545e+00
-2.000000000000000000e+01 4.667144807862813494e+00
-1.900000000000000000e+01 4.711894038672091334e+00
-1.800000000000000000e+01 4.758974201406418914e+00
-1.700000000000000000e+01 4.804953095211395464e+00
-1.600000000000000000e+01 4.848925424836249221e+00
-1.500000000000000000e+01 4.888680663618292677e+00
-1.400000000000000000e+01 4.921228438139864103e+00
-1.300000000000000000e+01 4.946776548310634958e+00
-1.200000000000000000e+01 4.964336878215760862e+00
-1.100000000000000000e+01 4.973239379981136743e+00
-1.000000000000000000e+01 4.974924286227000891e+00
-9.000000000000000000e+00 4.963869972483758275e+00
-8.000000000000000000e+00 4.948227842211719185e+00
-7.000000000000000000e+00 4.924756696662842437e+00
-6.000000000000000000e+00 4.896828508223585175e+00
-5.000000000000000000e+00 4.866819260527486257e+00
-4.000000000000000000e+00 4.834738772191857770e+00
-3.000000000000000000e+00 4.801994286718277216e+00
-2.000000000000000000e+00 4.772509831075243625e+00
-1.000000000000000000e+00 4.745430108829557625e+00
0.000000000000000000e+00 4.722141238770746874e+00
