   -2600.000       0.031995       0.398170     566.523867
   -2599.000       0.024944       0.400817     562.316617
   -2598.000       0.015976       0.403593     556.129602
   -2597.000       0.005774       0.406417     548.605510
   -2596.000      -0.004745       0.409207     540.659913
   -2595.000      -0.014662       0.411893     533.200871
   -2594.000      -0.023398       0.414401     526.780293
   -2593.000      -0.030163       0.416662     522.159337
   -2592.000      -0.034468       0.418628     519.810225
   -2591.000      -0.036212       0.420242     519.797076
   -2590.000      -0.035158       0.421468     522.340926
   -2589.000      -0.031497       0.422282     527.243925
   -2588.000      -0.025661       0.422662     534.048476
   -2587.000      -0.018000       0.422602     542.384029
   -2586.000      -0.009135       0.422112     551.591748
   -2585.000       0.000139       0.421203     560.806758
   -2584.000       0.009303       0.419906     569.448005
   -2583.000       0.017612       0.418259     576.702484
   -2582.000       0.024432       0.416306     581.860528
   -2581.000       0.029356       0.414106     584.514719
   -2580.000       0.032067       0.411721     584.383128
   -2579.000       0.032271       0.409215     581.225758
   -2578.000       0.030129       0.406661     575.378960
   -2577.000       0.025815       0.404132     567.194727
   -2576.000       0.019533       0.401695     557.046123
   -2575.000       0.012007       0.399425     545.894816
   -2574.000       0.003711       0.397385     534.362336
   -2573.000      -0.004771       0.395628     523.145776
   -2572.000      -0.012633       0.394208     513.142582
   -2571.000      -0.019358       0.393165     504.883691
   -2570.000      -0.024547       0.392518     498.758863
   -2569.000      -0.027616       0.392286     495.328351
   -2568.000      -0.028572       0.392465     494.550509
   -2567.000      -0.027350       0.393038     496.468153
   -2566.000      -0.024020       0.393981     500.992250
   -2565.000      -0.018951       0.395254     507.742178
   -2564.000      -0.012671       0.396805     516.164669
   -2563.000      -0.005456       0.398588     525.943024
   -2562.000       0.001921       0.400538     536.232745
   -2561.000       0.008965       0.402598     546.429391
   -2560.000       0.015282       0.404709     556.020713
   -2559.000       0.020296       0.406813     564.266969
   -2558.000       0.023713       0.408854     570.727361
   -2557.000       0.025464       0.410786     575.221445
   -2556.000       0.025279       0.412561     577.339534
   -2555.000       0.023344       0.414143     577.224601
   -2554.000       0.019852       0.415502     575.051217
   -2553.000       0.015022       0.416610     571.030229
   -2552.000       0.009236       0.417452     565.596403
   -2551.000       0.003016       0.418016     559.345056
   -2550.000      -0.003337       0.418296     552.613460
   -2549.000      -0.009290       0.418292     546.012262
   -2548.000      -0.014423       0.418012     540.014763
   -2547.000      -0.018481       0.417463     534.900740
   -2546.000      -0.021190       0.416664     530.981083
   -2545.000      -0.022283       0.415633     528.545274
   -2544.000      -0.021939       0.414395     527.422627
   -2543.000      -0.020030       0.412977     527.763665
   -2542.000      -0.016797       0.411410     529.336483
   -2541.000      -0.012518       0.409725     531.881429
   -2540.000      -0.007490       0.407961     535.118253
   -2539.000      -0.002014       0.406149     538.756568
   -2538.000       0.003398       0.404328     542.300267
   -2537.000       0.008517       0.402534     545.539277
   -2536.000       0.012941       0.400802     548.086807
   -2535.000       0.016390       0.399167     549.688435
   -2534.000       0.018653       0.397665     550.163987
   -2533.000       0.019673       0.396328     549.504760
   -2532.000       0.019282       0.395184     547.575615
   -2531.000       0.017613       0.394263     544.572456
   -2530.000       0.014810       0.393587     540.696077
   -2529.000       0.010942       0.393178     536.045881
   -2528.000       0.006426       0.393050     531.102980
   -2527.000       0.001450       0.393215     526.074318
   -2526.000      -0.003618       0.393677     521.340829
   -2525.000      -0.008474       0.394437     517.218579
   -2524.000      -0.012702       0.395487     514.111476
   -2523.000      -0.016186       0.396812     512.113322
   -2522.000      -0.018496       0.398394     511.638004
   -2521.000      -0.019590       0.400204     512.697844
   -2520.000      -0.019310       0.402204     515.421031
   -2519.000      -0.017688       0.404358     519.751928
   -2518.000      -0.014722       0.406619     525.661696
   -2517.000      -0.010743       0.408935     532.776999
   -2516.000      -0.005813       0.411258     540.989549
   -2515.000      -0.000404       0.413535     549.755325
   -2514.000       0.005154       0.415707     558.650447
   -2513.000       0.010509       0.417731     567.214825
   -2512.000       0.015209       0.419551     574.862622
   -2511.000       0.018889       0.421120     581.087307
   -2510.000       0.021300       0.422398     585.516933
   -2509.000       0.022145       0.423344     587.733652
   -2508.000       0.021359       0.423924     587.597063
   -2507.000       0.018920       0.424116     585.054992
   -2506.000       0.015003       0.423899     580.297602
   -2505.000       0.009772       0.423263     573.529107
   -2504.000       0.003737       0.422214     565.385747
   -2503.000      -0.002780       0.420756     556.263388
   -2502.000      -0.009166       0.418913     546.904407
   -2501.000      -0.014949       0.416719     537.883725
   -2500.000      -0.019558       0.414213     529.846586
   -2499.000      -0.022670       0.411446     523.178266
   -2498.000      -0.023809       0.408484     518.416116
   -2497.000      -0.023005       0.405391     515.560940
   -2496.000      -0.020107       0.402246     514.820329
   -2495.000      -0.015451       0.399134     515.918207
   -2494.000      -0.009349       0.396136     518.618162
   -2493.000      -0.002395       0.393340     522.404217
   -2492.000       0.004786       0.390835     526.743302
   -2491.000       0.011514       0.388693     531.041078
   -2490.000       0.017088       0.386990     534.668786
   -2489.000       0.021000       0.385785     537.186251
   -2488.000       0.022836       0.385118     538.224917
   -2487.000       0.022447       0.385019     537.673308
   -2486.000       0.019862       0.385500     535.580093
   -2485.000       0.015453       0.386542     532.308589
   -2484.000       0.009599       0.388122     528.217443
   -2483.000       0.003030       0.390195     523.995189
   -2482.000      -0.003649       0.392693     520.161548
   -2481.000      -0.009731       0.395543     517.348069
   -2480.000      -0.014695       0.398666     515.988967
   -2479.000      -0.018003       0.401965     516.522196
   -2478.000      -0.019553       0.405354     518.979458
   -2477.000      -0.019158       0.408739     523.475056
   -2476.000      -0.017006       0.412031     529.749432
   -2475.000      -0.013404       0.415152     537.429597
   -2474.000      -0.008732       0.418022     546.043744
   -2473.000      -0.003481       0.420573     554.994185
   -2472.000       0.001768       0.422755     563.572484
   -2471.000       0.006629       0.424517     571.263722
   -2470.000       0.010575       0.425821     577.394192
   -2469.000       0.013353       0.426652     581.618484
   -2468.000       0.014717       0.426991     583.601502
   -2467.000       0.014669       0.426841     583.336925
   -2466.000       0.013223       0.426216     580.859229
   -2465.000       0.010630       0.425135     576.499811
   -2464.000       0.007195       0.423633     570.671638
   -2463.000       0.003265       0.421758     563.858968
   -2462.000      -0.000743       0.419554     556.599603
   -2461.000      -0.004378       0.417082     549.480899
   -2460.000      -0.007408       0.414409     542.836169
   -2459.000      -0.009431       0.411599     537.158334
   -2458.000      -0.010364       0.408722     532.601686
   -2457.000      -0.010147       0.405857     529.300550
   -2456.000      -0.008850       0.403068     527.233814
   -2455.000      -0.006639       0.400425     526.298326
   -2454.000      -0.003884       0.397996     526.175881
   -2453.000      -0.000794       0.395831     526.713129
   -2452.000       0.002179       0.393983     527.502712
   -2451.000       0.004728       0.392489     528.277476
   -2450.000       0.006608       0.391372     528.821071
   -2449.000       0.007642       0.390652     528.981105
   -2448.000       0.007645       0.390331     528.568116
   -2447.000       0.006823       0.390400     527.793664
   -2446.000       0.005172       0.390846     526.631016
   -2445.000       0.002931       0.391640     525.295637
   -2444.000       0.000450       0.392749     524.101149
   -2443.000      -0.002076       0.394134     523.200364
   -2442.000      -0.004347       0.395751     522.845877
   -2441.000      -0.006059       0.397549     523.292336
   -2440.000      -0.007094       0.399485     524.609698
   -2439.000      -0.007395       0.401507     526.803529
   -2438.000      -0.006806       0.403569     529.988645
   -2437.000      -0.005534       0.405624     533.904877
   -2436.000      -0.003677       0.407634     538.408552
   -2435.000      -0.001367       0.409557     543.317949
   -2434.000       0.001092       0.411362     548.268560
   -2433.000       0.003430       0.413019     552.923873
   -2432.000       0.005571       0.414501     557.166655
   -2431.000       0.007121       0.415788     560.520070
   -2430.000       0.008008       0.416862     562.874975
   -2429.000       0.008228       0.417708     564.199284
   -2428.000       0.007579       0.418319     564.250069
   -2427.000       0.006239       0.418687     563.218731
   -2426.000       0.004313       0.418809     561.220462
   -2425.000       0.001925       0.418684     558.398235
   -2424.000      -0.000712       0.418314     555.003874
   -2423.000      -0.003259       0.417703     551.420234
   -2422.000      -0.005627       0.416860     547.762781
   -2421.000      -0.007517       0.415798     544.376042
   -2420.000      -0.008703       0.414530     541.515818
   -2419.000      -0.009197       0.413078     539.192667
   -2418.000      -0.008862       0.411466     537.573590
   -2417.000      -0.007678       0.409724     536.706585
   -2416.000      -0.005883       0.407885     536.369964
   -2415.000      -0.003546       0.405990     536.530131
   -2414.000      -0.000822       0.404076     537.064579
   -2413.000       0.001840       0.402190     537.546184
   -2412.000       0.004388       0.400375     537.975920
   -2411.000       0.006520       0.398676     538.092033
   -2410.000       0.007970       0.397140     537.672050
   -2409.000       0.008687       0.395809     536.725497
   -2408.000       0.008670       0.394721     535.308070
   -2407.000       0.007756       0.393918     533.305691
   -2406.000       0.006257       0.393428     531.090278
   -2405.000       0.004272       0.393277     528.800598
   -2404.000       0.001930       0.393483     526.595079
   -2403.000      -0.000384       0.394051     524.878691
   -2402.000      -0.002482       0.394976     523.835622
   -2401.000      -0.004306       0.396246     523.507298
   -2400.000      -0.005494       0.397829     524.229860
   -2399.000      -0.006124       0.399688     525.875463
   -2398.000      -0.006226       0.401778     528.364405
   -2397.000      -0.005744       0.404038     531.683109
   -2396.000      -0.004874       0.406408     535.560705
   -2395.000      -0.003844       0.408824     539.675941
   -2394.000      -0.002642       0.411213     543.956210
   -2393.000      -0.001547       0.413509     548.016647
   -2392.000      -0.000675       0.415651     551.648439
   -2391.000       0.000004       0.417572     554.797856
   -2390.000       0.000446       0.419219     557.347258
   -2389.000       0.000553       0.420546     559.123140
   -2388.000       0.000679       0.421507     560.465066
   -2387.000       0.000709       0.422074     561.207648
   -2386.000       0.000799       0.422224     561.498395
   -2385.000       0.001186       0.421940     561.579182
   -2384.000       0.001792       0.421225     561.367308
   -2383.000       0.002627       0.420082     560.874249
   -2382.000       0.003822       0.418532     560.267054
   -2381.000       0.005038       0.416611     559.206723
   -2380.000       0.006223       0.414360     557.683581
   -2379.000       0.007211       0.411832     555.578123
   -2378.000       0.007692       0.409101     552.644694
   -2377.000       0.007439       0.406236     548.729731
   -2376.000       0.006479       0.403321     543.989497
   -2375.000       0.004514       0.400445     538.231175
   -2374.000       0.001706       0.397691     531.764861
   -2373.000      -0.001742       0.395147     524.932541
   -2372.000      -0.005660       0.392896     518.033601
   -2371.000      -0.009631       0.391008     511.587722
   -2370.000      -0.013084       0.389546     506.252494
   -2369.000      -0.015758       0.388565     502.340346
   -2368.000      -0.017118       0.388095     500.408255
   -2367.000      -0.016803       0.388155     500.835031
   -2366.000      -0.014842       0.388751     503.603352
   -2365.000      -0.011113       0.389859     508.831637
   -2364.000      -0.005896       0.391446     516.237096
   -2363.000       0.000344       0.393465     525.335128
   -2362.000       0.007021       0.395845     535.462961
   -2361.000       0.013679       0.398517     546.079413
   -2360.000       0.019322       0.401395     555.991931
   -2359.000       0.023613       0.404391     564.685244
   -2358.000       0.025974       0.407425     571.363100
   -2357.000       0.025997       0.410410     575.384909
   -2356.000       0.023650       0.413262     576.556877
   -2355.000       0.019118       0.415920     574.978422
   -2354.000       0.012485       0.418313     570.637636
   -2353.000       0.004536       0.420387     564.383435
   -2352.000      -0.004196       0.422103     556.789996
   -2351.000      -0.013024       0.423425     548.617341
   -2350.000      -0.021020       0.424326     540.889501
   -2349.000      -0.027504       0.424800     534.349977
   -2348.000      -0.031964       0.424839     529.551060
   -2347.000      -0.033748       0.424450     527.185933
   -2346.000      -0.032719       0.423654     527.417293
   -2345.000      -0.028911       0.422473     530.224803
   -2344.000      -0.022464       0.420940     535.489828
   -2343.000      -0.013874       0.419102     542.736942
   -2342.000      -0.003999       0.417000     551.081795
   -2341.000       0.006627       0.414689     559.995488
   -2340.000       0.016816       0.412231     568.224520
   -2339.000       0.025771       0.409677     574.925188
   -2338.000       0.032677       0.407089     579.242737
   -2337.000       0.036859       0.404531     580.502579
   -2336.000       0.037775       0.402052     578.174101
   -2335.000       0.035501       0.399707     572.489771
   -2334.000       0.029978       0.397548     563.515947
   -2333.000       0.021761       0.395611     552.011721
   -2332.000       0.011588       0.393937     538.917286
   -2331.000       0.000319       0.392557     525.232225
   -2330.000      -0.011066       0.391490     512.023454
   -2329.000      -0.021417       0.390753     500.469882
   -2328.000      -0.029901       0.390359     491.356882
   -2327.000      -0.035787       0.390301     485.344445
   -2326.000      -0.038414       0.390577     483.019677
   -2325.000      -0.037751       0.391172     484.379408
   -2324.000      -0.033802       0.392064     489.414727
   -2323.000      -0.026953       0.393231     497.764431
   -2322.000      -0.017871       0.394647     508.822314
   -2321.000      -0.007425       0.396276     521.724536
   -2320.000       0.003603       0.398090     535.678273
   -2319.000       0.014121       0.400056     549.507491
   -2318.000       0.023320       0.402137     562.258374
   -2317.000       0.030518       0.404298     573.072722
   -2316.000       0.035100       0.406506     581.145992
   -2315.000       0.036755       0.408719     585.976460
   -2314.000       0.035566       0.410900     587.559960
   -2313.000       0.031510       0.413013     585.766082
   -2312.000       0.025129       0.415016     581.160851
   -2311.000       0.016986       0.416875     574.359348
   -2310.000       0.007663       0.418556     565.987465
   -2309.000      -0.002033       0.420024     556.954117
   -2308.000      -0.011279       0.421250     548.158836
   -2307.000      -0.019588       0.422211     540.112870
   -2306.000      -0.026176       0.422879     533.641845
   -2305.000      -0.030709       0.423240     529.083795
   -2304.000      -0.032910       0.423280     526.700782
   -2303.000      -0.032673       0.422984     526.584885
   -2302.000      -0.030037       0.422351     528.682549
   -2301.000      -0.025398       0.421383     532.574794
   -2300.000      -0.019004       0.420081     537.987845
   -2299.000      -0.011425       0.418465     544.322018
   -2298.000      -0.003289       0.416554     550.913712
   -2297.000       0.004887       0.414375     557.196003
   -2296.000       0.012495       0.411971     562.541972
   -2295.000       0.018917       0.409389     566.302040
   -2294.000       0.023858       0.406681     568.207042
   -2293.000       0.026904       0.403916     567.891567
   -2292.000       0.027920       0.401163     565.318647
   -2291.000       0.026910       0.398490     560.623945
   -2290.000       0.024025       0.395982     554.129174
   -2289.000       0.019468       0.393706     546.187024
   -2288.000       0.013740       0.391729     537.473871
   -2287.000       0.007223       0.390121     528.494651
   -2286.000       0.000436       0.388928     519.859210
   -2285.000      -0.006122       0.388188     512.118473
   -2284.000      -0.011979       0.387934     505.765774
   -2283.000      -0.016859       0.388173     501.055202
   -2282.000      -0.020377       0.388903     498.346391
   -2281.000      -0.022484       0.390111     497.651917
   -2280.000      -0.023098       0.391764     499.010669
   -2279.000      -0.022256       0.393815     502.338869
   -2278.000      -0.020136       0.396213     507.421213
   -2277.000      -0.016882       0.398884     514.051094
   -2276.000      -0.012773       0.401753     521.876633
   -2275.000      -0.007976       0.404739     530.661333
   -2274.000      -0.002828       0.407752     539.954366
   -2273.000       0.002505       0.410703     549.476502
   -2272.000       0.007745       0.413517     558.830783
   -2271.000       0.012672       0.416107     567.653231
   -2270.000       0.017047       0.418406     575.562747
   -2269.000       0.020696       0.420361     582.273382
   -2268.000       0.023324       0.421916     587.337764
   -2267.000       0.024822       0.423040     590.565426
   -2266.000       0.024979       0.423713     591.667473
   -2265.000       0.023653       0.423918     590.446778
   -2264.000       0.020844       0.423664     586.929749
   -2263.000       0.016505       0.422964     581.093150
   -2262.000       0.010823       0.421837     573.230324
   -2261.000       0.003980       0.420323     563.646455
   -2260.000      -0.003617       0.418466     552.896864
   -2259.000      -0.011564       0.416314     541.539634
   -2258.000      -0.019246       0.413933     530.349488
   -2257.000      -0.026076       0.411390     520.019163
   -2256.000      -0.031468       0.408752     511.235394
   -2255.000      -0.034764       0.406102     504.719742
   -2254.000      -0.035580       0.403515     500.904215
   -2253.000      -0.033571       0.401067     500.180374
   -2252.000      -0.028685       0.398833     502.658693
   -2251.000      -0.021097       0.396875     508.251722
   -2250.000      -0.011297       0.395249     516.543641
   -2249.000       0.000054       0.394002     526.972157
   -2248.000       0.011971       0.393158     538.599453
   -2247.000       0.023475       0.392731     550.433215
   -2246.000       0.033439       0.392724     561.279562
   -2245.000       0.040949       0.393120     570.105293
   -2244.000       0.045139       0.393890     575.858771
   -2243.000       0.045548       0.395002     577.939976
   -2242.000       0.041989       0.396405     576.028027
   -2241.000       0.034636       0.398050     570.243550
   -2240.000       0.024054       0.399879     561.145166
   -2239.000       0.011108       0.401831     549.646291
   -2238.000      -0.003142       0.403848     536.865320
   -2237.000      -0.017446       0.405873     524.108750
   -2236.000      -0.030564       0.407846     512.599361
   -2235.000      -0.041347       0.409719     503.488555
   -2234.000      -0.048874       0.411446     497.635049
   -2233.000      -0.052342       0.412987     495.795359
   -2232.000      -0.051579       0.414315     498.143253
   -2231.000      -0.046475       0.415408     504.803147
   -2230.000      -0.037445       0.416248     515.424093
   -2229.000      -0.025285       0.416833     529.250626
   -2228.000      -0.010925       0.417157     545.381950
   -2227.000       0.004467       0.417225     562.597851
   -2226.000       0.019456       0.417050     579.288294
   -2225.000       0.032985       0.416640     594.223043
   -2224.000       0.043785       0.416014     605.859571
   -2223.000       0.050940       0.415192     613.037676
   -2222.000       0.053947       0.414196     615.147143
   -2221.000       0.052475       0.413047     611.807397
   -2220.000       0.046642       0.411775     603.262422
   -2219.000       0.037051       0.410404     590.370802
   -2218.000       0.024437       0.408964     574.146127
   -2217.000       0.009908       0.407480     556.036745
   -2216.000      -0.005246       0.405979     537.549483
   -2215.000      -0.019761       0.404487     520.120787
   -2214.000      -0.032488       0.403031     504.938931
   -2213.000      -0.042190       0.401634     493.188784
   -2212.000      -0.048277       0.400321     485.387159
   -2211.000      -0.050185       0.399113     482.014158
   -2210.000      -0.047848       0.398034     483.097106
   -2209.000      -0.041558       0.397104     488.362741
   -2208.000      -0.031981       0.396345     497.212433
   -2207.000      -0.019926       0.395779     508.923741
   -2206.000      -0.006566       0.395422     522.383735
   -2205.000       0.006931       0.395291     536.436691
   -2204.000       0.019503       0.395400     549.992551
   -2203.000       0.030027       0.395757     561.812382
   -2202.000       0.037734       0.396365     571.003263
   -2201.000       0.042119       0.397222     576.945117
   -2200.000       0.042965       0.398318     579.316089
   -2199.000       0.040243       0.399639     578.020735
   -2198.000       0.034592       0.401163     573.750069
   -2197.000       0.026333       0.402862     566.807010
   -2196.000       0.016463       0.404708     558.294096
   -2195.000       0.005776       0.406664     549.038176
   -2194.000      -0.004845       0.408688     539.960118
   -2193.000      -0.014643       0.410744     531.828107
   -2192.000      -0.022775       0.412782     525.465737
   -2191.000      -0.028926       0.414756     521.148324
   -2190.000      -0.032672       0.416616     519.262634
   -2189.000      -0.033860       0.418313     519.913050
   -2188.000      -0.032677       0.419796     522.871122
   -2187.000      -0.029319       0.421021     527.898808
   -2186.000      -0.024071       0.421941     534.665039
   -2185.000      -0.017593       0.422524     542.439857
   -2184.000      -0.010267       0.422743     550.777226
   -2183.000      -0.002609       0.422578     559.081425
   -2182.000       0.004726       0.422020     566.582358
   -2181.000       0.011394       0.421076     572.874980
   -2180.000       0.017087       0.419752     577.589625
   -2179.000       0.021274       0.418074     580.118142
   -2178.000       0.024066       0.416075     580.631967
   -2177.000       0.025214       0.413788     578.885947
   -2176.000       0.024769       0.411266     575.025752
   -2175.000       0.022856       0.408565     569.297824
   -2174.000       0.019777       0.405742     562.157637
   -2173.000       0.015511       0.402870     553.707344
   -2172.000       0.010642       0.400024     544.725381
   -2171.000       0.005310       0.397276     535.467571
   -2170.000      -0.000207       0.394714     526.356140
   -2169.000      -0.005499       0.392414     517.908601
   -2168.000      -0.010339       0.390448     510.431470
   -2167.000      -0.014599       0.388889     504.124860
   -2166.000      -0.017887       0.387792     499.419745
   -2165.000      -0.020169       0.387193     496.370499
   -2164.000      -0.021387       0.387124     495.058196
   -2163.000      -0.021280       0.387585     495.729554
   -2162.000      -0.020008       0.388560     498.213938
   -2161.000      -0.017559       0.390021     502.507322
   -2160.000      -0.013969       0.391918     508.534897
   -2159.000      -0.009387       0.394184     516.105469
   -2158.000      -0.004161       0.396758     524.811494
   -2157.000       0.001695       0.399556     534.572443
   -2156.000       0.007671       0.402497     544.764292
   -2155.000       0.013435       0.405510     554.943802
   -2154.000       0.018748       0.408510     564.732453
   -2153.000       0.023097       0.411421     573.431202
   -2152.000       0.026104       0.414181     580.493840
   -2151.000       0.027662       0.416717     585.665162
   -2150.000       0.027315       0.418972     588.297347
   -2149.000       0.025083       0.420904     588.334594
   -2148.000       0.020990       0.422464     585.734806
   -2147.000       0.015144       0.423625     580.595875
   -2146.000       0.007802       0.424371     573.230623
   -2145.000      -0.000417       0.424691     564.375087
   -2144.000      -0.009184       0.424589     554.452896
   -2143.000      -0.017731       0.424086     544.379492
   -2142.000      -0.025368       0.423197     534.951086
   -2141.000      -0.031486       0.421962     526.862347
   -2140.000      -0.035543       0.420419     520.725729
   -2139.000      -0.036860       0.418609     517.251829
   -2138.000      -0.035420       0.416582     516.495905
   -2137.000      -0.031023       0.414395     518.697603
   -2136.000      -0.023817       0.412092     523.734994
   -2135.000      -0.014424       0.409734     531.041514
   -2134.000      -0.003426       0.407372     540.058461
   -2133.000       0.008358       0.405060     549.996022
   -2132.000       0.019726       0.402849     559.617513
   -2131.000       0.029799       0.400791     568.018138
   -2130.000       0.037612       0.398922     574.176621
   -2129.000       0.042240       0.397284     577.099696
   -2128.000       0.043220       0.395905     576.320744
   -2127.000       0.040476       0.394804     571.827959
   -2126.000       0.033857       0.393999     563.506394
   -2125.000       0.024186       0.393493     552.370902
   -2124.000       0.012213       0.393282     539.279394
   -2123.000      -0.001097       0.393358     525.303638
   -2122.000      -0.014345       0.393705     511.903225
   -2121.000      -0.026322       0.394304     500.266963
   -2120.000      -0.036079       0.395134     491.275138
   -2119.000      -0.042451       0.396168     486.000940
   -2118.000      -0.045009       0.397377     484.800079
   -2117.000      -0.043564       0.398735     487.835471
   -2116.000      -0.038142       0.400211     495.092624
   -2115.000      -0.029406       0.401774     505.969792
   -2114.000      -0.018181       0.403394     519.693074
   -2113.000      -0.005494       0.405041     535.235725
   -2112.000       0.007519       0.406684     551.405843
   -2111.000       0.019498       0.408292     566.658980
   -2110.000       0.029650       0.409840     580.028507
   -2109.000       0.036917       0.411302     590.169242
   -2108.000       0.040785       0.412656     596.370452
   -2107.000       0.041066       0.413883     598.308210
   -2106.000       0.037801       0.414962     595.962127
   -2105.000       0.031332       0.415878     589.712313
   -2104.000       0.022489       0.416617     580.550300
   -2103.000       0.012013       0.417161     569.352507
   -2102.000       0.000880       0.417502     557.252877
   -2101.000      -0.009801       0.417625     545.513960
   -2100.000      -0.019226       0.417522     534.988144
   -2099.000      -0.026608       0.417190     526.507944
   -2098.000      -0.031334       0.416630     520.684764
   -2097.000      -0.033154       0.415845     517.743418
   -2096.000      -0.032122       0.414851     517.619576
   -2095.000      -0.028320       0.413664     520.220317
   -2094.000      -0.022355       0.412307     524.933151
   -2093.000      -0.014904       0.410811     531.079485
   -2092.000      -0.006533       0.409206     538.083253
   -2091.000       0.001719       0.407528     544.877435
   -2090.000       0.009243       0.405818     550.839744
   -2089.000       0.015410       0.404113     555.313057
   -2088.000       0.019693       0.402455     557.777703
   -2087.000       0.021821       0.400889     557.985151
   -2086.000       0.021905       0.399455     556.135552
   -2085.000       0.019927       0.398195     552.275576
   -2084.000       0.016372       0.397150     547.019414
   -2083.000       0.011762       0.396355     540.996910
   -2082.000       0.006550       0.395837     534.730397
   -2081.000       0.001369       0.395621     528.926439
   -2080.000      -0.003203       0.395718     524.193686
   -2079.000      -0.006930       0.396131     520.760524
   -2078.000      -0.009428       0.396852     519.006165
   -2077.000      -0.010607       0.397858     518.986834
   -2076.000      -0.010659       0.399123     520.467779
   -2075.000      -0.009639       0.400610     523.356684
   -2074.000      -0.007881       0.402270     527.252112
   -2073.000      -0.005791       0.404057     531.681703
   -2072.000      -0.003602       0.405919     536.333521
   -2071.000      -0.001655       0.407800     540.773072
   -2070.000      -0.000185       0.409648     544.676035
   -2069.000       0.000698       0.411414     547.847083
   -2068.000       0.001021       0.413046     550.243802
   -2067.000       0.000741       0.414503     551.760663
   -2066.000       0.000118       0.415744     552.625420
   -2065.000      -0.000686       0.416731     552.971598
   -2064.000      -0.001487       0.417440     552.970840
   -2063.000      -0.002007       0.417844     552.903314
   -2062.000      -0.002074       0.417929     552.940161
   -2061.000      -0.001646       0.417693     553.128253
   -2060.000      -0.000589       0.417136     553.613992
   -2059.000       0.001008       0.416270     554.310182
   -2058.000       0.002969       0.415125     555.054803
   -2057.000       0.005159       0.413727     555.725518
   -2056.000       0.007279       0.412119     556.042865
   -2055.000       0.009008       0.410349     555.708795
   -2054.000       0.010147       0.408464     554.568164
   -2053.000       0.010402       0.406522     552.374906
   -2052.000       0.009615       0.404577     549.039727
   -2051.000       0.007752       0.402681     544.612864
   -2050.000       0.004896       0.400891     539.275537
   -2049.000       0.001145       0.399258     533.211847
   -2048.000      -0.003050       0.397825     526.980057
   -2047.000      -0.007440       0.396637     520.891319
   -2046.000      -0.011484       0.395730     515.556676
   -2045.000      -0.014772       0.395126     511.414023
   -2044.000      -0.016888       0.394848     508.900214
   -2043.000      -0.017542       0.394902     508.309968
   -2042.000      -0.016558       0.395284     509.814791
   -2041.000      -0.013916       0.395982     513.433590
   -2040.000      -0.009847       0.396970     518.925279
   -2039.000      -0.004595       0.398216     526.018418
   -2038.000       0.001298       0.399683     534.140758
   -2037.000       0.007348       0.401324     542.732792
   -2036.000       0.012909       0.403089     551.039379
   -2035.000       0.017538       0.404933     558.511414
   -2034.000       0.020612       0.406805     564.358765
   -2033.000       0.021992       0.408658     568.336257
   -2032.000       0.021319       0.410452     569.951247
   -2031.000       0.018764       0.412144     569.319655
   -2030.000       0.014418       0.413696     566.490120
   -2029.000       0.008736       0.415081     561.935932
   -2028.000       0.002161       0.416268     556.134935
   -2027.000      -0.004677       0.417234     549.780219
   -2026.000      -0.011160       0.417963     543.535518
   -2025.000      -0.016714       0.418440     538.028841
   -2024.000      -0.020774       0.418657     533.856055
   -2023.000      -0.022988       0.418614     531.390961
   -2022.000      -0.023144       0.418310     530.857476
   -2021.000      -0.021182       0.417759     532.323965
   -2020.000      -0.017331       0.416976     535.569944
   -2019.000      -0.011912       0.415979     540.263649
   -2018.000      -0.005479       0.414792     545.838551
   -2017.000       0.001402       0.413444     551.713177
   -2016.000       0.007979       0.411962     557.079686
   -2015.000       0.013715       0.410376     561.375720
   -2014.000       0.017942       0.408719     563.894390
   -2013.000       0.020379       0.407018     564.355698
   -2012.000       0.020666       0.405306     562.408969
   -2011.000       0.018987       0.403615     558.331253
   -2010.000       0.015361       0.401973     552.212250
   -2009.000       0.010400       0.400417     544.806717
   -2008.000       0.004549       0.398978     536.660866
   -2007.000      -0.001483       0.397685     528.588192
   -2006.000      -0.007041       0.396569     521.308542
   -2005.000      -0.011503       0.395653     515.479984
   -2004.000      -0.014448       0.394958     511.541033
   -2003.000      -0.015574       0.394501     509.790829
   -2002.000      -0.014807       0.394292     510.307137
   -2001.000      -0.012409       0.394331     512.823204
   -2000.000      -0.008664       0.394623     517.062450
   -1999.000      -0.004135       0.395160     522.453790
   -1998.000       0.000552       0.395934     528.343375
   -1997.000       0.004805       0.396931     534.098498
   -1996.000       0.008155       0.398137     539.201524
   -1995.000       0.010034       0.399529     542.990844
   -1994.000       0.010453       0.401085     545.434720
   -1993.000       0.009258       0.402778     546.308949
   -1992.000       0.006691       0.404574     545.819385
   -1991.000       0.003183       0.406438     544.377659
   -1990.000      -0.000804       0.408335     542.437499
   -1989.000      -0.004744       0.410219     540.515184
   -1988.000      -0.007986       0.412054     539.269003
   -1987.000      -0.010155       0.413798     539.062751
   -1986.000      -0.010873       0.415410     540.266570
   -1985.000      -0.010019       0.416860     542.991945
   -1984.000      -0.007561       0.418114     547.252539
   -1983.000      -0.003893       0.419141     552.599624
   -1982.000       0.000777       0.419925     558.798291
   -1981.000       0.005746       0.420447     565.046676
   -1980.000       0.010481       0.420692     570.720036
   -1979.000       0.014398       0.420654     575.138263
   -1978.000       0.016976       0.420330     577.681940
   -1977.000       0.017696       0.419719     577.744783
   -1976.000       0.016545       0.418833     575.334091
   -1975.000       0.013339       0.417683     570.273112
   -1974.000       0.008363       0.416286     562.950590
   -1973.000       0.002093       0.414674     553.986675
   -1972.000      -0.004931       0.412878     544.058179
   -1971.000      -0.012010       0.410934     534.008782
   -1970.000      -0.018253       0.408891     524.847725
   -1969.000      -0.023087       0.406796     517.222540
   -1968.000      -0.025827       0.404695     511.858653
   -1967.000      -0.026010       0.402645     509.257288
   -1966.000      -0.023560       0.400691     509.515738
   -1965.000      -0.018599       0.398878     512.547312
   -1964.000      -0.011343       0.397254     518.190150
   -1963.000      -0.002728       0.395854     525.545061
   -1962.000       0.006658       0.394711     534.060527
   -1961.000       0.015763       0.393858     542.698819
   -1960.000       0.023624       0.393311     550.445644
   -1959.000       0.029428       0.393085     556.442647
   -1958.000       0.032588       0.393188     560.048945
   -1957.000       0.032578       0.393616     560.650976
   -1956.000       0.029441       0.394353     558.276150
   -1955.000       0.023441       0.395382     553.184183
   -1954.000       0.015015       0.396666     545.817969
   -1953.000       0.005056       0.398168     537.106679
   -1952.000      -0.005522       0.399848     527.981073
   -1951.000      -0.015771       0.401653     519.387701
   -1950.000      -0.024734       0.403535     512.251781
   -1949.000      -0.031432       0.405448     507.514778
   -1948.000      -0.035541       0.407344     505.460669
   -1947.000      -0.036404       0.409176     506.709181
   -1946.000      -0.034117       0.410908     511.161923
   -1945.000      -0.028867       0.412501     518.634525
   -1944.000      -0.021117       0.413925     528.666715
   -1943.000      -0.011465       0.415154     540.659297
   -1942.000      -0.000950       0.416163     553.491356
   -1941.000       0.009718       0.416939     566.369886
   -1940.000       0.019568       0.417470     578.168396
   -1939.000       0.027665       0.417749     587.751048
   -1938.000       0.033498       0.417779     594.476191
   -1937.000       0.036536       0.417564     597.682788
   -1936.000       0.036438       0.417116     596.949549
   -1935.000       0.033402       0.416452     592.555136
   -1934.000       0.027648       0.415595     584.825277
   -1933.000       0.019586       0.414570     574.325155
   -1932.000       0.010101       0.413406     562.178540
   -1931.000      -0.000095       0.412133     549.262811
   -1930.000      -0.010220       0.410783     536.510385
   -1929.000      -0.019169       0.409387     525.134152
   -1928.000      -0.026441       0.407975     515.666025
   -1927.000      -0.031359       0.406579     508.793112
   -1926.000      -0.033511       0.405226     504.912381
   -1925.000      -0.032785       0.403944     504.126219
   -1924.000      -0.029472       0.402758     506.150831
   -1923.000      -0.023623       0.401694     510.953415
   -1922.000      -0.016099       0.400773     517.698708
   -1921.000      -0.007496       0.400014     525.812093
   -1920.000       0.001492       0.399433     534.603601
   -1919.000       0.009936       0.399041     543.112799
   -1918.000       0.017175       0.398841     550.621172
   -1917.000       0.022766       0.398835     556.643080
   -1916.000       0.026142       0.399017     560.520533
   -1915.000       0.027211       0.399375     562.118109
   -1914.000       0.026118       0.399895     561.570686
   -1913.000       0.022921       0.400560     558.907926
   -1912.000       0.018153       0.401349     554.694969
   -1911.000       0.012342       0.402245     549.495006
   -1910.000       0.005976       0.403225     543.809117
   -1909.000      -0.000363       0.404268     538.248972
   -1908.000      -0.006041       0.405353     533.456007
   -1907.000      -0.010849       0.406455     529.624924
   -1906.000      -0.014413       0.407550     527.113581
   -1905.000      -0.016528       0.408615     526.110163
   -1904.000      -0.017394       0.409623     526.373009
   -1903.000      -0.017008       0.410551     527.880412
   -1902.000      -0.015562       0.411376     530.405013
   -1901.000      -0.013480       0.412078     533.480666
   -1900.000      -0.010928       0.412639     536.906662
   -1899.000      -0.008142       0.413047     540.415621
   -1898.000      -0.005471       0.413293     543.616709
   -1897.000      -0.002941       0.413372     546.468039
   -1896.000      -0.000564       0.413284     548.955275
   -1895.000       0.001475       0.413031     550.872706
   -1894.000       0.003426       0.412620     552.499955
   -1893.000       0.005333       0.412062     553.895299
   -1892.000       0.007152       0.411367     555.024869
   -1891.000       0.009071       0.410550     556.110023
   -1890.000       0.011052       0.409627     557.131151
   -1889.000       0.012854       0.408617     557.837675
   -1888.000       0.014504       0.407543     558.297331
   -1887.000       0.015694       0.406430     558.199051
   -1886.000       0.016058       0.405303     557.173225
   -1885.000       0.015500       0.404197     555.171739
   -1884.000       0.013713       0.403142     551.903904
   -1883.000       0.010534       0.402168     547.248937
   -1882.000       0.006059       0.401311     541.378092
   -1881.000       0.000442       0.400596     534.511114
   -1880.000      -0.006099       0.400047     526.926999
   -1879.000      -0.012903       0.399684     519.360724
   -1878.000      -0.019430       0.399516     512.384414
   -1877.000      -0.025143       0.399550     506.550940
   -1876.000      -0.029117       0.399786     502.788086
   -1875.000      -0.030991       0.400217     501.443293
   -1874.000      -0.030327       0.400833     502.950457
   -1873.000      -0.026814       0.401619     507.629116
   -1872.000      -0.020616       0.402555     515.343130
   -1871.000      -0.012178       0.403620     525.677475
   -1870.000      -0.001857       0.404790     538.285898
   -1869.000       0.009237       0.406033     552.023861
   -1868.000       0.020277       0.407319     565.961524
   -1867.000       0.030250       0.408613     578.922932
   -1866.000       0.038102       0.409880     589.615909
   -1865.000       0.042983       0.411085     596.933731
   -1864.000       0.044436       0.412197     600.243114
   -1863.000       0.042009       0.413184     598.915942
   -1862.000       0.035772       0.414022     593.002999
   -1861.000       0.026264       0.414690     583.160208
   -1860.000       0.013972       0.415171     569.992881
   -1859.000       0.000060       0.415455     554.907332
   -1858.000      -0.014303       0.415539     539.277160
   -1857.000      -0.027960       0.415418     524.371357
   -1856.000      -0.039575       0.415097     511.617901
   -1855.000      -0.048069       0.414580     502.086721
   -1854.000      -0.052642       0.413876     496.543925
   -1853.000      -0.052770       0.413001     495.483123
   -1852.000      -0.048253       0.411971     499.091998
   -1851.000      -0.039545       0.410806     506.967338
   -1850.000      -0.027191       0.409533     518.616120
   -1849.000      -0.012294       0.408178     532.988869
   -1848.000       0.003883       0.406773     548.835569
   -1847.000       0.019837       0.405352     564.578997
   -1846.000       0.034296       0.403946     578.818079
   -1845.000       0.045716       0.402592     589.808919
   -1844.000       0.053215       0.401322     596.519631
   -1843.000       0.056052       0.400163     598.102113
   -1842.000       0.053880       0.399142     594.195223
   -1841.000       0.046978       0.398283     585.228995
   -1840.000       0.035944       0.397601     572.018308
   -1839.000       0.021777       0.397111     555.797600
   -1838.000       0.005781       0.396825     538.142858
   -1837.000      -0.010498       0.396746     520.733092
   -1836.000      -0.025749       0.396877     504.924575
   -1835.000      -0.038496       0.397220     492.163672
   -1834.000      -0.047659       0.397767     483.416091
   -1833.000      -0.052558       0.398510     479.256528
   -1832.000      -0.052810       0.399437     480.008674
   -1831.000      -0.048448       0.400526     485.630280
   -1830.000      -0.040166       0.401756     495.505190
   -1829.000      -0.028586       0.403102     509.072235
   -1828.000      -0.014940       0.404534     525.162108
   -1827.000      -0.000480       0.406023     542.505172
   -1826.000       0.013637       0.407541     559.825881
   -1825.000       0.026151       0.409057     575.662788
   -1824.000       0.036071       0.410543     588.774385
   -1823.000       0.042779       0.411974     598.290338
   -1822.000       0.045757       0.413322     603.476364
   -1821.000       0.044982       0.414564     604.193413
   -1820.000       0.040683       0.415676     600.653267
   -1819.000       0.033391       0.416632     593.458330
   -1818.000       0.023752       0.417413     583.368190
   -1817.000       0.012802       0.418000     571.629367
   -1816.000       0.001299       0.418374     559.100639
   -1815.000      -0.009709       0.418525     546.973878
   -1814.000      -0.019455       0.418446     536.088522
   -1813.000      -0.027221       0.418131     527.177313
   -1812.000      -0.032582       0.417586     520.667028
   -1811.000      -0.035180       0.416818     516.903320
   -1810.000      -0.035085       0.415840     515.790155
   -1809.000      -0.032391       0.414665     517.222262
   -1808.000      -0.027512       0.413318     520.779706
   -1807.000      -0.020920       0.411817     525.987465
   -1806.000      -0.013279       0.410192     532.174949
   -1805.000      -0.005165       0.408474     538.755267
   -1804.000       0.002742       0.406692     545.036607
   -1803.000       0.009891       0.404887     550.453909
   -1802.000       0.015829       0.403097     554.556840
   -1801.000       0.020246       0.401361     557.054728
   -1800.000       0.022889       0.399724     557.729737
   -1799.000       0.023865       0.398230     556.765603
   -1798.000       0.023124       0.396913     554.170193
   -1797.000       0.021026       0.395814     550.409825
   -1796.000       0.017762       0.394964     545.743062
   -1795.000       0.013757       0.394381     540.662584
   -1794.000       0.009267       0.394084     535.468346
   -1793.000       0.004676       0.394082     530.580131
   -1792.000       0.000219       0.394367     526.217640
   -1791.000      -0.003932       0.394935     522.551676
   -1790.000      -0.007604       0.395767     519.727269
   -1789.000      -0.010756       0.396838     517.742163
   -1788.000      -0.013328       0.398126     516.628787
   -1787.000      -0.015346       0.399599     516.318673
   -1786.000      -0.016709       0.401220     516.866710
   -1785.000      -0.017540       0.402957     518.113292
   -1784.000      -0.017607       0.404768     520.252814
   -1783.000      -0.017023       0.406608     523.125354
   -1782.000      -0.015563       0.408439     526.930249
   -1781.000      -0.013309       0.410216     531.544695
   -1780.000      -0.010068       0.411892     537.135763
   -1779.000      -0.006049       0.413435     543.452561
   -1778.000      -0.001178       0.414805     550.546116
   -1777.000       0.004246       0.415975     558.068251
   -1776.000       0.009976       0.416925     565.719128
   -1775.000       0.015657       0.417640     573.081518
   -1774.000       0.020847       0.418111     579.632818
   -1773.000       0.025072       0.418340     584.808046
   -1772.000       0.027903       0.418329     588.101258
   -1771.000       0.028920       0.418086     589.020432
   -1770.000       0.027820       0.417625     587.232919
   -1769.000       0.024466       0.416959     582.613193
   -1768.000       0.018924       0.416106     575.300614
   -1767.000       0.011372       0.415087     565.586011
   -1766.000       0.002357       0.413924     554.167155
   -1765.000      -0.007576       0.412642     541.735104
   -1764.000      -0.017556       0.411273     529.323924
   -1763.000      -0.026795       0.409847     517.800971
   -1762.000      -0.034267       0.408395     508.255827
   -1761.000      -0.039389       0.406951     501.290214
   -1760.000      -0.041279       0.405547     497.769619
   -1759.000      -0.039774       0.404211     497.864951
   -1758.000      -0.034628       0.402972     501.836819
   -1757.000      -0.026210       0.401848     509.362580
   -1756.000      -0.015020       0.400860     520.009413
   -1755.000      -0.002074       0.400021     532.788627
   -1754.000       0.011619       0.399340     546.712008
   -1753.000       0.024776       0.398823     560.421306
   -1752.000       0.036085       0.398476     572.458459
   -1751.000       0.044537       0.398299     581.674393
   -1750.000       0.049146       0.398292     586.882343
   -1749.000       0.049365       0.398453     587.417176
   -1748.000       0.045125       0.398775     583.188682
   -1747.000       0.036700       0.399251     574.527862
   -1746.000       0.024680       0.399871     562.158877
   -1745.000       0.010368       0.400620     547.571513
   -1744.000      -0.005191       0.401485     531.957428
   -1743.000      -0.020412       0.402445     517.000284
   -1742.000      -0.033867       0.403479     504.135751
   -1741.000      -0.044383       0.404566     494.488966
   -1740.000      -0.050966       0.405686     488.989793
   -1739.000      -0.052917       0.406817     488.262087
   -1738.000      -0.050189       0.407938     492.354748
   -1737.000      -0.042998       0.409029     501.090891
   -1736.000      -0.031949       0.410070     513.945347
   -1735.000      -0.018218       0.411042     529.786852
   -1734.000      -0.003011       0.411926     547.403700
   -1733.000       0.012376       0.412702     565.403284
   -1732.000       0.026361       0.413353     581.947533
   -1731.000       0.037900       0.413862     595.748547
   -1730.000       0.045908       0.414212     605.406528
   -1729.000       0.049736       0.414394     610.034479
   -1728.000       0.049124       0.414400     609.263847
   -1727.000       0.044307       0.414226     603.375476
   -1726.000       0.035652       0.413874     592.866373
   -1725.000       0.024165       0.413350     579.021644
   -1724.000       0.010872       0.412662     563.125071
   -1723.000      -0.002969       0.411826     546.685007
   -1722.000      -0.016151       0.410858     531.072309
   -1721.000      -0.027374       0.409779     517.652404
   -1720.000      -0.035865       0.408613     507.215794
   -1719.000      -0.040847       0.407389     500.487727
   -1718.000      -0.041941       0.406133     497.809982
   -1717.000      -0.039346       0.404883     498.976517
   -1716.000      -0.033312       0.403672     503.754888
   -1715.000      -0.024535       0.402535     511.492548
   -1714.000      -0.014108       0.401509     521.144955
   -1713.000      -0.002876       0.400628     531.892685
   -1712.000       0.007968       0.399921     542.533016
   -1711.000       0.017404       0.399415     551.985836
   -1710.000       0.024694       0.399129     559.457749
   -1709.000       0.029303       0.399075     564.347340
   -1708.000       0.030826       0.399260     566.177871
   -1707.000       0.029535       0.399679     565.243818
   -1706.000       0.025651       0.400323     561.762192
   -1705.000       0.019706       0.401175     556.311662
   -1704.000       0.012548       0.402210     549.794595
   -1703.000       0.004928       0.403398     542.994484
   -1702.000      -0.002511       0.404708     536.563429
   -1701.000      -0.008876       0.406098     531.395215
   -1700.000      -0.013801       0.407530     527.819142
   -1699.000      -0.017032       0.408963     526.055279
   -1698.000      -0.018236       0.410352     526.395047
   -1697.000      -0.017755       0.411658     528.445754
   -1696.000      -0.015734       0.412841     532.015499
   -1695.000      -0.012554       0.413862     536.662968
   -1694.000      -0.008701       0.414692     541.842992
   -1693.000      -0.004755       0.415304     546.889279
   -1692.000      -0.000920       0.415677     551.546393
   -1691.000       0.002226       0.415803     555.152761
   -1690.000       0.004481       0.415673     557.464243
   -1689.000       0.005857       0.415293     558.489143
   -1688.000       0.006202       0.414676     558.070280
   -1687.000       0.005687       0.413839     556.421899
   -1686.000       0.004648       0.412806     553.952824
   -1685.000       0.003219       0.411605     550.854494
   -1684.000       0.001728       0.410269     547.527734
   -1683.000       0.000621       0.408830     544.506719
   -1682.000      -0.000117       0.407328     541.816672
   -1681.000      -0.000195       0.405799     539.812184
   -1680.000       0.000424       0.404285     538.579484
   -1679.000       0.001539       0.402828     537.947020
   -1678.000       0.003043       0.401464     537.844585
   -1677.000       0.004703       0.400234     538.073815
   -1676.000       0.006119       0.399175     538.251942
   -1675.000       0.006966       0.398315     538.072350
   -1674.000       0.007177       0.397678     537.500580
   -1673.000       0.006264       0.397281     536.037034
   -1672.000       0.004417       0.397128     533.896168
   -1671.000       0.001672       0.397221     531.122324
   -1670.000      -0.001864       0.397551     527.816220
   -1669.000      -0.005765       0.398100     524.408565
   -1668.000      -0.009531       0.398852     521.397309
   -1667.000      -0.012920       0.399779     519.001465
   -1666.000      -0.015276       0.400852     517.865468
   -1665.000      -0.016304       0.402050     518.272480
   -1664.000      -0.015859       0.403342     520.346793
   -1663.000      -0.013699       0.404697     524.323152
   -1662.000      -0.009956       0.406093     530.060758
   -1661.000      -0.004978       0.407502     537.192211
   -1660.000       0.000915       0.408893     545.355022
   -1659.000       0.007195       0.410244     553.975025
   -1658.000       0.013096       0.411527     562.169269
   -1657.000       0.018202       0.412719     569.435859
   -1656.000       0.021890       0.413801     575.017891
   -1655.000       0.023599       0.414750     578.219959
   -1654.000       0.023258       0.415552     578.920900
   -1653.000       0.020676       0.416196     576.875430
   -1652.000       0.015976       0.416675     572.223432
   -1651.000       0.009616       0.416984     565.506805
   -1650.000       0.002129       0.417124     557.355847
   -1649.000      -0.005967       0.417095     548.375579
   -1648.000      -0.013659       0.416896     539.704367
   -1647.000      -0.020358       0.416531     531.983393
   -1646.000      -0.025381       0.416003     525.936919
   -1645.000      -0.028051       0.415312     522.258711
   -1644.000      -0.028149       0.414463     521.165990
   -1643.000      -0.025642       0.413458     522.682076
   -1642.000      -0.020500       0.412305     526.837072
   -1641.000      -0.013330       0.411016     533.016000
   -1640.000      -0.004809       0.409608     540.523579
   -1639.000       0.004441       0.408101     548.716955
   -1638.000       0.013286       0.406525     556.392750
   -1637.000       0.020904       0.404905     562.670867
   -1636.000       0.026610       0.403272     566.814293
   -1635.000       0.029597       0.401662     567.966241
   -1634.000       0.029616       0.400108     565.907307
   -1633.000       0.026650       0.398643     560.700975
   -1632.000       0.020906       0.397301     552.675325
   -1631.000       0.012952       0.396114     542.550113
   -1630.000       0.003756       0.395115     531.469055
   -1629.000      -0.005905       0.394336     520.304479
   -1628.000      -0.014868       0.393808     510.308592
   -1627.000      -0.022151       0.393556     502.476988
   -1626.000      -0.027046       0.393605     497.507962
   -1625.000      -0.028975       0.393967     495.957813
   -1624.000      -0.027714       0.394643     498.041631
   -1623.000      -0.023511       0.395634     503.540704
   -1622.000      -0.016843       0.396924     512.005566
   -1621.000      -0.008351       0.398485     522.805902
   -1620.000       0.000791       0.400284     534.753009
   -1619.000       0.009748       0.402277     546.913956
   -1618.000       0.017459       0.404415     558.071707
   -1617.000       0.023143       0.406650     567.254655
   -1616.000       0.026132       0.408923     573.564340
   -1615.000       0.026356       0.411181     576.794532
   -1614.000       0.023566       0.413375     576.528174
   -1613.000       0.018342       0.415445     573.338444
   -1612.000       0.011225       0.417344     567.776599
   -1611.000       0.002936       0.419030     560.614374
   -1610.000      -0.005517       0.420452     552.957067
   -1609.000      -0.013249       0.421578     545.755019
   -1608.000      -0.019523       0.422378     539.789163
   -1607.000      -0.023588       0.422822     535.848583
   -1606.000      -0.025033       0.422897     534.344760
   -1605.000      -0.023815       0.422601     535.327555
   -1604.000      -0.019954       0.421933     538.766064
   -1603.000      -0.013892       0.420913     544.208048
   -1602.000      -0.006389       0.419567     550.863136
   -1601.000       0.001940       0.417922     558.069764
   -1600.000       0.010048       0.416027     564.721229
   -1599.000       0.017088       0.413930     569.906409
   -1598.000       0.022281       0.411678     572.792526
   -1597.000       0.025090       0.409332     572.859237
   -1596.000       0.024988       0.406949     569.603407
   -1595.000       0.022224       0.404584     563.440587
   -1594.000       0.016780       0.402301     554.491006
   -1593.000       0.009417       0.400157     543.744560
   -1592.000       0.000860       0.398205     532.112348
   -1591.000      -0.007917       0.396501     520.713912
   -1590.000      -0.015979       0.395088     510.567276
   -1589.000      -0.022338       0.394000     502.687342
   -1588.000      -0.026290       0.393266     497.763750
   -1587.000      -0.027408       0.392898     496.194400
   -1586.000      -0.025443       0.392896     498.208556
   -1585.000      -0.020685       0.393249     503.526539
   -1584.000      -0.013611       0.393932     511.684252
   -1583.000      -0.004983       0.394912     521.911134
   -1582.000       0.004309       0.396152     533.301414
   -1581.000       0.013155       0.397607     544.638337
   -1580.000       0.020802       0.399230     555.040111
   -1579.000       0.026276       0.400977     563.343330
   -1578.000       0.029136       0.402797     568.932567
   -1577.000       0.029055       0.404645     571.321606
   -1576.000       0.026088       0.406481     570.477091
   -1575.000       0.020493       0.408260     566.612320
   -1574.000       0.012900       0.409947     560.400632
   -1573.000       0.004018       0.411505     552.593197
   -1572.000      -0.005296       0.412905     544.134719
   -1571.000      -0.014079       0.414121     536.058461
   -1570.000      -0.021554       0.415139     529.184189
   -1569.000      -0.027049       0.415943     524.213868
   -1568.000      -0.029938       0.416530     521.797518
   -1567.000      -0.030133       0.416900     522.025443
   -1566.000      -0.027455       0.417056     525.092798
   -1565.000      -0.022306       0.417010     530.607293
   -1564.000      -0.015100       0.416773     538.167407
   -1563.000      -0.006585       0.416362     546.998485
   -1562.000       0.002529       0.415791     556.352308
   -1561.000       0.011279       0.415075     565.182639
   -1560.000       0.018986       0.414228     572.718564
   -1559.000       0.024799       0.413266     577.988896
   -1558.000       0.028338       0.412204     580.569704
   -1557.000       0.029168       0.411060     579.967728
   -1556.000       0.027364       0.409852     576.320394
   -1555.000       0.023056       0.408601     569.833035
   -1554.000       0.016702       0.407327     561.100639
   -1553.000       0.008954       0.406056     550.935127
   -1552.000       0.000535       0.404812     540.187795
   -1551.000      -0.007716       0.403623     529.818022
   -1550.000      -0.015007       0.402509     520.677552
   -1549.000      -0.020711       0.401494     513.409084
   -1548.000      -0.024268       0.400592     508.579096
   -1547.000      -0.025460       0.399821     506.387793
   -1546.000      -0.024154       0.399197     506.966216
   -1545.000      -0.020677       0.398730     509.992303
   -1544.000      -0.015348       0.398432     515.161824
   -1543.000      -0.008845       0.398317     521.819596
   -1542.000      -0.001829       0.398390     529.291365
   -1541.000       0.004984       0.398664     536.858952
   -1540.000       0.010932       0.399141     543.818597
   -1539.000       0.015423       0.399825     549.515636
   -1538.000       0.018152       0.400708     553.595571
   -1537.000       0.018902       0.401777     555.778922
   -1536.000       0.017747       0.403008     556.092186
   -1535.000       0.014985       0.404374     554.817826
   -1534.000       0.010967       0.405841     552.285725
   -1533.000       0.006284       0.407366     549.094417
   -1532.000       0.001414       0.408913     545.709222
   -1531.000      -0.002958       0.410436     542.824599
   -1530.000      -0.006586       0.411893     540.660220
   -1529.000      -0.008908       0.413248     539.775270
   -1528.000      -0.009985       0.414466     540.074224
   -1527.000      -0.009698       0.415512     541.648827
   -1526.000      -0.008277       0.416359     544.224781
   -1525.000      -0.005996       0.416979     547.478961
   -1524.000      -0.003336       0.417348     550.855149
   -1523.000      -0.000625       0.417448     553.969348
   -1522.000       0.001619       0.417267     556.222283
   -1521.000       0.003088       0.416794     557.251986
   -1520.000       0.003600       0.416031     556.856979
   -1519.000       0.003018       0.414983     554.892116
   -1518.000       0.001446       0.413671     551.509138
   -1517.000      -0.000841       0.412122     547.062590
   -1516.000      -0.003496       0.410376     541.996286
   -1515.000      -0.006098       0.408480     536.835123
   -1514.000      -0.008083       0.406492     532.254859
   -1513.000      -0.009082       0.404470     528.710360
   -1512.000      -0.008808       0.402476     526.564699
   -1511.000      -0.006918       0.400575     526.245369
   -1510.000      -0.003689       0.398823     527.517036
   -1509.000       0.000838       0.397278     530.409326
   -1508.000       0.006077       0.395986     534.373809
   -1507.000       0.011487       0.394988     538.896340
   -1506.000       0.016275       0.394319     543.190711
   -1505.000       0.019903       0.394007     546.729326
   -1504.000       0.021576       0.394065     548.662855
   -1503.000       0.020984       0.394503     548.673339
   -1502.000       0.017940       0.395315     546.541003
   -1501.000       0.012522       0.396482     542.324205
   -1500.000       0.005156       0.397977     536.447132
   -1499.000      -0.003443       0.399756     529.614290
   -1498.000      -0.012498       0.401765     522.584152
   -1497.000      -0.021044       0.403947     516.296997
   -1496.000      -0.028009       0.406228     511.766724
   -1495.000      -0.032772       0.408542     509.574509
   -1494.000      -0.034537       0.410824     510.473599
   -1493.000      -0.033008       0.413006     514.740368
   -1492.000      -0.028209       0.415032     522.354993
   -1491.000      -0.020415       0.416855     533.050556
   -1490.000      -0.010149       0.418429     546.313498
   -1489.000       0.001515       0.419718     560.976762
   -1488.000       0.013673       0.420699     576.043484
   -1487.000       0.025211       0.421348     590.189856
   -1486.000       0.034829       0.421652     601.817407
   -1485.000       0.041771       0.421609     609.962217
   -1484.000       0.045177       0.421209     613.510644
   -1483.000       0.044511       0.420468     611.803770
   -1482.000       0.039857       0.419405     605.014272
   -1481.000       0.031404       0.418042     593.476991
   -1480.000       0.019763       0.416416     578.110774
   -1479.000       0.006045       0.414571     560.382299
   -1478.000      -0.008620       0.412550     541.721283
   -1477.000      -0.022947       0.410409     523.665651
   -1476.000      -0.035383       0.408206     507.879008
   -1475.000      -0.044873       0.405990     495.427086
   -1474.000      -0.050393       0.403819     487.283086
   -1473.000      -0.051289       0.401742     484.031694
   -1472.000      -0.047410       0.399799     485.797274
   -1471.000      -0.039098       0.398035     492.273841
   -1470.000      -0.026946       0.396485     502.968154
   -1469.000      -0.012193       0.395178     516.731453
   -1468.000       0.003748       0.394141     532.237454
   -1467.000       0.019484       0.393394     548.077921
   -1466.000       0.033379       0.392946     562.519411
   -1465.000       0.044136       0.392808     574.092777
   -1464.000       0.050790       0.392980     581.670989
   -1463.000       0.052686       0.393448     584.418775
   -1462.000       0.049631       0.394206     582.066253
   -1461.000       0.042123       0.395221     575.146639
   -1460.000       0.030828       0.396465     564.398261
   -1459.000       0.016805       0.397909     551.001515
   -1458.000       0.001589       0.399518     536.644351
   -1457.000      -0.013600       0.401256     522.589380
   -1456.000      -0.027311       0.403093     510.323627
   -1455.000      -0.038260       0.404994     501.073952
   -1454.000      -0.045645       0.406928     495.585862
   -1453.000      -0.048972       0.408867     494.307077
   -1452.000      -0.047828       0.410781     497.626393
   -1451.000      -0.042759       0.412639     505.036489
   -1450.000      -0.034129       0.414413     516.206225
   -1449.000      -0.022824       0.416066     530.283811
   -1448.000      -0.010004       0.417569     546.076539
   -1447.000       0.003228       0.418890     562.366632
   -1446.000       0.015837       0.420004     577.962079
   -1445.000       0.026630       0.420888     591.397116
   -1444.000       0.034844       0.421525     601.665722
   -1443.000       0.040027       0.421902     608.141413
   -1442.000       0.041598       0.422005     610.024645
   -1441.000       0.039816       0.421837     607.622773
   -1440.000       0.034952       0.421394     601.272750
   -1439.000       0.027384       0.420678     591.470823
   -1438.000       0.018035       0.419695     579.394312
   -1437.000       0.007730       0.418449     566.051197
   -1436.000      -0.002751       0.416949     552.388305
   -1435.000      -0.012387       0.415215     539.562312
   -1434.000      -0.020419       0.413265     528.396839
   -1433.000      -0.026450       0.411129     519.295658
   -1432.000      -0.029838       0.408848     512.915528
   -1431.000      -0.030632       0.406462     509.187401
   -1430.000      -0.028865       0.404024     508.082747
   -1429.000      -0.024865       0.401601     509.307071
   -1428.000      -0.019049       0.399248     512.476831
   -1427.000      -0.012264       0.397034     516.802335
   -1426.000      -0.004955       0.395024     521.900350
   -1425.000       0.002091       0.393270     527.029745
   -1424.000       0.008183       0.391823     531.536328
   -1423.000       0.013057       0.390730     535.211160
   -1422.000       0.016272       0.390019     537.627966
   -1421.000       0.017747       0.389712     538.732266
   -1420.000       0.017657       0.389826     538.737399
   -1419.000       0.016237       0.390358     537.885481
   -1418.000       0.013714       0.391303     536.400495
   -1417.000       0.010744       0.392649     534.964245
   -1416.000       0.007539       0.394364     533.742760
   -1415.000       0.004523       0.396414     533.133069
   -1414.000       0.001980       0.398753     533.374105
   -1413.000       0.000051       0.401313     534.526596
   -1412.000      -0.001423       0.404030     536.345753
   -1411.000      -0.002282       0.406830     538.916735
   -1410.000      -0.002910       0.409628     541.724091
   -1409.000      -0.003506       0.412348     544.463125
   -1408.000      -0.004112       0.414918     546.996464
   -1407.000      -0.005095       0.417260     548.827888
   -1406.000      -0.006459       0.419325     549.886306
   -1405.000      -0.008070       0.421063     550.260530
   -1404.000      -0.009981       0.422437     549.848655
   -1403.000      -0.011862       0.423424     548.995826
   -1402.000      -0.013408       0.424009     548.025895
   -1401.000      -0.014320       0.424182     547.263758
   -1400.000      -0.014334       0.423948     547.015688
   -1399.000      -0.012988       0.423315     547.792034
   -1398.000      -0.010358       0.422297     549.530741
   -1397.000      -0.006289       0.420922     552.426433
   -1396.000      -0.000928       0.419220     556.348156
   -1395.000       0.005354       0.417229     560.924358
   -1394.000       0.012028       0.415007     565.622826
   -1393.000       0.018676       0.412610     570.045039
   -1392.000       0.024309       0.410105     573.150953
   -1391.000       0.028446       0.407567     574.505811
   -1390.000       0.030460       0.405066     573.512640
   -1389.000       0.029735       0.402676     569.604948
   -1388.000       0.026180       0.400467     562.841629
   -1387.000       0.019866       0.398497     553.452066
   -1386.000       0.011018       0.396816     541.811015
   -1385.000       0.000468       0.395465     528.955422
   -1384.000      -0.010881       0.394464     515.877283
   -1383.000      -0.022041       0.393831     503.631914
   -1382.000      -0.031785       0.393571     493.430609
   -1381.000      -0.038981       0.393674     486.335793
   -1380.000      -0.042964       0.394129     482.937257
   -1379.000      -0.042921       0.394911     483.977010
   -1378.000      -0.038806       0.395986     489.496428
   -1377.000      -0.030886       0.397321     499.277820
   -1376.000      -0.019670       0.398868     512.872858
   -1375.000      -0.006188       0.400581     529.301962
   -1374.000       0.008271       0.402404     547.251161
   -1373.000       0.022475       0.404285     565.348462
   -1372.000       0.034992       0.406161     581.895192
   -1371.000       0.044577       0.407987     595.315275
   -1370.000       0.050419       0.409714     604.472850
   -1369.000       0.051765       0.411302     608.306340
   -1368.000       0.048511       0.412723     606.579972
   -1367.000       0.040801       0.413949     599.415431
   -1366.000       0.029421       0.414964     587.790949
   -1365.000       0.015142       0.415762     572.665045
   -1364.000      -0.000494       0.416336     555.920824
   -1363.000      -0.016328       0.416687     538.904485
   -1362.000      -0.030805       0.416817     523.325779
   -1361.000      -0.042664       0.416728     510.517394
   -1360.000      -0.050755       0.416427     501.587546
   -1359.000      -0.054447       0.415925     497.133793
   -1358.000      -0.053268       0.415236     497.588976
   -1357.000      -0.047408       0.414379     502.775020
   -1356.000      -0.037418       0.413372     512.190583
   -1355.000      -0.024104       0.412239     525.062023
   -1354.000      -0.008765       0.411005     540.139087
   -1353.000       0.007180       0.409696     555.946808
   -1352.000       0.022344       0.408343     570.973501
   -1351.000       0.035288       0.406968     583.613066
   -1350.000       0.044835       0.405597     592.472452
   -1349.000       0.050232       0.404251     596.667127
   -1348.000       0.050983       0.402952     595.641283
   -1347.000       0.047000       0.401723     589.347501
   -1346.000       0.038973       0.400587     578.730633
   -1345.000       0.027449       0.399568     564.516280
   -1344.000       0.013822       0.398690     548.423628
   -1343.000      -0.000728       0.397975     531.820256
   -1342.000      -0.014730       0.397447     516.289256
   -1341.000      -0.026995       0.397127     503.059637
   -1340.000      -0.036249       0.397037     493.353703
   -1339.000      -0.041936       0.397186     487.648437
   -1338.000      -0.043490       0.397583     486.448489
   -1337.000      -0.041009       0.398224     489.639335
   -1336.000      -0.034943       0.399102     496.809386
   -1335.000      -0.025954       0.400203     507.343732
   -1334.000      -0.015084       0.401507     520.238512
   -1333.000      -0.003425       0.402991     534.401728
   -1332.000       0.007851       0.404623     548.562312
   -1331.000       0.017799       0.406372     561.634372
   -1330.000       0.025465       0.408202     572.455721
   -1329.000       0.030445       0.410076     580.443802
   -1328.000       0.032316       0.411955     584.973824
   -1327.000       0.031264       0.413792     586.149532
   -1326.000       0.027463       0.415542     584.067317
   -1325.000       0.021609       0.417152     579.456374
   -1324.000       0.014293       0.418575     572.941113
   -1323.000       0.006342       0.419765     565.428298
   -1322.000      -0.001452       0.420674     557.769669
   -1321.000      -0.008442       0.421269     550.650287
   -1320.000      -0.014025       0.421521     544.711369
   -1319.000      -0.017802       0.421407     540.349846
   -1318.000      -0.019625       0.420923     537.705944
   -1317.000      -0.019475       0.420073     536.796656
   -1316.000      -0.017573       0.418866     537.372921
   -1315.000      -0.014279       0.417329     539.067322
   -1314.000      -0.010075       0.415488     541.370528
   -1313.000      -0.005442       0.413378     543.792857
   -1312.000      -0.001006       0.411049     545.703168
   -1311.000       0.002853       0.408546     546.731426
   -1310.000       0.005691       0.405925     546.467927
   -1309.000       0.007356       0.403254     544.844062
   -1308.000       0.007696       0.400599     541.792283
   -1307.000       0.006927       0.398033     537.668176
   -1306.000       0.005179       0.395640     532.735233
   -1305.000       0.002929       0.393494     527.616660
   -1304.000       0.000539       0.391669     522.787800
   -1303.000      -0.001506       0.390238     518.843419
   -1302.000      -0.002880       0.389251     516.173743
   -1301.000      -0.003291       0.388746     515.116279
   -1300.000      -0.002629       0.388753     515.813773
   -1299.000      -0.001003       0.389266     518.153738
   -1298.000       0.001413       0.390272     521.952028
   -1297.000       0.004216       0.391740     526.765401
   -1296.000       0.006922       0.393616     532.029394
   -1295.000       0.009157       0.395843     537.280532
   -1294.000       0.010406       0.398361     541.878982
   -1293.000       0.010389       0.401089     545.400903
   -1292.000       0.008967       0.403961     547.578392
   -1291.000       0.006113       0.406905     548.267390
   -1290.000       0.002021       0.409838     547.554344
   -1289.000      -0.002866       0.412695     545.828605
   -1288.000      -0.008153       0.415407     543.440703
   -1287.000      -0.013211       0.417904     541.000269
   -1286.000      -0.017485       0.420127     539.051631
   -1285.000      -0.020412       0.422024     538.164131
   -1284.000      -0.021628       0.423547     538.696681
   -1283.000      -0.020761       0.424664     541.035949
   -1282.000      -0.017823       0.425360     545.173248
   -1281.000      -0.012964       0.425621     550.947501
   -1280.000      -0.006387       0.425460     558.166677
   -1279.000       0.001184       0.424891     566.045041
   -1278.000       0.009241       0.423937     574.031948
   -1277.000       0.016918       0.422639     581.175970
   -1276.000       0.023468       0.421035     586.641633
   -1275.000       0.028156       0.419165     589.605819
   -1274.000       0.030468       0.417078     589.541933
   -1273.000       0.029965       0.414817     586.011740
   -1272.000       0.026570       0.412429     579.047102
   -1271.000       0.020492       0.409968     569.037940
   -1270.000       0.012139       0.407484     556.604731
   -1269.000       0.002296       0.405032     542.775690
   -1268.000      -0.008117       0.402670     528.658338
   -1267.000      -0.018088       0.400448     515.414931
   -1266.000      -0.026644       0.398413     504.068850
   -1265.000      -0.032684       0.396618     495.729733
   -1264.000      -0.035748       0.395091     490.825095
   -1263.000      -0.035240       0.393863     489.911439
   -1262.000      -0.031200       0.392946     492.948559
   -1261.000      -0.024056       0.392346     499.535487
   -1260.000      -0.014368       0.392055     509.152284
   -1259.000      -0.003164       0.392071     520.823906
   -1258.000       0.008404       0.392375     533.375031
   -1257.000       0.019133       0.392952     545.545183
   -1256.000       0.028032       0.393785     556.235752
   -1255.000       0.033963       0.394851     564.102293
   -1254.000       0.036590       0.396129     568.706920
   -1253.000       0.035542       0.397598     569.541306
   -1252.000       0.030944       0.399232     566.675964
   -1251.000       0.023368       0.401002     560.702222
   -1250.000       0.013663       0.402875     552.525147
   -1249.000       0.002667       0.404814     543.039281
   -1248.000      -0.008236       0.406779     533.699511
   -1247.000      -0.018144       0.408738     525.435278
   -1246.000      -0.026087       0.410655     519.224999
   -1245.000      -0.031210       0.412494     515.908160
   -1244.000      -0.033210       0.414229     515.779947
   -1243.000      -0.031925       0.415830     518.995575
   -1242.000      -0.027578       0.417275     525.338228
   -1241.000      -0.020695       0.418545     534.287524
   -1240.000      -0.012122       0.419619     544.949356
   -1239.000      -0.002639       0.420474     556.484427
   -1238.000       0.006741       0.421093     567.738031
   -1237.000       0.014974       0.421452     577.477853
   -1236.000       0.021478       0.421530     584.961508
   -1235.000       0.025497       0.421319     589.251475
   -1234.000       0.026759       0.420807     589.979963
   -1233.000       0.025304       0.419992     587.195293
   -1232.000       0.021335       0.418885     581.172508
   -1231.000       0.015248       0.417496     572.429638
   -1230.000       0.007997       0.415855     562.157470
   -1229.000       0.000145       0.413997     551.067641
   -1228.000      -0.007318       0.411961     540.322928
   -1227.000      -0.013558       0.409789     530.865705
   -1226.000      -0.018009       0.407537     523.325716
   -1225.000      -0.020214       0.405247     518.189027
   -1224.000      -0.019856       0.402977     515.794012
   -1223.000      -0.017202       0.400785     515.902371
   -1222.000      -0.012571       0.398722     518.219557
   -1221.000      -0.006453       0.396846     522.308075
   -1220.000       0.000183       0.395215     527.231588
   -1219.000       0.006622       0.393876     532.317560
   -1218.000       0.012139       0.392882     536.871883
   -1217.000       0.015851       0.392271     540.014113
   -1216.000       0.017469       0.392068     541.467269
   -1215.000       0.016773       0.392290     541.018055
   -1214.000       0.013786       0.392936     538.685836
   -1213.000       0.008961       0.393982     534.921826
   -1212.000       0.002958       0.395402     530.388062
   -1211.000      -0.003633       0.397150     525.641772
   -1210.000      -0.009869       0.399164     521.586755
   -1209.000      -0.014958       0.401387     518.970559
   -1208.000      -0.018438       0.403747     518.190754
   -1207.000      -0.019715       0.406171     519.793479
   -1206.000      -0.018646       0.408597     523.883214
   -1205.000      -0.015400       0.410953     530.247100
   -1204.000      -0.010227       0.413175     538.592193
   -1203.000      -0.003561       0.415210     548.427713
   -1202.000       0.003629       0.416997     558.658022
   -1201.000       0.010900       0.418492     568.727676
   -1200.000       0.017285       0.419660     577.483569
   -1199.000       0.022146       0.420465     584.103168
   -1198.000       0.024929       0.420885     587.876737
   -1197.000       0.025381       0.420913     588.477110
   -1196.000       0.023135       0.420543     585.453559
   -1195.000       0.018583       0.419793     579.323457
   -1194.000       0.011968       0.418687     570.446823
   -1193.000       0.003791       0.417261     559.502282
   -1192.000      -0.005014       0.415561     547.660442
   -1191.000      -0.013716       0.413642     535.817262
   -1190.000      -0.021516       0.411561     524.913658
   -1189.000      -0.027404       0.409385     516.063035
   -1188.000      -0.030848       0.407179     509.841576
   -1187.000      -0.031459       0.405002     506.665234
   -1186.000      -0.028900       0.402921     506.904907
   -1185.000      -0.023424       0.400991     510.349479
   -1184.000      -0.015559       0.399265     516.528090
   -1183.000      -0.005755       0.397794     525.058930
   -1182.000       0.004767       0.396618     534.765371
   -1181.000       0.015120       0.395768     544.764739
   -1180.000       0.024241       0.395269     553.967894
   -1179.000       0.031204       0.395126     561.365098
   -1178.000       0.035124       0.395340     565.950823
   -1177.000       0.035881       0.395895     567.567668
   -1176.000       0.033011       0.396765     565.618742
   -1175.000       0.026994       0.397910     560.595756
   -1174.000       0.018375       0.399292     553.056436
   -1173.000       0.007912       0.400851     543.763301
   -1172.000      -0.003347       0.402540     533.810816
   -1171.000      -0.014283       0.404308     524.335182
   -1170.000      -0.023936       0.406104     516.275646
   -1169.000      -0.031422       0.407883     510.493402
   -1168.000      -0.035890       0.409603     507.801590
   -1167.000      -0.037185       0.411225     508.328872
   -1166.000      -0.035062       0.412718     512.313383
   -1165.000      -0.029804       0.414055     519.481646
   -1164.000      -0.021917       0.415210     529.337863
   -1163.000      -0.012252       0.416164     541.004830
   -1162.000      -0.001461       0.416903     553.793319
   -1161.000       0.009124       0.417410     566.221048
   -1160.000       0.018792       0.417685     577.455524
   -1159.000       0.026647       0.417726     586.416180
   -1158.000       0.031894       0.417538     592.139354
   -1157.000       0.034239       0.417135     594.252586
   -1156.000       0.033538       0.416529     592.596941
   -1155.000       0.029799       0.415739     587.216612
   -1154.000       0.023576       0.414787     578.843241
   -1153.000       0.015539       0.413698     568.331832
   -1152.000       0.006352       0.412490     556.506541
   -1151.000      -0.002973       0.411188     544.563017
   -1150.000      -0.011515       0.409805     533.520818
   -1149.000      -0.018711       0.408359     523.980045
   -1148.000      -0.023677       0.406871     516.851951
   -1147.000      -0.026198       0.405358     512.326627
   -1146.000      -0.026171       0.403841     510.491654
   -1145.000      -0.023708       0.402348     511.230284
   -1144.000      -0.019163       0.400904     514.195496
   -1143.000      -0.013323       0.399542     518.615065
   -1142.000      -0.006609       0.398295     524.088680
   -1141.000      -0.000005       0.397197     529.641299
   -1140.000       0.005904       0.396276     534.693384
   -1139.000       0.010554       0.395560     538.670864
   -1138.000       0.013606       0.395067     541.242314
   -1137.000       0.014807       0.394811     542.144263
   -1136.000       0.014377       0.394804     541.632678
   -1135.000       0.012534       0.395053     539.948032
   -1134.000       0.009649       0.395559     537.486756
   -1133.000       0.006390       0.396320     534.963926
   -1132.000       0.003193       0.397336     532.831198
   -1131.000       0.000467       0.398594     531.501222
   -1130.000      -0.001310       0.400087     531.472204
   -1129.000      -0.002112       0.401796     532.745871
   -1128.000      -0.001931       0.403691     535.304928
   -1127.000      -0.000872       0.405742     539.009494
   -1126.000       0.000629       0.407900     543.344933
   -1125.000       0.002187       0.410117     547.837467
   -1124.000       0.003448       0.412339     552.033959
   -1123.000       0.003951       0.414507     555.339826
   -1122.000       0.003460       0.416561     557.407317
   -1121.000       0.001892       0.418447     558.061189
   -1120.000      -0.000764       0.420115     557.219974
   -1119.000      -0.004286       0.421515     555.071229
   -1118.000      -0.008225       0.422620     552.087639
   -1117.000      -0.012169       0.423395     548.697835
   -1116.000      -0.015618       0.423818     545.437051
   -1115.000      -0.017868       0.423877     543.074325
   -1114.000      -0.018700       0.423560     541.839114
   -1113.000      -0.017577       0.422864     542.309217
   -1112.000      -0.014472       0.421802     544.524432
   -1111.000      -0.009431       0.420380     548.444353
   -1110.000      -0.002790       0.418620     553.715251
   -1109.000       0.005006       0.416559     559.885580
   -1108.000       0.013156       0.414232     566.098385
   -1107.000       0.020926       0.411692     571.587165
   -1106.000       0.027452       0.409008     575.451118
   -1105.000       0.031883       0.406241     576.815921
   -1104.000       0.033608       0.403469     575.111693
   -1103.000       0.032219       0.400770     570.041253
   -1102.000       0.027558       0.398217     561.595056
   -1101.000       0.019829       0.395885     550.205540
   -1100.000       0.009696       0.393840     536.788762
   -1099.000      -0.002107       0.392135     522.246547
   -1098.000      -0.014375       0.390818     507.955127
   -1097.000      -0.025877       0.389926     495.183567
   -1096.000      -0.035506       0.389473     484.989081
   -1095.000      -0.042084       0.389478     478.484116
   -1094.000      -0.044912       0.389935     476.274273
   -1093.000      -0.043492       0.390824     478.802857
   -1092.000      -0.037936       0.392121     485.984180
   -1091.000      -0.028509       0.393783     497.619642
   -1090.000      -0.016236       0.395752     512.772439
   -1089.000      -0.002053       0.397973     530.541398
   -1088.000       0.012653       0.400377     549.489228
   -1087.000       0.026544       0.402891     568.099593
   -1086.000       0.038338       0.405445     584.778111
   -1085.000       0.046985       0.407971     598.126899
   -1084.000       0.051608       0.410402     606.875543
   -1083.000       0.051877       0.412687     610.438364
   -1082.000       0.047667       0.414774     608.504206
   -1081.000       0.039314       0.416621     601.400122
   -1080.000       0.027576       0.418199     590.040921
   -1079.000       0.013317       0.419481     575.476884
   -1078.000      -0.002129       0.420449     559.306790
   -1077.000      -0.017588       0.421099     542.941779
   -1076.000      -0.031674       0.421427     527.889606
   -1075.000      -0.043248       0.421435     515.378722
   -1074.000      -0.051312       0.421140     506.410602
   -1073.000      -0.055158       0.420555     501.670916
   -1072.000      -0.054443       0.419703     501.483015
   -1071.000      -0.049205       0.418617     505.822617
   -1070.000      -0.039872       0.417328     514.310107
   -1069.000      -0.027174       0.415874     526.267726
   -1068.000      -0.012249       0.414293     540.585280
   -1067.000       0.003747       0.412622     556.099537
   -1066.000       0.019340       0.410902     571.245194
   -1065.000       0.033250       0.409170     584.577329
   -1064.000       0.044260       0.407461     594.720801
   -1063.000       0.051433       0.405805     600.572249
   -1062.000       0.054129       0.404232     601.403206
   -1061.000       0.052203       0.402763     597.108688
   -1060.000       0.045784       0.401423     587.938602
   -1059.000       0.035500       0.400231     574.767658
   -1058.000       0.022361       0.399206     558.859448
   -1057.000       0.007457       0.398361     541.542341
   -1056.000      -0.007766       0.397709     524.433750
   -1055.000      -0.022016       0.397257     508.868902
   -1054.000      -0.034052       0.397009     496.062574
   -1053.000      -0.042862       0.396965     486.950123
   -1052.000      -0.047727       0.397121     482.121764
   -1051.000      -0.048379       0.397466     481.791023
   -1050.000      -0.044884       0.397990     485.872739
   -1049.000      -0.037658       0.398676     493.982425
   -1048.000      -0.027544       0.399509     505.341236
   -1047.000      -0.015476       0.400477     519.061777
   -1046.000      -0.002595       0.401562     534.015871
   -1045.000       0.009904       0.402747     548.918425
   -1044.000       0.021012       0.404016     562.633335
   -1043.000       0.029847       0.405349     574.103267
   -1042.000       0.035770       0.406723     582.480648
   -1041.000       0.038465       0.408115     587.305785
   -1040.000       0.037956       0.409495     588.503874
   -1039.000       0.034416       0.410833     586.192257
   -1038.000       0.028453       0.412096     581.038502
   -1037.000       0.020690       0.413253     573.710852
   -1036.000       0.011951       0.414272     565.151128
   -1035.000       0.002941       0.415133     556.125137
   -1034.000      -0.005432       0.415808     547.627856
   -1033.000      -0.012773       0.416283     540.071375
   -1032.000      -0.018451       0.416546     534.115404
   -1031.000      -0.022272       0.416590     529.940222
   -1030.000      -0.024203       0.416411     527.565469
   -1029.000      -0.024309       0.416015     526.911375
   -1028.000      -0.022812       0.415403     527.731233
   -1027.000      -0.020149       0.414585     529.570264
   -1026.000      -0.016627       0.413574     532.104742
   -1025.000      -0.012626       0.412385     534.941130
   -1024.000      -0.008597       0.411040     537.614939
   -1023.000      -0.004674       0.409570     540.013771
   -1022.000      -0.001038       0.408003     541.972941
   -1021.000       0.002128       0.406384     543.346947
   -1020.000       0.005005       0.404758     544.390140
   -1019.000       0.007551       0.403173     545.118887
   -1018.000       0.009847       0.401682     545.688842
   -1017.000       0.012008       0.400337     546.297521
   -1016.000       0.014077       0.399183     547.053045
   -1015.000       0.015810       0.398262     547.743641
   -1014.000       0.017334       0.397602     548.557568
   -1013.000       0.018195       0.397226     549.028805
   -1012.000       0.018265       0.397148     549.046275
   -1011.000       0.017250       0.397364     548.284063
   -1010.000       0.014977       0.397869     546.550458
   -1009.000       0.011211       0.398647     543.568622
   -1008.000       0.006155       0.399673     539.525376
   -1007.000      -0.000095       0.400920     534.489197
   -1006.000      -0.007254       0.402355     528.728232
   -1005.000      -0.014581       0.403935     522.965167
   -1004.000      -0.021675       0.405618     517.579867
   -1003.000      -0.027764       0.407358     513.321071
   -1002.000      -0.032120       0.409099     510.876379
   -1001.000      -0.034226       0.410793     510.738223
   -1000.000      -0.033760       0.412389     513.208804
    -999.000      -0.030250       0.413833     518.749016
    -998.000      -0.024092       0.415087     526.969133
    -997.000      -0.015352       0.416110     537.803675
    -996.000      -0.004698       0.416873     550.570612
    -995.000       0.007034       0.417360     564.365413
    -994.000       0.018892       0.417558     578.107369
    -993.000       0.029933       0.417462     590.705403
    -992.000       0.038991       0.417084     600.750470
    -991.000       0.045217       0.416432     607.194417
    -990.000       0.047962       0.415525     609.263426
    -989.000       0.046648       0.414393     606.290069
    -988.000       0.041283       0.413063     598.384256
    -987.000       0.032206       0.411571     586.104471
    -986.000       0.019886       0.409958     570.176515
    -985.000       0.005459       0.408264     552.091039
    -984.000      -0.009936       0.406536     533.252837
    -983.000      -0.024931       0.404823     515.241974
    -982.000      -0.038180       0.403169     499.469955
    -981.000      -0.048262       0.401622     487.333628
    -980.000      -0.054402       0.400226     479.545223
    -979.000      -0.055730       0.399015     476.879042
    -978.000      -0.052094       0.398022     479.471008
    -977.000      -0.043731       0.397275     487.140707
    -976.000      -0.031389       0.396784     499.247978
    -975.000      -0.015962       0.396560     515.031657
    -974.000       0.000847       0.396603     532.855838
    -973.000       0.017764       0.396901     551.433719
    -972.000       0.033195       0.397442     569.029431
    -971.000       0.045588       0.398210     583.830738
    -970.000       0.054013       0.399176     594.641039
    -969.000       0.057680       0.400317     600.406113
    -968.000       0.056166       0.401602     600.482679
    -967.000       0.049858       0.402996     595.266308
    -966.000       0.039288       0.404467     585.327058
    -965.000       0.025344       0.405980     571.707804
    -964.000       0.009458       0.407499     556.056306
    -963.000      -0.007026       0.408994     539.868798
    -962.000      -0.022782       0.410431     524.566523
    -961.000      -0.036293       0.411782     511.703577
    -960.000      -0.046548       0.413025     502.243674
    -959.000      -0.052857       0.414142     496.842849
    -958.000      -0.054535       0.415114     496.119626
    -957.000      -0.051735       0.415933     499.933488
    -956.000      -0.044800       0.416587     507.968053
    -955.000      -0.034232       0.417067     519.765291
    -954.000      -0.021171       0.417370     534.215298
    -953.000      -0.006776       0.417491     550.123369
    -952.000       0.007937       0.417427     566.381421
    -951.000       0.021492       0.417180     581.310471
    -950.000       0.032958       0.416751     593.768253
    -949.000       0.041419       0.416143     602.617618
    -948.000       0.046273       0.415367     607.089434
    -947.000       0.047125       0.414434     606.688732
    -946.000       0.044266       0.413358     601.817643
    -945.000       0.037793       0.412156     592.651580
    -944.000       0.028510       0.410845     580.255815
    -943.000       0.017294       0.409445     565.755062
    -942.000       0.005087       0.407978     550.301552
    -941.000      -0.007063       0.406465     535.112090
    -940.000      -0.018002       0.404932     521.434390
    -939.000      -0.027038       0.403403     509.976625
    -938.000      -0.033398       0.401906     501.485945
    -937.000      -0.036606       0.400469     496.396898
    -936.000      -0.036662       0.399126     494.687967
    -935.000      -0.033670       0.397908     496.253594
    -934.000      -0.027969       0.396847     500.778586
    -933.000      -0.020362       0.395975     507.514222
    -932.000      -0.011544       0.395320     515.806564
    -931.000      -0.002318       0.394903     524.877619
    -930.000       0.006387       0.394746     533.800986
    -929.000       0.013829       0.394861     541.797993
    -928.000       0.019666       0.395247     548.490559
    -927.000       0.023198       0.395907     553.094058
    -926.000       0.024624       0.396825     555.785424
    -925.000       0.023928       0.397983     556.497593
    -924.000       0.021360       0.399362     555.458068
    -923.000       0.017430       0.400930     553.177111
    -922.000       0.012721       0.402654     550.242700
    -921.000       0.007568       0.404505     546.965631
    -920.000       0.002659       0.406436     544.043044
    -919.000      -0.001673       0.408409     541.778195
    -918.000      -0.005273       0.410382     540.288752
    -917.000      -0.007833       0.412308     539.853550
    -916.000      -0.009447       0.414138     540.316088
    -915.000      -0.010257       0.415831     541.482349
    -914.000      -0.010402       0.417339     543.148145
    -913.000      -0.010037       0.418625     545.103586
    -912.000      -0.009612       0.419658     546.826084
    -911.000      -0.009010       0.420409     548.401814
    -910.000      -0.008554       0.420861     549.457058
    -909.000      -0.008225       0.421009     550.004263
    -908.000      -0.007912       0.420846     550.155073
    -907.000      -0.007527       0.420382     550.020189
    -906.000      -0.006970       0.419631     549.728455
    -905.000      -0.005901       0.418608     549.668200
    -904.000      -0.004260       0.417340     549.933878
    -903.000      -0.002001       0.415856     550.611232
    -902.000       0.001071       0.414184     551.938776
    -901.000       0.004706       0.412366     553.690865
    -900.000       0.008673       0.410444     555.657698
    -899.000       0.012768       0.408460     557.667930
    -898.000       0.016433       0.406468     559.170762
    -897.000       0.019237       0.404514     559.754208
    -896.000       0.020823       0.402648     559.102782
    -895.000       0.020717       0.400922     556.774193
    -894.000       0.018668       0.399378     552.573481
    -893.000       0.014787       0.398051     546.707290
    -892.000       0.009018       0.396977     539.184524
    -891.000       0.001908       0.396174     530.649928
    -890.000      -0.006025       0.395652     521.690725
    -889.000      -0.014038       0.395418     513.079561
    -888.000      -0.021398       0.395466     505.566862
    -887.000      -0.027165       0.395781     500.056705
    -886.000      -0.030811       0.396348     497.044217
    -885.000      -0.031762       0.397138     497.060231
    -884.000      -0.029735       0.398124     500.366798
    -883.000      -0.024875       0.399277     506.830667
    -882.000      -0.017463       0.400561     516.182625
    -881.000      -0.008080       0.401940     527.845410
    -880.000       0.002363       0.403380     540.894144
    -879.000       0.012932       0.404843     554.298025
    -878.000       0.022662       0.406293     566.950122
    -877.000       0.030530       0.407697     577.625141
    -876.000       0.035799       0.409026     585.379165
    -875.000       0.037949       0.410253     589.509162
    -874.000       0.036643       0.411358     589.545684
    -873.000       0.031998       0.412323     585.591521
    -872.000       0.024427       0.413136     578.125610
    -871.000       0.014548       0.413793     567.894749
    -870.000       0.003253       0.414291     555.958829
    -869.000      -0.008324       0.414630     543.632186
    -868.000      -0.019288       0.414812     531.896109
    -867.000      -0.028474       0.414841     522.014100
    -866.000      -0.035080       0.414722     514.797268
    -865.000      -0.038554       0.414466     510.790820
    -864.000      -0.038494       0.414080     510.393849
    -863.000      -0.034972       0.413577     513.534411
    -862.000      -0.028342       0.412968     519.875643
    -861.000      -0.019226       0.412269     528.806803
    -860.000      -0.008450       0.411495     539.504876
    -859.000       0.002853       0.410662     550.794321
    -858.000       0.013740       0.409788     561.651303
    -857.000       0.023130       0.408886     570.877391
    -856.000       0.030158       0.407972     577.488917
    -855.000       0.034275       0.407059     580.842221
    -854.000       0.035089       0.406162     580.502700
    -853.000       0.032602       0.405295     576.505491
    -852.000       0.027177       0.404472     569.326672
    -851.000       0.019381       0.403708     559.673728
    -850.000       0.009994       0.403016     548.472904
    -849.000       0.000065       0.402413     536.942786
    -848.000      -0.009562       0.401911     525.988290
    -847.000      -0.017840       0.401526     516.717466
    -846.000      -0.024114       0.401267     509.785319
    -845.000      -0.027781       0.401143     505.769961
    -844.000      -0.028630       0.401160     504.863311
    -843.000      -0.026706       0.401319     507.012949
    -842.000      -0.022267       0.401619     511.966154
    -841.000      -0.015966       0.402056     519.078935
    -840.000      -0.008424       0.402622     527.722065
    -839.000      -0.000511       0.403305     536.995895
    -838.000       0.006993       0.404091     546.053615
    -837.000       0.013332       0.404963     554.032648
    -836.000       0.018015       0.405900     560.350146
    -835.000       0.020542       0.406882     564.382654
    -834.000       0.020931       0.407883     566.089895
    -833.000       0.019139       0.408878     565.368552
    -832.000       0.015574       0.409841     562.634495
    -831.000       0.010631       0.410741     558.296139
    -830.000       0.004974       0.411553     553.064170
    -829.000      -0.000854       0.412251     547.515226
    -828.000      -0.006185       0.412810     542.359188
    -827.000      -0.010499       0.413211     538.128656
    -826.000      -0.013439       0.413438     535.192959
    -825.000      -0.014702       0.413477     533.853205
    -824.000      -0.014281       0.413328     534.110720
    -823.000      -0.012293       0.412989     535.838854
    -822.000      -0.009002       0.412469     538.759339
    -821.000      -0.004847       0.411779     542.419827
    -820.000      -0.000291       0.410935     546.328890
    -819.000       0.004070       0.409959     549.861999
    -818.000       0.007836       0.408878     552.611228
    -817.000       0.010477       0.407717     554.016827
    -816.000       0.011769       0.406509     553.876908
    -815.000       0.011531       0.405289     552.046291
    -814.000       0.009831       0.404090     548.654774
    -813.000       0.006797       0.402950     543.912172
    -812.000       0.002926       0.401909     538.420932
    -811.000      -0.001496       0.400996     532.542235
    -810.000      -0.005776       0.400247     527.061028
    -809.000      -0.009472       0.399689     522.464401
    -808.000      -0.012112       0.399339     519.261013
    -807.000      -0.013336       0.399214     517.830785
    -806.000      -0.012930       0.399319     518.393384
    -805.000      -0.010953       0.399650     520.890717
    -804.000      -0.007566       0.400201     525.159223
    -803.000      -0.003089       0.400955     530.865706
    -802.000       0.001900       0.401888     537.381660
    -801.000       0.006909       0.402977     544.172524
    -800.000       0.011391       0.404191     550.605511
    -799.000       0.014713       0.405493     555.928762
    -798.000       0.016591       0.406853     559.770653
    -797.000       0.016748       0.408234     561.753847
    -796.000       0.015048       0.409597     561.654606
    -795.000       0.011749       0.410910     559.712421
    -794.000       0.007086       0.412139     556.142736
    -793.000       0.001503       0.413253     551.408932
    -792.000      -0.004371       0.414224     546.178067
    -791.000      -0.009962       0.415027     541.057962
    -790.000      -0.014747       0.415643     536.603500
    -789.000      -0.018106       0.416062     533.464720
    -788.000      -0.019776       0.416271     531.910477
    -787.000      -0.019519       0.416270     532.196190
    -786.000      -0.017345       0.416064     534.317541
    -785.000      -0.013370       0.415658     538.156821
    -784.000      -0.008155       0.415066     543.136005
    -783.000      -0.001970       0.414306     548.984962
    -782.000       0.004356       0.413395     554.817800
    -781.000       0.010307       0.412355     560.078962
    -780.000       0.015239       0.411208     564.077027
    -779.000       0.018690       0.409976     566.312967
    -778.000       0.020186       0.408684     566.280886
    -777.000       0.019756       0.407356     564.064900
    -776.000       0.017318       0.406017     559.621310
    -775.000       0.013164       0.404696     553.346577
    -774.000       0.007821       0.403418     545.881543
    -773.000       0.001790       0.402209     537.825440
    -772.000      -0.004309       0.401094     529.894189
    -771.000      -0.009686       0.400095     522.934867
    -770.000      -0.013928       0.399232     517.390911
    -769.000      -0.016579       0.398519     513.729178
    -768.000      -0.017306       0.397970     512.281079
    -767.000      -0.016217       0.397589     512.934329
    -766.000      -0.013517       0.397384     515.486162
    -765.000      -0.009393       0.397357     519.751225
    -764.000      -0.004651       0.397509     524.912060
    -763.000       0.000351       0.397840     530.597681
    -762.000       0.004921       0.398348     536.085648
    -761.000       0.008585       0.399025     540.851729
    -760.000       0.010887       0.399866     544.387069
    -759.000       0.011822       0.400859     546.660948
    -758.000       0.011136       0.401990     547.357693
    -757.000       0.009176       0.403242     546.827175
    -756.000       0.006287       0.404592     545.405989
    -755.000       0.002802       0.406014     543.419543
    -754.000      -0.000691       0.407485     541.474412
    -753.000      -0.003687       0.408975     540.078599
    -752.000      -0.005889       0.410454     539.519763
    -751.000      -0.006985       0.411897     540.107741
    -750.000      -0.006719       0.413272     542.092342
    -749.000      -0.005439       0.414553     545.075915
    -748.000      -0.003077       0.415715     549.113462
    -747.000      -0.000129       0.416736     553.644804
    -746.000       0.002981       0.417588     558.172287
    -745.000       0.005776       0.418254     562.138137
    -744.000       0.007962       0.418716     565.182755
    -743.000       0.008907       0.418955     566.559212
    -742.000       0.008663       0.418962     566.310276
    -741.000       0.007053       0.418728     564.226362
    -740.000       0.004101       0.418248     560.338308
    -739.000       0.000261       0.417530     555.186171
    -738.000      -0.004129       0.416580     549.168924
    -737.000      -0.008648       0.415412     542.787992
    -736.000      -0.012538       0.414053     536.903971
    -735.000      -0.015408       0.412525     531.961594
    -734.000      -0.016811       0.410860     528.460557
    -733.000      -0.016359       0.409097     526.838634
    -732.000      -0.013978       0.407270     527.195827
    -731.000      -0.009882       0.405419     529.342616
    -730.000      -0.004185       0.403589     533.206626
    -729.000       0.002419       0.401820     538.106065
    -728.000       0.009315       0.400154     543.437902
    -727.000       0.015791       0.398635     548.501769
    -726.000       0.021134       0.397301     552.579225
    -725.000       0.024505       0.396188     554.799865
    -724.000       0.025719       0.395330     555.025602
    -723.000       0.024257       0.394748     552.719251
    -722.000       0.020224       0.394460     548.038856
    -721.000       0.013994       0.394477     541.434504
    -720.000       0.006016       0.394790     533.392121
    -719.000      -0.002994       0.395390     524.677145
    -718.000      -0.011991       0.396262     516.366986
    -717.000      -0.020239       0.397371     509.164999
    -716.000      -0.026878       0.398689     503.905967
    -715.000      -0.031089       0.400181     501.358125
    -714.000      -0.032548       0.401804     501.804162
    -713.000      -0.031053       0.403520     505.427232
    -712.000      -0.026534       0.405288     512.295790
    -711.000      -0.019542       0.407062     521.868695
    -710.000      -0.010638       0.408805     533.572930
    -709.000      -0.000453       0.410479     546.755424
    -708.000       0.009880       0.412043     560.156392
    -707.000       0.019564       0.413467     572.845331
    -706.000       0.027816       0.414724     583.857512
    -705.000       0.033697       0.415786     592.011341
    -704.000       0.036805       0.416638     596.752965
    -703.000       0.036883       0.417266     597.721663
    -702.000       0.033714       0.417661     594.624465
    -701.000       0.027697       0.417825     587.962296
    -700.000       0.019305       0.417763     578.339860
    -699.000       0.009135       0.417481     566.511970
    -698.000      -0.001916       0.416995     553.578783
    -697.000      -0.012781       0.416321     540.777349
    -696.000      -0.022809       0.415477     528.848340
    -695.000      -0.030864       0.414486     519.002087
    -694.000      -0.036356       0.413371     511.840076
    -693.000      -0.038866       0.412154     507.770422
    -692.000      -0.038036       0.410863     507.146327
    -691.000      -0.033945       0.409523     509.892154
    -690.000      -0.027059       0.408160     515.563810
    -689.000      -0.017787       0.406802     523.782906
    -688.000      -0.007025       0.405479     533.670584
    -687.000       0.004243       0.404215     544.240612
    -686.000       0.015149       0.403038     554.579144
    -685.000       0.024681       0.401971     563.617661
    -684.000       0.031972       0.401033     570.385664
    -683.000       0.036462       0.400242     574.268221
    -682.000       0.037804       0.399611     574.878298
    -681.000       0.035788       0.399149     571.991063
    -680.000       0.030795       0.398860     566.076404
    -679.000       0.023284       0.398748     557.684064
    -678.000       0.013808       0.398813     547.451654
    -677.000       0.003495       0.399053     536.646321
    -676.000      -0.006927       0.399463     526.035201
    -675.000      -0.016495       0.400034     516.609243
    -674.000      -0.024351       0.400757     509.223721
    -673.000      -0.029893       0.401617     504.438068
    -672.000      -0.032840       0.402593     502.496566
    -671.000      -0.032821       0.403668     503.739593
    -670.000      -0.030158       0.404814     507.837233
    -669.000      -0.025153       0.406004     514.477754
    -668.000      -0.018270       0.407212     523.187993
    -667.000      -0.010250       0.408411     533.201734
    -666.000      -0.001898       0.409570     543.645482
    -665.000       0.006256       0.410667     553.908683
    -664.000       0.013395       0.411676     563.048958
    -663.000       0.019009       0.412575     570.422947
    -662.000       0.022917       0.413344     575.765595
    -661.000       0.024719       0.413962     578.555680
    -660.000       0.024585       0.414414     578.947857
    -659.000       0.022697       0.414687     577.125842
    -658.000       0.019306       0.414769     573.359821
    -657.000       0.014839       0.414654     568.149930
    -656.000       0.009828       0.414340     562.107167
    -655.000       0.004607       0.413827     555.619796
    -654.000      -0.000392       0.413126     549.185334
    -653.000      -0.004761       0.412252     543.274880
    -652.000      -0.008441       0.411224     537.963425
    -651.000      -0.011210       0.410068     533.516157
    -650.000      -0.013038       0.408816     529.988308
    -649.000      -0.014077       0.407503     527.247617
    -648.000      -0.014403       0.406166     525.249388
    -647.000      -0.014060       0.404842     523.981398
    -646.000      -0.013363       0.403570     523.157069
    -645.000      -0.012248       0.402388     522.881562
    -644.000      -0.010818       0.401328     523.087411
    -643.000      -0.009139       0.400421     523.746842
    -642.000      -0.007092       0.399696     525.020353
    -641.000      -0.004658       0.399176     526.958002
    -640.000      -0.001830       0.398878     529.601999
    -639.000       0.001432       0.398819     533.013779
    -638.000       0.005100       0.399004     537.187476
    -637.000       0.008929       0.399430     541.866658
    -636.000       0.012790       0.400094     546.916158
    -635.000       0.016360       0.400975     551.965940
    -634.000       0.019221       0.402050     556.530379
    -633.000       0.021097       0.403290     560.256345
    -632.000       0.021615       0.404652     562.669443
    -631.000       0.020481       0.406099     563.371922
    -630.000       0.017647       0.407588     562.249015
    -629.000       0.013084       0.409074     559.198703
    -628.000       0.006984       0.410515     554.384099
    -627.000      -0.000270       0.411876     548.202360
    -626.000      -0.008129       0.413116     541.221024
    -625.000      -0.016045       0.414209     534.011195
    -624.000      -0.023216       0.415126     527.427212
    -623.000      -0.029035       0.415842     522.080021
    -622.000      -0.032840       0.416341     518.653103
    -621.000      -0.034169       0.416609     517.615351
    -620.000      -0.032664       0.416634     519.329491
    -619.000      -0.028412       0.416418     523.729575
    -618.000      -0.021416       0.415961     530.816951
    -617.000      -0.012292       0.415273     539.994302
    -616.000      -0.001644       0.414371     550.649947
    -615.000       0.009651       0.413279     561.847345
    -614.000       0.020639       0.412021     572.570145
    -613.000       0.030270       0.410632     581.643477
    -612.000       0.037689       0.409146     588.100224
    -611.000       0.042103       0.407600     591.064785
    -610.000       0.042959       0.406032     589.942624
    -609.000       0.040118       0.404480     584.674039
    -608.000       0.033664       0.402978     575.466208
    -607.000       0.024039       0.401564     562.968390
    -606.000       0.012126       0.400269     548.316908
    -605.000      -0.001148       0.399118     532.608886
    -604.000      -0.014542       0.398141     517.253022
    -603.000      -0.026850       0.397356     503.502271
    -602.000      -0.036924       0.396783     492.481961
    -601.000      -0.043857       0.396438     485.038144
    -600.000      -0.046880       0.396325     481.860891
    -599.000      -0.045851       0.396450     483.064379
    -598.000      -0.040675       0.396812     488.748367
    -597.000      -0.031976       0.397401     498.357414
    -596.000      -0.020401       0.398203     511.323867
    -595.000      -0.007118       0.399201     526.530471
    -594.000       0.006767       0.400371     542.851243
    -593.000       0.019970       0.401687     558.908238
    -592.000       0.031372       0.403124     573.392178
    -591.000       0.039982       0.404651     585.069646
    -590.000       0.045110       0.406242     593.027486
    -589.000       0.046396       0.407868     596.709300
    -588.000       0.043729       0.409499     595.880748
    -587.000       0.037537       0.411109     590.982761
    -586.000       0.028268       0.412667     582.508051
    -585.000       0.016896       0.414143     571.584662
    -584.000       0.004328       0.415510     559.232830
    -583.000      -0.008308       0.416739     546.730419
    -582.000      -0.020083       0.417803     535.072751
    -581.000      -0.029888       0.418677     525.403088
    -580.000      -0.037200       0.419343     518.251087
    -579.000      -0.041301       0.419778     514.302871
    -578.000      -0.042075       0.419974     513.652528
    -577.000      -0.039525       0.419920     516.284447
    -576.000      -0.033913       0.419609     521.920768
    -575.000      -0.025801       0.419042     530.001619
    -574.000      -0.015922       0.418224     539.757616
    -573.000      -0.005064       0.417159     550.356042
    -572.000       0.005845       0.415862     560.796273
    -571.000       0.015950       0.414353     570.102202
    -570.000       0.024459       0.412650     577.388482
    -569.000       0.030790       0.410786     582.003133
    -568.000       0.034409       0.408794     583.351789
    -567.000       0.035229       0.406711     581.411404
    -566.000       0.033180       0.404583     576.190389
    -565.000       0.028576       0.402462     568.182066
    -564.000       0.021853       0.400392     557.994376
    -563.000       0.013714       0.398430     546.539310
    -562.000       0.004747       0.396627     534.562215
    -561.000      -0.004083       0.395029     523.150442
    -560.000      -0.012221       0.393685     512.927177
    -559.000      -0.018895       0.392637     504.695705
    -558.000      -0.023707       0.391912     498.834982
    -557.000      -0.026280       0.391541     495.715596
    -556.000      -0.026648       0.391540     495.296392
    -555.000      -0.024808       0.391909     497.569652
    -554.000      -0.021151       0.392652     502.166491
    -553.000      -0.016136       0.393753     508.629441
    -552.000      -0.010232       0.395184     516.482616
    -551.000      -0.004026       0.396918     525.110633
    -550.000       0.001889       0.398910     533.848599
    -549.000       0.007192       0.401106     542.285091
    -548.000       0.011462       0.403456     549.884781
    -547.000       0.014475       0.405896     556.285711
    -546.000       0.016286       0.408358     561.437041
    -545.000       0.016822       0.410785     565.147399
    -544.000       0.016261       0.413113     567.508741
    -543.000       0.014866       0.415283     568.724600
    -542.000       0.012833       0.417248     568.948375
    -541.000       0.010329       0.418965     568.308067
    -540.000       0.007730       0.420394     567.183301
    -539.000       0.005032       0.421511     565.543807
    -538.000       0.002402       0.422294     563.558602
    -537.000      -0.000039       0.422726     561.347194
    -536.000      -0.002360       0.422809     558.842609
    -535.000      -0.004603       0.422536     555.994540
    -534.000      -0.006583       0.421918     553.021859
    -533.000      -0.008589       0.420973     549.636625
    -532.000      -0.010384       0.419720     546.123850
    -531.000      -0.011968       0.418193     542.523908
    -530.000      -0.013248       0.416433     538.989035
    -529.000      -0.014095       0.414480     535.705068
    -528.000      -0.014226       0.412388     533.034193
    -527.000      -0.013635       0.410211     531.039253
    -526.000      -0.012074       0.408003     530.040083
    -525.000      -0.009454       0.405820     530.189374
    -524.000      -0.005894       0.403718     531.423944
    -523.000      -0.001451       0.401741     533.734071
    -522.000       0.003694       0.399940     536.998783
    -521.000       0.009011       0.398352     540.697520
    -520.000       0.014190       0.397006     544.554807
    -519.000       0.018739       0.395931     548.084793
    -518.000       0.022018       0.395145     550.621479
    -517.000       0.023718       0.394657     551.851308
    -516.000       0.023545       0.394471     551.466368
    -515.000       0.021143       0.394585     549.072594
    -514.000       0.016816       0.394985     544.999444
    -513.000       0.010657       0.395657     539.326159
    -512.000       0.003154       0.396574     532.559221
    -511.000      -0.005058       0.397706     525.333780
    -510.000      -0.013166       0.399019     518.458702
    -509.000      -0.020619       0.400475     512.463355
    -508.000      -0.026432       0.402033     508.295479
    -507.000      -0.030152       0.403653     506.375057
    -506.000      -0.031363       0.405296     507.089262
    -505.000      -0.029755       0.406922     510.732302
    -504.000      -0.025460       0.408501     517.180947
    -503.000      -0.018852       0.410003     526.066866
    -502.000      -0.010352       0.411399     536.966243
    -501.000      -0.000747       0.412672     549.062254
    -500.000       0.009023       0.413798     561.311244
    -499.000       0.018262       0.414763     572.915717
    -498.000       0.025972       0.415552     582.681837
    -497.000       0.031479       0.416152     589.767439
    -496.000       0.034298       0.416554     593.544731
    -495.000       0.034179       0.416752     593.683912
    -494.000       0.030944       0.416742     589.962165
    -493.000       0.025125       0.416526     583.037671
    -492.000       0.017060       0.416108     573.355608
    -491.000       0.007447       0.415496     561.780611
    -490.000      -0.002659       0.414704     549.570790
    -489.000      -0.012527       0.413747     537.563940
    -488.000      -0.021243       0.412643     526.774943
    -487.000      -0.027889       0.411410     518.162897
    -486.000      -0.032025       0.410075     512.170770
    -485.000      -0.033286       0.408661     509.158031
    -484.000      -0.031425       0.407198     509.364093
    -483.000      -0.026861       0.405714     512.382585
    -482.000      -0.019985       0.404243     517.842283
    -481.000      -0.011353       0.402815     525.215537
    -480.000      -0.001993       0.401472     533.488723
    -479.000       0.007289       0.400244     541.852872
    -478.000       0.015696       0.399170     549.503164
    -477.000       0.022311       0.398281     555.475336
    -476.000       0.026609       0.397609     559.218171
    -475.000       0.028387       0.397176     560.545674
    -474.000       0.027313       0.397004     559.103678
    -473.000       0.023801       0.397103     555.380615
    -472.000       0.018255       0.397481     549.839974
    -471.000       0.011197       0.398132     543.044911
    -470.000       0.003470       0.399046     535.902832
    -469.000      -0.004116       0.400202     529.240546
    -468.000      -0.010988       0.401576     523.622977
    -467.000      -0.016408       0.403132     519.761785
    -466.000      -0.019926       0.404833     518.072910
    -465.000      -0.021465       0.406637     518.589500
    -464.000      -0.020891       0.408494     521.403242
    -463.000      -0.018365       0.410358     526.317637
    -462.000      -0.014441       0.412175     532.721294
    -461.000      -0.009398       0.413895     540.270779
    -460.000      -0.003850       0.415471     548.269496
    -459.000       0.001560       0.416854     555.948909
    -458.000       0.006446       0.417999     562.810844
    -457.000       0.010377       0.418873     568.305390
    -456.000       0.012914       0.419444     571.869008
    -455.000       0.014109       0.419687     573.509046
    -454.000       0.013842       0.419594     573.063987
    -453.000       0.012212       0.419156     570.640835
    -452.000       0.009559       0.418377     566.641115
    -451.000       0.006227       0.417276     561.495589
    -450.000       0.002462       0.415869     555.516123
    -449.000      -0.001146       0.414189     549.411098
    -448.000      -0.004293       0.412276     543.564564
    -447.000      -0.006776       0.410171     538.241796
    -446.000      -0.008165       0.407926     533.954804
    -445.000      -0.008486       0.405606     530.734244
    -444.000      -0.007815       0.403265     528.547101
    -443.000      -0.006086       0.400974     527.534396
    -442.000      -0.003722       0.398805     527.328237
    -441.000      -0.001016       0.396817     527.691867
    -440.000       0.001772       0.395078     528.434999
    -439.000       0.004197       0.393648     529.172790
    -438.000       0.005886       0.392568     529.572651
    -437.000       0.006807       0.391880     529.661974
    -436.000       0.006628       0.391608     529.127279
    -435.000       0.005461       0.391760     528.097049
    -434.000       0.003479       0.392336     526.754055
    -433.000       0.000883       0.393320     525.282100
    -432.000      -0.002057       0.394679     523.914303
    -431.000      -0.004776       0.396377     523.192575
    -430.000      -0.007123       0.398367     523.208132
    -429.000      -0.008693       0.400584     524.309828
    -428.000      -0.009197       0.402976     526.739711
    -427.000      -0.008670       0.405475     530.398198
    -426.000      -0.007032       0.408012     535.305447
    -425.000      -0.004438       0.410527     541.243703
    -424.000      -0.001167       0.412956     547.854527
    -423.000       0.002401       0.415234     554.654199
    -422.000       0.006044       0.417316     561.339638
    -421.000       0.009153       0.419147     567.156995
    -420.000       0.011543       0.420688     571.828580
    -419.000       0.012886       0.421912     574.926116
    -418.000       0.012976       0.422792     576.166839
    -417.000       0.011730       0.423312     575.423050
    -416.000       0.009383       0.423473     572.975462
    -415.000       0.005879       0.423273     568.758924
    -414.000       0.001725       0.422726     563.394983
    -413.000      -0.002725       0.421848     557.320454
    -412.000      -0.007143       0.420661     550.939773
    -411.000      -0.010964       0.419194     544.921593
    -410.000      -0.013816       0.417481     539.706836
    -409.000      -0.015474       0.415557     535.564679
    -408.000      -0.015622       0.413464     532.867978
    -407.000      -0.014268       0.411247     531.636840
    -406.000      -0.011532       0.408948     531.776034
    -405.000      -0.007645       0.406622     533.091027
    -404.000      -0.002909       0.404319     535.310181
    -403.000       0.002017       0.402084     537.788457
    -402.000       0.006840       0.399970     540.275379
    -401.000       0.010923       0.398021     542.151440
    -400.000       0.013871       0.396273     543.046768
    -399.000       0.015375       0.394763     542.685902
    -398.000       0.015353       0.393519     541.036407
    -397.000       0.013662       0.392558     537.979424
    -396.000       0.010722       0.391897     534.002591
    -395.000       0.006713       0.391550     529.320951
    -394.000       0.002171       0.391513     524.497711
    -393.000      -0.002407       0.391791     520.058223
    -392.000      -0.006493       0.392377     516.526925
    -391.000      -0.009737       0.393259     514.241799
    -390.000      -0.011723       0.394422     513.605500
    -389.000      -0.012348       0.395845     514.696822
    -388.000      -0.011649       0.397496     517.448800
    -387.000      -0.009725       0.399346     521.740284
    -386.000      -0.006924       0.401359     527.184262
    -385.000      -0.003653       0.403491     533.315985
    -384.000      -0.000268       0.405703     539.712342
    -383.000       0.002761       0.407953     545.818490
    -382.000       0.005095       0.410193     551.191355
    -381.000       0.006557       0.412385     555.568843
    -380.000       0.006972       0.414488     558.687860
    -379.000       0.006413       0.416461     560.560376
    -378.000       0.005014       0.418268     561.277616
    -377.000       0.003065       0.419879     561.120045
    -376.000       0.000821       0.421255     560.327728
    -375.000      -0.001273       0.422368     559.368058
    -374.000      -0.002989       0.423195     558.471703
    -373.000      -0.004002       0.423706     557.968434
    -372.000      -0.004188       0.423886     557.984313
    -371.000      -0.003445       0.423720     558.614268
    -370.000      -0.001949       0.423199     559.650397
    -369.000       0.000255       0.422324     561.038375
    -368.000       0.002703       0.421106     562.268981
    -367.000       0.005202       0.419558     563.132748
    -366.000       0.007259       0.417712     563.110519
    -365.000       0.008606       0.415601     561.946620
    -364.000       0.008895       0.413264     559.306286
    -363.000       0.008029       0.410755     555.169969
    -362.000       0.005925       0.408130     549.540659
    -361.000       0.002727       0.405442     542.677160
    -360.000      -0.001271       0.402762     535.020797
    -359.000      -0.005666       0.400152     527.095163
    -358.000      -0.009995       0.397681     519.487523
    -357.000      -0.013645       0.395418     512.911974
    -356.000      -0.016195       0.393427     507.857400
    -355.000      -0.017168       0.391768     504.856326
    -354.000      -0.016341       0.390499     504.182313
    -353.000      -0.013620       0.389660     505.974353
    -352.000      -0.009231       0.389280     510.047175
    -351.000      -0.003428       0.389384     516.201788
    -350.000       0.003116       0.389964     523.780324
    -349.000       0.009848       0.391006     532.213617
    -348.000       0.015961       0.392485     540.643557
    -347.000       0.020893       0.394350     548.404307
    -346.000       0.023955       0.396545     554.642960
    -345.000       0.024895       0.399011     558.972037
    -344.000       0.023431       0.401667     560.922289
    -343.000       0.019702       0.404441     560.516562
    -342.000       0.013974       0.407257     557.919281
    -341.000       0.006731       0.410034     553.550267
    -340.000      -0.001378       0.412699     548.042388
    -339.000      -0.009682       0.415185     542.061922
    -338.000      -0.017354       0.417422     536.430123
    -337.000      -0.023827       0.419359     531.735019
    -336.000      -0.028416       0.420948     528.655368
    -335.000      -0.030721       0.422149     527.589869
    -334.000      -0.030518       0.422937     528.766694
    -333.000      -0.027775       0.423298     532.219252
    -332.000      -0.022587       0.423221     537.852502
    -331.000      -0.015497       0.422720     545.101800
    -330.000      -0.006873       0.421811     553.600245
    -329.000       0.002487       0.420520     562.488807
    -328.000       0.011823       0.418892     570.951190
    -327.000       0.020423       0.416972     578.217106
    -326.000       0.027487       0.414812     583.419471
    -325.000       0.032374       0.412482     585.882729
    -324.000       0.034669       0.410043     585.231400
    -323.000       0.034076       0.407561     581.240781
    -322.000       0.030546       0.405111     574.019852
    -321.000       0.024407       0.402756     564.101422
    -320.000       0.016074       0.400562     552.115482
    -319.000       0.006196       0.398592     538.931077
    -318.000      -0.004246       0.396899     525.687479
    -317.000      -0.014479       0.395526     513.261573
    -316.000      -0.023535       0.394512     502.658840
    -315.000      -0.030563       0.393874     494.695603
    -314.000      -0.034981       0.393627     489.908924
    -313.000      -0.036401       0.393767     488.639374
    -312.000      -0.034596       0.394276     491.072069
    -311.000      -0.029875       0.395128     496.904022
    -310.000      -0.022573       0.396289     505.816283
    -309.000      -0.013364       0.397712     517.142244
    -308.000      -0.003078       0.399351     530.038629
    -307.000       0.007359       0.401152     543.492746
    -306.000       0.017162       0.403062     556.617207
    -305.000       0.025411       0.405029     568.277506
    -304.000       0.031473       0.407003     577.649146
    -303.000       0.034969       0.408931     584.163916
    -302.000       0.035544       0.410772     587.278598
    -301.000       0.033279       0.412481     586.987144
    -300.000       0.028473       0.414024     583.571770
    -299.000       0.021442       0.415372     577.361375
    -298.000       0.012902       0.416498     569.177757
    -297.000       0.003550       0.417386     559.807950
    -296.000      -0.005889       0.418025     550.094444
    -295.000      -0.014685       0.418409     540.842812
    -294.000      -0.022065       0.418537     532.894781
    -293.000      -0.027640       0.418416     526.663611
    -292.000      -0.030944       0.418053     522.633886
    -291.000      -0.031772       0.417459     521.008769
    -290.000      -0.030232       0.416650     521.680367
    -289.000      -0.026492       0.415641     524.479707
    -288.000      -0.020826       0.414449     529.132221
    -287.000      -0.013944       0.413099     534.912857
    -286.000      -0.006265       0.411607     541.389630
    -285.000       0.001607       0.410002     547.942594
    -284.000       0.008900       0.408307     553.743013
    -283.000       0.015294       0.406555     558.474376
    -282.000       0.020296       0.404775     561.623067
    -281.000       0.023540       0.403006     562.826080
    -280.000       0.025034       0.401281     562.150963
    -279.000       0.024745       0.399639     559.628408
    -278.000       0.022731       0.398119     555.390590
    -277.000       0.019362       0.396758     549.921919
    -276.000       0.014976       0.395589     543.652574
    -275.000       0.009754       0.394645     536.829177
    -274.000       0.004324       0.393951     530.165788
    -273.000      -0.001134       0.393530     523.866187
    -272.000      -0.006316       0.393401     518.269724
    -271.000      -0.010874       0.393577     513.727770
    -270.000      -0.014666       0.394064     510.384614
    -269.000      -0.017671       0.394869     508.252820
    -268.000      -0.019574       0.395987     507.636936
    -267.000      -0.020508       0.397404     508.387417
    -266.000      -0.020436       0.399106     510.529525
    -265.000      -0.019225       0.401061     514.170500
    -264.000      -0.017023       0.403233     519.137892
    -263.000      -0.013882       0.405578     525.348169
    -262.000      -0.009796       0.408041     532.768656
    -261.000      -0.004947       0.410560     541.158223
    -260.000       0.000358       0.413081     550.137136
    -259.000       0.006147       0.415531     559.667895
    -258.000       0.011834       0.417848     569.023185
    -257.000       0.017207       0.419976     577.881047
    -256.000       0.021934       0.421854     585.766572
    -255.000       0.025546       0.423428     592.037439
    -254.000       0.027675       0.424662     596.179760
    -253.000       0.028203       0.425509     597.976907
    -252.000       0.026708       0.425945     596.873947
    -251.000       0.023259       0.425948     592.941986
    -250.000       0.017939       0.425501     586.284905
    -249.000       0.010897       0.424606     577.130003
    -248.000       0.002545       0.423273     566.027920
    -247.000      -0.006470       0.421512     553.791203
    -246.000      -0.015656       0.419359     541.056431
    -245.000      -0.024208       0.416855     528.779666
    -244.000      -0.031326       0.414046     517.851284
    -243.000      -0.036412       0.411000     508.941764
    -242.000      -0.038892       0.407791     502.664582
    -241.000      -0.038187       0.404493     499.617011
    -240.000      -0.034419       0.401200     499.733752
    -239.000      -0.027488       0.398002     503.174782
    -238.000      -0.017867       0.394987     509.559238
    -237.000      -0.006334       0.392253     518.241031
    -236.000       0.006200       0.389880     528.409319
    -235.000       0.018773       0.387940     539.206115
    -234.000       0.029958       0.386505     549.234151
    -233.000       0.038888       0.385617     557.639310
    -232.000       0.044625       0.385302     563.440903
    -231.000       0.046419       0.385583     565.819897
    -230.000       0.044133       0.386442     564.593105
    -229.000       0.037976       0.387854     559.945458
    -228.000       0.028210       0.389779     552.079099
    -227.000       0.015970       0.392148     542.163802
    -226.000       0.002231       0.394887     531.123614
    -225.000      -0.011904       0.397918     520.030231
    -224.000      -0.025026       0.401142     510.214755
    -223.000      -0.036102       0.404469     502.618755
    -222.000      -0.044317       0.407813     497.964699
    -221.000      -0.048837       0.411078     497.004272
    -220.000      -0.049445       0.414186     499.916310
    -219.000      -0.046193       0.417071     506.657877
    -218.000      -0.039220       0.419659     517.096690
    -217.000      -0.029232       0.421904     530.561543
    -216.000      -0.017067       0.423762     546.196987
    -215.000      -0.003570       0.425197     563.081413
    -214.000       0.010164       0.426189     579.974112
    -213.000       0.022963       0.426730     595.462578
    -212.000       0.034120       0.426813     608.627297
    -211.000       0.042547       0.426453     618.080295
    -210.000       0.047741       0.425668     623.158236
    -209.000       0.049331       0.424482     623.397401
    -208.000       0.047183       0.422937     618.707530
    -207.000       0.041382       0.421074     609.306017
    -206.000       0.032589       0.418940     596.188079
    -205.000       0.021254       0.416595     580.069829
    -204.000       0.008388       0.414094     562.318195
    -203.000      -0.005026       0.411493     544.192716
    -202.000      -0.017931       0.408860     526.938581
    -201.000      -0.029393       0.406252     511.584484
    -200.000      -0.038336       0.403725     499.218765
    -199.000      -0.044210       0.401336     490.352789
    -198.000      -0.046524       0.399136     485.423960
    -197.000      -0.045004       0.397163     484.659984
    -196.000      -0.039944       0.395460     487.791210
    -195.000      -0.031768       0.394053     494.433533
    -194.000      -0.021055       0.392963     504.070914
    -193.000      -0.008903       0.392205     515.687875
    -192.000       0.003778       0.391784     528.394425
    -191.000       0.015948       0.391696     541.127455
    -190.000       0.026580       0.391935     552.795718
    -189.000       0.034801       0.392484     562.383547
    -188.000       0.040202       0.393322     569.380232
    -187.000       0.042152       0.394425     572.986872
    -186.000       0.040795       0.395764     573.288204
    -185.000       0.036310       0.397307     570.412252
    -184.000       0.029083       0.399021     564.730682
    -183.000       0.019796       0.400871     556.969447
    -182.000       0.009381       0.402821     548.119261
    -181.000      -0.001567       0.404836     538.779153
    -180.000      -0.011978       0.406877     530.072122
    -179.000      -0.021144       0.408908     522.691208
    -178.000      -0.028546       0.410892     517.129615
    -177.000      -0.033549       0.412792     514.006128
    -176.000      -0.035988       0.414569     513.446341
    -175.000      -0.035816       0.416191     515.481390
    -174.000      -0.033139       0.417621     519.983073
    -173.000      -0.028214       0.418830     526.681934
    -172.000      -0.021642       0.419794     534.946578
    -171.000      -0.013777       0.420490     544.387027
    -170.000      -0.005321       0.420898     554.225448
    -169.000       0.003143       0.421012     563.804583
    -168.000       0.011102       0.420822     572.500249
    -167.000       0.018081       0.420325     579.748254
    -166.000       0.023578       0.419526     584.940342
    -165.000       0.027481       0.418434     587.931779
    -164.000       0.029517       0.417061     588.407338
    -163.000       0.029646       0.415433     586.358992
    -162.000       0.028010       0.413573     582.005424
    -161.000       0.024708       0.411517     575.537382
    -160.000       0.019977       0.409309     567.326570
    -159.000       0.014181       0.406997     557.889100
    -158.000       0.007615       0.404636     547.659437
    -157.000       0.000653       0.402290     537.143187
    -156.000      -0.006277       0.400023     526.901183
    -155.000      -0.012798       0.397901     517.395447
    -154.000      -0.018607       0.395997     509.007646
    -153.000      -0.023237       0.394366     502.252772
    -152.000      -0.026504       0.393073     497.355915
    -151.000      -0.028129       0.392163     494.619552
    -150.000      -0.027948       0.391670     494.227450
    -149.000      -0.025927       0.391619     496.241064
    -148.000      -0.022140       0.392020     500.615453
    -147.000      -0.016697       0.392859     507.254431
    -146.000      -0.009953       0.394122     515.830631
    -145.000      -0.002279       0.395771     525.969468
    -144.000       0.005839       0.397756     537.131888
    -143.000       0.013872       0.400026     548.734001
    -142.000       0.021179       0.402514     559.987655
    -141.000       0.027299       0.405144     570.262033
    -140.000       0.031682       0.407850     578.813196
    -139.000       0.033923       0.410549     585.006336
    -138.000       0.033823       0.413162     588.455732
    -137.000       0.031242       0.415622     588.856762
    -136.000       0.026254       0.417852     586.167327
    -135.000       0.019217       0.419790     580.740251
    -134.000       0.010443       0.421384     572.865783
    -133.000       0.000619       0.422583     563.337825
    -132.000      -0.009605       0.423356     552.886554
    -131.000      -0.019454       0.423683     542.383174
    -130.000      -0.028188       0.423548     532.649990
    -129.000      -0.035030       0.422956     524.532396
    -128.000      -0.039442       0.421922     518.594406
    -127.000      -0.040942       0.420467     515.342200
    -126.000      -0.039274       0.418631     515.047481
    -125.000      -0.034514       0.416464     517.668097
    -124.000      -0.026880       0.414014     523.006533
    -123.000      -0.016901       0.411355     530.582825
    -122.000      -0.005352       0.408558     539.671834
    -121.000       0.006873       0.405698     549.384968
    -120.000       0.018751       0.402861     558.728485
    -119.000       0.029223       0.400130     566.637722
    -118.000       0.037378       0.397578     572.193136
    -117.000       0.042419       0.395291     574.628067
    -116.000       0.043845       0.393330     573.498571
    -115.000       0.041499       0.391752     568.756611
    -114.000       0.035501       0.390609     560.665613
    -113.000       0.026454       0.389928     549.995575
    -112.000       0.015061       0.389723     537.575331
    -111.000       0.002467       0.390002     524.666990
    -110.000      -0.010274       0.390745     512.318546
    -109.000      -0.021970       0.391923     501.697672
    -108.000      -0.031654       0.393500     493.668658
    -107.000      -0.038444       0.395420     488.993586
    -106.000      -0.041907       0.397622     488.016672
    -105.000      -0.041776       0.400045     490.936590
    -104.000      -0.038162       0.402617     497.623705
    -103.000      -0.031554       0.405267     507.589346
    -102.000      -0.022512       0.407930     520.285101
    -101.000      -0.011890       0.410536     534.822991
    -100.000      -0.000650       0.413027     550.142865
     -99.000       0.010357       0.415346     565.259468
     -98.000       0.020276       0.417442     579.110450
     -97.000       0.028256       0.419275     590.580942
     -96.000       0.033950       0.420814     599.159263
     -95.000       0.036824       0.422029     604.079513
     -94.000       0.036876       0.422907     605.271816
     -93.000       0.034174       0.423437     602.781962
     -92.000       0.029036       0.423616     596.994844
     -91.000       0.021885       0.423447     588.459748
     -90.000       0.013422       0.422944     578.059962
     -89.000       0.004219       0.422116     566.514281
     -88.000      -0.004962       0.420989     554.768546
     -87.000      -0.013456       0.419586     543.580392
     -86.000      -0.020660       0.417934     533.645390
     -85.000      -0.026138       0.416068     525.437815
     -84.000      -0.029446       0.414026     519.418429
     -83.000      -0.030527       0.411843     515.649081
     -82.000      -0.029319       0.409563     514.198491
     -81.000      -0.025989       0.407229     514.913099
     -80.000      -0.020866       0.404882     517.474122
     -79.000      -0.014435       0.402568     521.426360
     -78.000      -0.007119       0.400331     526.382022
     -77.000       0.000386       0.398211     531.658127
     -76.000       0.007594       0.396251     536.798226
     -75.000       0.013932       0.394494     541.259392
     -74.000       0.018993       0.392974     544.649150
     -73.000       0.022350       0.391730     546.565242
     -72.000       0.023982       0.390792     547.041597
     -71.000       0.023659       0.390186     545.863257
     -70.000       0.021594       0.389932     543.300979
     -69.000       0.018031       0.390046     539.642263
     -68.000       0.013261       0.390526     535.198000
     -67.000       0.007697       0.391374     530.403350
     -66.000       0.001923       0.392575     525.846727
     -65.000      -0.003805       0.394106     521.750857
     -64.000      -0.008916       0.395941     518.670093
     -63.000      -0.013117       0.398044     516.847115
     -62.000      -0.016199       0.400368     516.442417
     -61.000      -0.018015       0.402868     517.557872
     -60.000      -0.018438       0.405491     520.273926
     -59.000      -0.017684       0.408178     524.316259
     -58.000      -0.015823       0.410873     529.567094
     -57.000      -0.012989       0.413520     535.838691
     -56.000      -0.009617       0.416056     542.605658
     -55.000      -0.005809       0.418427     549.704654
     -54.000      -0.001846       0.420580     556.764414
     -53.000       0.001931       0.422461     563.329688
     -52.000       0.005416       0.424028     569.219522
     -51.000       0.008504       0.425238     574.248093
     -50.000       0.010842       0.426058     577.945412
     -49.000       0.012643       0.426465     580.519815
     -48.000       0.013680       0.426440     581.670180
     -47.000       0.013979       0.425972     581.407471
     -46.000       0.013573       0.425073     579.785529
     -45.000       0.012566       0.423749     576.940687
     -44.000       0.010816       0.422025     572.747274
     -43.000       0.008626       0.419940     567.617954
     -42.000       0.005946       0.417532     561.559246
     -41.000       0.002863       0.414853     554.753485
     -40.000      -0.000398       0.411970     547.544492
     -39.000      -0.003722       0.408943     540.141590
     -38.000      -0.007044       0.405849     532.720391
     -37.000      -0.009970       0.402768     525.790754
     -36.000      -0.012452       0.399776     519.486867
     -35.000      -0.014281       0.396955     514.116875
     -34.000      -0.015164       0.394391     510.062549
     -33.000      -0.015053       0.392148     507.435319
     -32.000      -0.013914       0.390297     506.342633
     -31.000      -0.011574       0.388898     507.026950
     -30.000      -0.008302       0.387985     509.262255
     -29.000      -0.004237       0.387589     512.957807
     -28.000       0.000386       0.387721     517.910350
     -27.000       0.005200       0.388368     523.746260
     -26.000       0.009664       0.389510     529.891256
     -25.000       0.013672       0.391108     536.199057
     -24.000       0.016555       0.393101     541.867503
     -23.000       0.018185       0.395433     546.671610
     -22.000       0.018394       0.398027     550.303929
     -21.000       0.017038       0.400800     552.466150
     -20.000       0.014191       0.403677     553.112730
     -19.000       0.010214       0.406577     552.515949
     -18.000       0.005234       0.409413     550.689137
     -17.000      -0.000241       0.412123     548.112152
     -16.000      -0.005689       0.414634     545.269917
     -15.000      -0.010779       0.416887     542.465401
     -14.000      -0.015001       0.418835     540.211565
     -13.000      -0.017942       0.420436     538.920401
     -12.000      -0.019440       0.421658     538.744333
     -11.000      -0.019374       0.422486     539.810263
     -10.000      -0.017566       0.422906     542.301092
      -9.000      -0.014453       0.422918     545.754625
      -8.000      -0.010122       0.422536     550.088123
      -7.000      -0.004952       0.421777     554.900581
      -6.000       0.000461       0.420667     559.557376
      -5.000       0.005727       0.419247     563.656220
      -4.000       0.010453       0.417555     566.794652
      -3.000       0.014018       0.415639     568.320099
      -2.000       0.016308       0.413555     568.178669
      -1.000       0.017116       0.411353     566.212801
       0.000       0.016280       0.409093     562.334507
