   -2600.000       0.031995       0.398170       5.261773
   -2599.000       0.024944       0.400817       4.660742
   -2598.000       0.015976       0.403593       4.054248
   -2597.000       0.005774       0.406417       3.471348
   -2596.000      -0.004745       0.409207       2.935528
   -2595.000      -0.014662       0.411893       2.461293
   -2594.000      -0.023398       0.414401       2.055874
   -2593.000      -0.030163       0.416662       1.722475
   -2592.000      -0.034468       0.418628       1.458062
   -2591.000      -0.036212       0.420242       1.258841
   -2590.000      -0.035158       0.421468       1.120331
   -2589.000      -0.031497       0.422282       1.037452
   -2588.000      -0.025661       0.422662       1.007697
   -2587.000      -0.018000       0.422602       1.030328
   -2586.000      -0.009135       0.422112       1.105491
   -2585.000       0.000139       0.421203       1.235810
   -2584.000       0.009303       0.419906       1.423650
   -2583.000       0.017612       0.418259       1.669732
   -2582.000       0.024432       0.416306       1.973315
   -2581.000       0.029356       0.414106       2.328896
   -2580.000       0.032067       0.411721       2.727083
   -2579.000       0.032271       0.409215       3.154452
   -2578.000       0.030129       0.406661       3.594415
   -2577.000       0.025815       0.404132       4.028288
   -2576.000       0.019533       0.401695       4.437965
   -2575.000       0.012007       0.399425       4.808342
   -2574.000       0.003711       0.397385       5.126129
   -2573.000      -0.004771       0.395628       5.383442
   -2572.000      -0.012633       0.394208       5.577314
   -2571.000      -0.019358       0.393165       5.706534
   -2570.000      -0.024547       0.392518       5.773115
   -2569.000      -0.027616       0.392286       5.781998
   -2568.000      -0.028572       0.392465       5.735452
   -2567.000      -0.027350       0.393038       5.637708
   -2566.000      -0.024020       0.393981       5.492246
   -2565.000      -0.018951       0.395254       5.301741
   -2564.000      -0.012671       0.396805       5.069166
   -2563.000      -0.005456       0.398588       4.800244
   -2562.000       0.001921       0.400538       4.499795
   -2561.000       0.008965       0.402598       4.175836
   -2560.000       0.015282       0.404709       3.838324
   -2559.000       0.020296       0.406813       3.496733
   -2558.000       0.023713       0.408854       3.161992
   -2557.000       0.025464       0.410786       2.844659
   -2556.000       0.025279       0.412561       2.552847
   -2555.000       0.023344       0.414143       2.293891
   -2554.000       0.019852       0.415502       2.072473
   -2553.000       0.015022       0.416610       1.891459
   -2552.000       0.009236       0.417452       1.751585
   -2551.000       0.003016       0.418016       1.653108
   -2550.000      -0.003337       0.418296       1.595000
   -2549.000      -0.009290       0.418292       1.576462
   -2548.000      -0.014423       0.418012       1.596546
   -2547.000      -0.018481       0.417463       1.655005
   -2546.000      -0.021190       0.416664       1.751312
   -2545.000      -0.022283       0.415633       1.886359
   -2544.000      -0.021939       0.414395       2.059280
   -2543.000      -0.020030       0.412977       2.270603
   -2542.000      -0.016797       0.411410       2.518993
   -2541.000      -0.012518       0.409725       2.802346
   -2540.000      -0.007490       0.407961       3.116536
   -2539.000      -0.002014       0.406149       3.456896
   -2538.000       0.003398       0.404328       3.814777
   -2537.000       0.008517       0.402534       4.181548
   -2536.000       0.012941       0.400802       4.545780
   -2535.000       0.016390       0.399167       4.895450
   -2534.000       0.018653       0.397665       5.217461
   -2533.000       0.019673       0.396328       5.500705
   -2532.000       0.019282       0.395184       5.733158
   -2531.000       0.017613       0.394263       5.906803
   -2530.000       0.014810       0.393587       6.015842
   -2529.000       0.010942       0.393178       6.055830
   -2528.000       0.006426       0.393050       6.028469
   -2527.000       0.001450       0.393215       5.934934
   -2526.000      -0.003618       0.393677       5.781138
   -2525.000      -0.008474       0.394437       5.573046
   -2524.000      -0.012702       0.395487       5.319790
   -2523.000      -0.016186       0.396812       5.027930
   -2522.000      -0.018496       0.398394       4.707750
   -2521.000      -0.019590       0.400204       4.366060
   -2520.000      -0.019310       0.402204       4.011714
   -2519.000      -0.017688       0.404358       3.650727
   -2518.000      -0.014722       0.406619       3.291118
   -2517.000      -0.010743       0.408935       2.938169
   -2516.000      -0.005813       0.411258       2.598853
   -2515.000      -0.000404       0.413535       2.278225
   -2514.000       0.005154       0.415707       1.982767
   -2513.000       0.010509       0.417731       1.716791
   -2512.000       0.015209       0.419551       1.485145
   -2511.000       0.018889       0.421120       1.291310
   -2510.000       0.021300       0.422398       1.137640
   -2509.000       0.022145       0.423344       1.025545
   -2508.000       0.021359       0.423924       0.956214
   -2507.000       0.018920       0.424116       0.929681
   -2506.000       0.015003       0.423899       0.947211
   -2505.000       0.009772       0.423263       1.010279
   -2504.000       0.003737       0.422214       1.120782
   -2503.000      -0.002780       0.420756       1.281745
   -2502.000      -0.009166       0.418913       1.496280
   -2501.000      -0.014949       0.416719       1.766434
   -2500.000      -0.019558       0.414213       2.095354
   -2499.000      -0.022670       0.411446       2.484137
   -2498.000      -0.023809       0.408484       2.932719
   -2497.000      -0.023005       0.405391       3.439293
   -2496.000      -0.020107       0.402246       3.999181
   -2495.000      -0.015451       0.399134       4.601239
   -2494.000      -0.009349       0.396136       5.231188
   -2493.000      -0.002395       0.393340       5.866259
   -2492.000       0.004786       0.390835       6.476981
   -2491.000       0.011514       0.388693       7.031419
   -2490.000       0.017088       0.386990       7.492207
   -2489.000       0.021000       0.385785       7.827239
   -2488.000       0.022836       0.385118       8.010793
   -2487.000       0.022447       0.385019       8.027639
   -2486.000       0.019862       0.385500       7.875246
   -2485.000       0.015453       0.386542       7.569018
   -2484.000       0.009599       0.388122       7.129522
   -2483.000       0.003030       0.390195       6.589270
   -2482.000      -0.003649       0.392693       5.982399
   -2481.000      -0.009731       0.395543       5.341518
   -2480.000      -0.014695       0.398666       4.693875
   -2479.000      -0.018003       0.401965       4.064694
   -2478.000      -0.019553       0.405354       3.468651
   -2477.000      -0.019158       0.408739       2.919123
   -2476.000      -0.017006       0.412031       2.424054
   -2475.000      -0.013404       0.415152       1.987462
   -2474.000      -0.008732       0.418022       1.613102
   -2473.000      -0.003481       0.420573       1.302013
   -2472.000       0.001768       0.422755       1.052319
   -2471.000       0.006629       0.424517       0.862729
   -2470.000       0.010575       0.425821       0.729704
   -2469.000       0.013353       0.426652       0.648459
   -2468.000       0.014717       0.426991       0.616328
   -2467.000       0.014669       0.426841       0.631227
   -2466.000       0.013223       0.426216       0.692529
   -2465.000       0.010630       0.425135       0.802141
   -2464.000       0.007195       0.423633       0.962096
   -2463.000       0.003265       0.421758       1.173379
   -2462.000      -0.000743       0.419554       1.437546
   -2461.000      -0.004378       0.417082       1.753320
   -2460.000      -0.007408       0.414409       2.117329
   -2459.000      -0.009431       0.411599       2.526180
   -2458.000      -0.010364       0.408722       2.972943
   -2457.000      -0.010147       0.405857       3.447870
   -2456.000      -0.008850       0.403068       3.941149
   -2455.000      -0.006639       0.400425       4.438417
   -2454.000      -0.003884       0.397996       4.922369
   -2453.000      -0.000794       0.395831       5.377076
   -2452.000       0.002179       0.393983       5.782575
   -2451.000       0.004728       0.392489       6.121285
   -2450.000       0.006608       0.391372       6.379721
   -2449.000       0.007642       0.390652       6.546478
   -2448.000       0.007645       0.390331       6.615337
   -2447.000       0.006823       0.390400       6.589690
   -2446.000       0.005172       0.390846       6.473070
   -2445.000       0.002931       0.391640       6.276561
   -2444.000       0.000450       0.392749       6.015320
   -2443.000      -0.002076       0.394134       5.702757
   -2442.000      -0.004347       0.395751       5.354523
   -2441.000      -0.006059       0.397549       4.986234
   -2440.000      -0.007094       0.399485       4.608887
   -2439.000      -0.007395       0.401507       4.233059
   -2438.000      -0.006806       0.403569       3.868222
   -2437.000      -0.005534       0.405624       3.519724
   -2436.000      -0.003677       0.407634       3.192406
   -2435.000      -0.001367       0.409557       2.890903
   -2434.000       0.001092       0.411362       2.616809
   -2433.000       0.003430       0.413019       2.372176
   -2432.000       0.005571       0.414501       2.159084
   -2431.000       0.007121       0.415788       1.977460
   -2430.000       0.008008       0.416862       1.827818
   -2429.000       0.008228       0.417708       1.710852
   -2428.000       0.007579       0.418319       1.625363
   -2427.000       0.006239       0.418687       1.571667
   -2426.000       0.004313       0.418809       1.549501
   -2425.000       0.001925       0.418684       1.558742
   -2424.000      -0.000712       0.418314       1.599474
   -2423.000      -0.003259       0.417703       1.672856
   -2422.000      -0.005627       0.416860       1.779016
   -2421.000      -0.007517       0.415798       1.919008
   -2420.000      -0.008703       0.414530       2.094243
   -2419.000      -0.009197       0.413078       2.304234
   -2418.000      -0.008862       0.411466       2.549236
   -2417.000      -0.007678       0.409724       2.828006
   -2416.000      -0.005883       0.407885       3.136880
   -2415.000      -0.003546       0.405990       3.471164
   -2414.000      -0.000822       0.404076       3.824773
   -2413.000       0.001840       0.402190       4.186490
   -2412.000       0.004388       0.400375       4.546932
   -2411.000       0.006520       0.398676       4.892897
   -2410.000       0.007970       0.397140       5.209508
   -2409.000       0.008687       0.395809       5.484201
   -2408.000       0.008670       0.394721       5.705701
   -2407.000       0.007756       0.393918       5.860359
   -2406.000       0.006257       0.393428       5.944164
   -2405.000       0.004272       0.393277       5.951949
   -2404.000       0.001930       0.393483       5.881862
   -2403.000      -0.000384       0.394051       5.738915
   -2402.000      -0.002482       0.394976       5.528863
   -2401.000      -0.004306       0.396246       5.257522
   -2400.000      -0.005494       0.397829       4.938164
   -2399.000      -0.006124       0.399688       4.579844
   -2398.000      -0.006226       0.401778       4.193668
   -2397.000      -0.005744       0.404038       3.793524
   -2396.000      -0.004874       0.406408       3.390397
   -2395.000      -0.003844       0.408824       2.995127
   -2394.000      -0.002642       0.411213       2.620480
   -2393.000      -0.001547       0.413509       2.274976
   -2392.000      -0.000675       0.415651       1.966205
   -2391.000       0.000004       0.417572       1.701396
   -2390.000       0.000446       0.419219       1.483824
   -2389.000       0.000553       0.420546       1.315117
   -2388.000       0.000679       0.421507       1.197249
   -2387.000       0.000709       0.422074       1.129413
   -2386.000       0.000799       0.422224       1.111779
   -2385.000       0.001186       0.421940       1.146431
   -2384.000       0.001792       0.421225       1.234352
   -2383.000       0.002627       0.420082       1.379142
   -2382.000       0.003822       0.418532       1.584656
   -2381.000       0.005038       0.416611       1.852153
   -2380.000       0.006223       0.414360       2.182863
   -2379.000       0.007211       0.411832       2.574651
   -2378.000       0.007692       0.409101       3.019012
   -2377.000       0.007439       0.406236       3.504986
   -2376.000       0.006479       0.403321       4.017778
   -2375.000       0.004514       0.400445       4.535197
   -2374.000       0.001706       0.397691       5.037530
   -2373.000      -0.001742       0.395147       5.503945
   -2372.000      -0.005660       0.392896       5.913534
   -2371.000      -0.009631       0.391008       6.252272
   -2370.000      -0.013084       0.389546       6.510861
   -2369.000      -0.015758       0.388565       6.680110
   -2368.000      -0.017118       0.388095       6.760454
   -2367.000      -0.016803       0.388155       6.752444
   -2366.000      -0.014842       0.388751       6.654878
   -2365.000      -0.011113       0.389859       6.473745
   -2364.000      -0.005896       0.391446       6.211335
   -2363.000       0.000344       0.393465       5.871635
   -2362.000       0.007021       0.395845       5.463432
   -2361.000       0.013679       0.398517       4.998826
   -2360.000       0.019322       0.401395       4.490343
   -2359.000       0.023613       0.404391       3.959975
   -2358.000       0.025974       0.407425       3.426423
   -2357.000       0.025997       0.410410       2.910920
   -2356.000       0.023650       0.413262       2.433754
   -2355.000       0.019118       0.415920       2.008374
   -2354.000       0.012485       0.418313       1.644644
   -2353.000       0.004536       0.420387       1.348038
   -2352.000      -0.004196       0.422103       1.117013
   -2351.000      -0.013024       0.423425       0.948184
   -2350.000      -0.021020       0.424326       0.837082
   -2349.000      -0.027504       0.424800       0.777654
   -2348.000      -0.031964       0.424839       0.766771
   -2347.000      -0.033748       0.424450       0.803084
   -2346.000      -0.032719       0.423654       0.886917
   -2345.000      -0.028911       0.422473       1.021720
   -2344.000      -0.022464       0.420940       1.211655
   -2343.000      -0.013874       0.419102       1.460172
   -2342.000      -0.003999       0.417000       1.769986
   -2341.000       0.006627       0.414689       2.141296
   -2340.000       0.016816       0.412231       2.566949
   -2339.000       0.025771       0.409677       3.037792
   -2338.000       0.032677       0.407089       3.537101
   -2337.000       0.036859       0.404531       4.042973
   -2336.000       0.037775       0.402052       4.531796
   -2335.000       0.035501       0.399707       4.981769
   -2334.000       0.029978       0.397548       5.369821
   -2333.000       0.021761       0.395611       5.684322
   -2332.000       0.011588       0.393937       5.917766
   -2331.000       0.000319       0.392557       6.070927
   -2330.000      -0.011066       0.391490       6.151124
   -2329.000      -0.021417       0.390753       6.171580
   -2328.000      -0.029901       0.390359       6.143681
   -2327.000      -0.035787       0.390301       6.080816
   -2326.000      -0.038414       0.390577       5.993482
   -2325.000      -0.037751       0.391172       5.885386
   -2324.000      -0.033802       0.392064       5.759209
   -2323.000      -0.026953       0.393231       5.612223
   -2322.000      -0.017871       0.394647       5.438795
   -2321.000      -0.007425       0.396276       5.233362
   -2320.000       0.003603       0.398090       4.991691
   -2319.000       0.014121       0.400056       4.709861
   -2318.000       0.023320       0.402137       4.389706
   -2317.000       0.030518       0.404298       4.037097
   -2316.000       0.035100       0.406506       3.660023
   -2315.000       0.036755       0.408719       3.271359
   -2314.000       0.035566       0.410900       2.885464
   -2313.000       0.031510       0.413013       2.514079
   -2312.000       0.025129       0.415016       2.170458
   -2311.000       0.016986       0.416875       1.863112
   -2310.000       0.007663       0.418556       1.597532
   -2309.000      -0.002033       0.420024       1.377053
   -2308.000      -0.011279       0.421250       1.202215
   -2307.000      -0.019588       0.422211       1.070987
   -2306.000      -0.026176       0.422879       0.982610
   -2305.000      -0.030709       0.423240       0.934523
   -2304.000      -0.032910       0.423280       0.926025
   -2303.000      -0.032673       0.422984       0.958027
   -2302.000      -0.030037       0.422351       1.032456
   -2301.000      -0.025398       0.421383       1.152272
   -2300.000      -0.019004       0.420081       1.322954
   -2299.000      -0.011425       0.418465       1.548472
   -2298.000      -0.003289       0.416554       1.832840
   -2297.000       0.004887       0.414375       2.178521
   -2296.000       0.012495       0.411971       2.583924
   -2295.000       0.018917       0.409389       3.042681
   -2294.000       0.023858       0.406681       3.545820
   -2293.000       0.026904       0.403916       4.075910
   -2292.000       0.027920       0.401163       4.613740
   -2291.000       0.026910       0.398490       5.137672
   -2290.000       0.024025       0.395982       5.623595
   -2289.000       0.019468       0.393706       6.050089
   -2288.000       0.013740       0.391729       6.401654
   -2287.000       0.007223       0.390121       6.663051
   -2286.000       0.000436       0.388928       6.828577
   -2285.000      -0.006122       0.388188       6.897017
   -2284.000      -0.011979       0.387934       6.869616
   -2283.000      -0.016859       0.388173       6.751397
   -2282.000      -0.020377       0.388903       6.551726
   -2281.000      -0.022484       0.390111       6.276422
   -2280.000      -0.023098       0.391764       5.936096
   -2279.000      -0.022256       0.393815       5.541609
   -2278.000      -0.020136       0.396213       5.102598
   -2277.000      -0.016882       0.398884       4.633361
   -2276.000      -0.012773       0.401753       4.146805
   -2275.000      -0.007976       0.404739       3.657842
   -2274.000      -0.002828       0.407752       3.181085
   -2273.000       0.002505       0.410703       2.731055
   -2272.000       0.007745       0.413517       2.318576
   -2271.000       0.012672       0.416107       1.954792
   -2270.000       0.017047       0.418406       1.645629
   -2269.000       0.020696       0.420361       1.394246
   -2268.000       0.023324       0.421916       1.202045
   -2267.000       0.024822       0.423040       1.067620
   -2266.000       0.024979       0.423713       0.987973
   -2265.000       0.023653       0.423918       0.961518
   -2264.000       0.020844       0.423664       0.985831
   -2263.000       0.016505       0.422964       1.059661
   -2262.000       0.010823       0.421837       1.183081
   -2261.000       0.003980       0.420323       1.354587
   -2260.000      -0.003617       0.418466       1.572738
   -2259.000      -0.011564       0.416314       1.835443
   -2258.000      -0.019246       0.413933       2.138637
   -2257.000      -0.026076       0.411390       2.477778
   -2256.000      -0.031468       0.408752       2.848851
   -2255.000      -0.034764       0.406102       3.246496
   -2254.000      -0.035580       0.403515       3.665359
   -2253.000      -0.033571       0.401067       4.099650
   -2252.000      -0.028685       0.398833       4.540550
   -2251.000      -0.021097       0.396875       4.977371
   -2250.000      -0.011297       0.395249       5.394552
   -2249.000       0.000054       0.394002       5.772545
   -2248.000       0.011971       0.393158       6.089177
   -2247.000       0.023475       0.392731       6.321679
   -2246.000       0.033439       0.392724       6.447828
   -2245.000       0.040949       0.393120       6.454418
   -2244.000       0.045139       0.393890       6.334716
   -2243.000       0.045548       0.395002       6.093698
   -2242.000       0.041989       0.396405       5.748499
   -2241.000       0.034636       0.398050       5.322721
   -2240.000       0.024054       0.399879       4.846782
   -2239.000       0.011108       0.401831       4.352012
   -2238.000      -0.003142       0.403848       3.865905
   -2237.000      -0.017446       0.405873       3.411324
   -2236.000      -0.030564       0.407846       3.004406
   -2235.000      -0.041347       0.409719       2.653815
   -2234.000      -0.048874       0.411446       2.362823
   -2233.000      -0.052342       0.412987       2.131635
   -2232.000      -0.051579       0.414315       1.955930
   -2231.000      -0.046475       0.415408       1.832020
   -2230.000      -0.037445       0.416248       1.755789
   -2229.000      -0.025285       0.416833       1.722613
   -2228.000      -0.010925       0.417157       1.729756
   -2227.000       0.004467       0.417225       1.774607
   -2226.000       0.019456       0.417050       1.853249
   -2225.000       0.032985       0.416640       1.963657
   -2224.000       0.043785       0.416014       2.101108
   -2223.000       0.050940       0.415192       2.260358
   -2222.000       0.053947       0.414196       2.435670
   -2221.000       0.052475       0.413047       2.620017
   -2220.000       0.046642       0.411775       2.805614
   -2219.000       0.037051       0.410404       2.987749
   -2218.000       0.024437       0.408964       3.161155
   -2217.000       0.009908       0.407480       3.324656
   -2216.000      -0.005246       0.405979       3.479767
   -2215.000      -0.019761       0.404487       3.630208
   -2214.000      -0.032488       0.403031       3.781028
   -2213.000      -0.042190       0.401634       3.940206
   -2212.000      -0.048277       0.400321       4.112294
   -2211.000      -0.050185       0.399113       4.302623
   -2210.000      -0.047848       0.398034       4.512251
   -2209.000      -0.041558       0.397104       4.738648
   -2208.000      -0.031981       0.396345       4.973743
   -2207.000      -0.019926       0.395779       5.206264
   -2206.000      -0.006566       0.395422       5.419085
   -2205.000       0.006931       0.395291       5.593158
   -2204.000       0.019503       0.395400       5.710260
   -2203.000       0.030027       0.395757       5.752271
   -2202.000       0.037734       0.396365       5.707496
   -2201.000       0.042119       0.397222       5.571297
   -2200.000       0.042965       0.398318       5.347464
   -2199.000       0.040243       0.399639       5.044572
   -2198.000       0.034592       0.401163       4.682533
   -2197.000       0.026333       0.402862       4.278289
   -2196.000       0.016463       0.404708       3.854329
   -2195.000       0.005776       0.406664       3.429300
   -2194.000      -0.004845       0.408688       3.019736
   -2193.000      -0.014643       0.410744       2.636794
   -2192.000      -0.022775       0.412782       2.290053
   -2191.000      -0.028926       0.414756       1.983234
   -2190.000      -0.032672       0.416616       1.719150
   -2189.000      -0.033860       0.418313       1.498447
   -2188.000      -0.032677       0.419796       1.320647
   -2187.000      -0.029319       0.421021       1.184858
   -2186.000      -0.024071       0.421941       1.091317
   -2185.000      -0.017593       0.422524       1.039326
   -2184.000      -0.010267       0.422743       1.029802
   -2183.000      -0.002609       0.422578       1.064877
   -2182.000       0.004726       0.422020       1.146791
   -2181.000       0.011394       0.421076       1.278751
   -2180.000       0.017087       0.419752       1.464789
   -2179.000       0.021274       0.418074       1.706285
   -2178.000       0.024066       0.416075       2.004365
   -2177.000       0.025214       0.413788       2.357725
   -2176.000       0.024769       0.411266       2.760960
   -2175.000       0.022856       0.408565       3.205984
   -2174.000       0.019777       0.405742       3.683740
   -2173.000       0.015511       0.402870       4.177907
   -2172.000       0.010642       0.400024       4.675330
   -2171.000       0.005310       0.397276       5.159497
   -2170.000      -0.000207       0.394714       5.611629
   -2169.000      -0.005499       0.392414       6.017459
   -2168.000      -0.010339       0.390448       6.362232
   -2167.000      -0.014599       0.388889       6.630648
   -2166.000      -0.017887       0.387792       6.815451
   -2165.000      -0.020169       0.387193       6.909391
   -2164.000      -0.021387       0.387124       6.906760
   -2163.000      -0.021280       0.387585       6.811792
   -2162.000      -0.020008       0.388560       6.626453
   -2161.000      -0.017559       0.390021       6.357501
   -2160.000      -0.013969       0.391918       6.015937
   -2159.000      -0.009387       0.394184       5.614665
   -2158.000      -0.004161       0.396758       5.163838
   -2157.000       0.001695       0.399556       4.682197
   -2156.000       0.007671       0.402497       4.182760
   -2155.000       0.013435       0.405510       3.679738
   -2154.000       0.018748       0.408510       3.190077
   -2153.000       0.023097       0.411421       2.726983
   -2152.000       0.026104       0.414181       2.300800
   -2151.000       0.027662       0.416717       1.923736
   -2150.000       0.027315       0.418972       1.601157
   -2149.000       0.025083       0.420904       1.335984
   -2148.000       0.020990       0.422464       1.129786
   -2147.000       0.015144       0.423625       0.979851
   -2146.000       0.007802       0.424371       0.882032
   -2145.000      -0.000417       0.424691       0.833302
   -2144.000      -0.009184       0.424589       0.829544
   -2143.000      -0.017731       0.424086       0.868329
   -2142.000      -0.025368       0.423197       0.949576
   -2141.000      -0.031486       0.421962       1.073055
   -2140.000      -0.035543       0.420419       1.239887
   -2139.000      -0.036860       0.418609       1.453301
   -2138.000      -0.035420       0.416582       1.714486
   -2137.000      -0.031023       0.414395       2.025196
   -2136.000      -0.023817       0.412092       2.387106
   -2135.000      -0.014424       0.409734       2.796523
   -2134.000      -0.003426       0.407372       3.247940
   -2133.000       0.008358       0.405060       3.730891
   -2132.000       0.019726       0.402849       4.226572
   -2131.000       0.029799       0.400791       4.713464
   -2130.000       0.037612       0.398922       5.167086
   -2129.000       0.042240       0.397284       5.558852
   -2128.000       0.043220       0.395905       5.866517
   -2127.000       0.040476       0.394804       6.075383
   -2126.000       0.033857       0.393999       6.173425
   -2125.000       0.024186       0.393493       6.167431
   -2124.000       0.012213       0.393282       6.068867
   -2123.000      -0.001097       0.393358       5.894859
   -2122.000      -0.014345       0.393705       5.670451
   -2121.000      -0.026322       0.394304       5.417593
   -2120.000      -0.036079       0.395134       5.153729
   -2119.000      -0.042451       0.396168       4.896007
   -2118.000      -0.045009       0.397377       4.652057
   -2117.000      -0.043564       0.398735       4.424886
   -2116.000      -0.038142       0.400211       4.214699
   -2115.000      -0.029406       0.401774       4.016679
   -2114.000      -0.018181       0.403394       3.824885
   -2113.000      -0.005494       0.405041       3.634193
   -2112.000       0.007519       0.406684       3.440452
   -2111.000       0.019498       0.408292       3.240377
   -2110.000       0.029650       0.409840       3.035502
   -2109.000       0.036917       0.411302       2.827483
   -2108.000       0.040785       0.412656       2.620686
   -2107.000       0.041066       0.413883       2.421015
   -2106.000       0.037801       0.414962       2.234474
   -2105.000       0.031332       0.415878       2.066273
   -2104.000       0.022489       0.416617       1.921921
   -2103.000       0.012013       0.417161       1.805236
   -2102.000       0.000880       0.417502       1.718729
   -2101.000      -0.009801       0.417625       1.665570
   -2100.000      -0.019226       0.417522       1.647297
   -2099.000      -0.026608       0.417190       1.665491
   -2098.000      -0.031334       0.416630       1.721946
   -2097.000      -0.033154       0.415845       1.818636
   -2096.000      -0.032122       0.414851       1.956354
   -2095.000      -0.028320       0.413664       2.136843
   -2094.000      -0.022355       0.412307       2.359696
   -2093.000      -0.014904       0.410811       2.622283
   -2092.000      -0.006533       0.409206       2.921790
   -2091.000       0.001719       0.407528       3.249450
   -2090.000       0.009243       0.405818       3.595543
   -2089.000       0.015410       0.404113       3.947630
   -2088.000       0.019693       0.402455       4.291082
   -2087.000       0.021821       0.400889       4.609992
   -2086.000       0.021905       0.399455       4.892169
   -2085.000       0.019927       0.398195       5.124059
   -2084.000       0.016372       0.397150       5.297874
   -2083.000       0.011762       0.396355       5.409698
   -2082.000       0.006550       0.395837       5.457759
   -2081.000       0.001369       0.395621       5.444331
   -2080.000      -0.003203       0.395718       5.375278
   -2079.000      -0.006930       0.396131       5.253826
   -2078.000      -0.009428       0.396852       5.087578
   -2077.000      -0.010607       0.397858       4.882821
   -2076.000      -0.010659       0.399123       4.643913
   -2075.000      -0.009639       0.400610       4.377815
   -2074.000      -0.007881       0.402270       4.091203
   -2073.000      -0.005791       0.404057       3.789935
   -2072.000      -0.003602       0.405919       3.482552
   -2071.000      -0.001655       0.407800       3.177524
   -2070.000      -0.000185       0.409648       2.882722
   -2069.000       0.000698       0.411414       2.606383
   -2068.000       0.001021       0.413046       2.356486
   -2067.000       0.000741       0.414503       2.137878
   -2066.000       0.000118       0.415744       1.956072
   -2065.000      -0.000686       0.416731       1.814302
   -2064.000      -0.001487       0.417440       1.714190
   -2063.000      -0.002007       0.417844       1.657822
   -2062.000      -0.002074       0.417929       1.646200
   -2061.000      -0.001646       0.417693       1.679447
   -2060.000      -0.000589       0.417136       1.758942
   -2059.000       0.001008       0.416270       1.885059
   -2058.000       0.002969       0.415125       2.056655
   -2057.000       0.005159       0.413727       2.272967
   -2056.000       0.007279       0.412119       2.529966
   -2055.000       0.009008       0.410349       2.821737
   -2054.000       0.010147       0.408464       3.140745
   -2053.000       0.010402       0.406522       3.475981
   -2052.000       0.009615       0.404577       3.815166
   -2051.000       0.007752       0.402681       4.145862
   -2050.000       0.004896       0.400891       4.454934
   -2049.000       0.001145       0.399258       4.730299
   -2048.000      -0.003050       0.397825       4.964756
   -2047.000      -0.007440       0.396637       5.150276
   -2046.000      -0.011484       0.395730       5.284211
   -2045.000      -0.014772       0.395126       5.366524
   -2044.000      -0.016888       0.394848       5.397779
   -2043.000      -0.017542       0.394902       5.380255
   -2042.000      -0.016558       0.395284       5.317129
   -2041.000      -0.013916       0.395982       5.210576
   -2040.000      -0.009847       0.396970       5.062447
   -2039.000      -0.004595       0.398216       4.876081
   -2038.000       0.001298       0.399683       4.652765
   -2037.000       0.007348       0.401324       4.397385
   -2036.000       0.012909       0.403089       4.114977
   -2035.000       0.017538       0.404933       3.812712
   -2034.000       0.020612       0.406805       3.498709
   -2033.000       0.021992       0.408658       3.183918
   -2032.000       0.021319       0.410452       2.876132
   -2031.000       0.018764       0.412144       2.586339
   -2030.000       0.014418       0.413696       2.321835
   -2029.000       0.008736       0.415081       2.088762
   -2028.000       0.002161       0.416268       1.891686
   -2027.000      -0.004677       0.417234       1.732957
   -2026.000      -0.011160       0.417963       1.613588
   -2025.000      -0.016714       0.418440       1.533822
   -2024.000      -0.020774       0.418657       1.493698
   -2023.000      -0.022988       0.418614       1.492378
   -2022.000      -0.023144       0.418310       1.530320
   -2021.000      -0.021182       0.417759       1.607364
   -2020.000      -0.017331       0.416976       1.723451
   -2019.000      -0.011912       0.415979       1.878698
   -2018.000      -0.005479       0.414792       2.071836
   -2017.000       0.001402       0.413444       2.300456
   -2016.000       0.007979       0.411962       2.560387
   -2015.000       0.013715       0.410376       2.845913
   -2014.000       0.017942       0.408719       3.148225
   -2013.000       0.020379       0.407018       3.459243
   -2012.000       0.020666       0.405306       3.768075
   -2011.000       0.018987       0.403615       4.066087
   -2010.000       0.015361       0.401973       4.343864
   -2009.000       0.010400       0.400417       4.596134
   -2008.000       0.004549       0.398978       4.817918
   -2007.000      -0.001483       0.397685       5.008702
   -2006.000      -0.007041       0.396569       5.168493
   -2005.000      -0.011503       0.395653       5.299424
   -2004.000      -0.014448       0.394958       5.402764
   -2003.000      -0.015574       0.394501       5.479593
   -2002.000      -0.014807       0.394292       5.529048
   -2001.000      -0.012409       0.394331       5.547885
   -2000.000      -0.008664       0.394623       5.531925
   -1999.000      -0.004135       0.395160       5.475114
   -1998.000       0.000552       0.395934       5.371980
   -1997.000       0.004805       0.396931       5.218823
   -1996.000       0.008155       0.398137       5.014735
   -1995.000       0.010034       0.399529       4.761329
   -1994.000       0.010453       0.401085       4.466940
   -1993.000       0.009258       0.402778       4.139911
   -1992.000       0.006691       0.404574       3.793309
   -1991.000       0.003183       0.406438       3.440844
   -1990.000      -0.000804       0.408335       3.094442
   -1989.000      -0.004744       0.410219       2.765996
   -1988.000      -0.007986       0.412054       2.463988
   -1987.000      -0.010155       0.413798       2.194099
   -1986.000      -0.010873       0.415410       1.960386
   -1985.000      -0.010019       0.416860       1.763553
   -1984.000      -0.007561       0.418114       1.604185
   -1983.000      -0.003893       0.419141       1.481457
   -1982.000       0.000777       0.419925       1.394423
   -1981.000       0.005746       0.420447       1.341779
   -1980.000       0.010481       0.420692       1.323428
   -1979.000       0.014398       0.420654       1.338567
   -1978.000       0.016976       0.420330       1.387352
   -1977.000       0.017696       0.419719       1.469662
   -1976.000       0.016545       0.418833       1.585179
   -1975.000       0.013339       0.417683       1.732924
   -1974.000       0.008363       0.416286       1.912179
   -1973.000       0.002093       0.414674       2.120514
   -1972.000      -0.004931       0.412878       2.356122
   -1971.000      -0.012010       0.410934       2.617151
   -1970.000      -0.018253       0.408891       2.901751
   -1969.000      -0.023087       0.406796       3.208015
   -1968.000      -0.025827       0.404695       3.536044
   -1967.000      -0.026010       0.402645       3.883288
   -1966.000      -0.023560       0.400691       4.246769
   -1965.000      -0.018599       0.398878       4.621045
   -1964.000      -0.011343       0.397254       4.997511
   -1963.000      -0.002728       0.395854       5.360330
   -1962.000       0.006658       0.394711       5.694454
   -1961.000       0.015763       0.393858       5.977138
   -1960.000       0.023624       0.393311       6.187861
   -1959.000       0.029428       0.393085       6.307951
   -1958.000       0.032588       0.393188       6.324497
   -1957.000       0.032578       0.393616       6.231257
   -1956.000       0.029441       0.394353       6.034586
   -1955.000       0.023441       0.395382       5.747437
   -1954.000       0.015015       0.396666       5.390366
   -1953.000       0.005056       0.398168       4.988791
   -1952.000      -0.005522       0.399848       4.566501
   -1951.000      -0.015771       0.401653       4.145949
   -1950.000      -0.024734       0.403535       3.744835
   -1949.000      -0.031432       0.405448       3.375833
   -1948.000      -0.035541       0.407344       3.044609
   -1947.000      -0.036404       0.409176       2.756219
   -1946.000      -0.034117       0.410908       2.509097
   -1945.000      -0.028867       0.412501       2.302208
   -1944.000      -0.021117       0.413925       2.133048
   -1943.000      -0.011465       0.415154       1.999087
   -1942.000      -0.000950       0.416163       1.897790
   -1941.000       0.009718       0.416939       1.827998
   -1940.000       0.019568       0.417470       1.787872
   -1939.000       0.027665       0.417749       1.776285
   -1938.000       0.033498       0.417779       1.792173
   -1937.000       0.036536       0.417564       1.834013
   -1936.000       0.036438       0.417116       1.899628
   -1935.000       0.033402       0.416452       1.987099
   -1934.000       0.027648       0.415595       2.093102
   -1933.000       0.019586       0.414570       2.214813
   -1932.000       0.010101       0.413406       2.350102
   -1931.000      -0.000095       0.412133       2.496907
   -1930.000      -0.010220       0.410783       2.653778
   -1929.000      -0.019169       0.409387       2.821898
   -1928.000      -0.026441       0.407975       3.000876
   -1927.000      -0.031359       0.406579       3.192176
   -1926.000      -0.033511       0.405226       3.396502
   -1925.000      -0.032785       0.403944       3.613389
   -1924.000      -0.029472       0.402758       3.839083
   -1923.000      -0.023623       0.401694       4.071021
   -1922.000      -0.016099       0.400773       4.299290
   -1921.000      -0.007496       0.400014       4.515035
   -1920.000       0.001492       0.399433       4.707257
   -1919.000       0.009936       0.399041       4.862953
   -1918.000       0.017175       0.398841       4.972049
   -1917.000       0.022766       0.398835       5.027685
   -1916.000       0.026142       0.399017       5.023920
   -1915.000       0.027211       0.399375       4.961906
   -1914.000       0.026118       0.399895       4.847119
   -1913.000       0.022921       0.400560       4.685579
   -1912.000       0.018153       0.401349       4.489146
   -1911.000       0.012342       0.402245       4.268772
   -1910.000       0.005976       0.403225       4.034847
   -1909.000      -0.000363       0.404268       3.797449
   -1908.000      -0.006041       0.405353       3.565627
   -1907.000      -0.010849       0.406455       3.344638
   -1906.000      -0.014413       0.407550       3.139816
   -1905.000      -0.016528       0.408615       2.954489
   -1904.000      -0.017394       0.409623       2.789933
   -1903.000      -0.017008       0.410551       2.647983
   -1902.000      -0.015562       0.411376       2.529359
   -1901.000      -0.013480       0.412078       2.433704
   -1900.000      -0.010928       0.412639       2.362008
   -1899.000      -0.008142       0.413047       2.314147
   -1898.000      -0.005471       0.413293       2.289877
   -1897.000      -0.002941       0.413372       2.289733
   -1896.000      -0.000564       0.413284       2.313869
   -1895.000       0.001475       0.413031       2.361536
   -1894.000       0.003426       0.412620       2.433553
   -1893.000       0.005333       0.412062       2.529509
   -1892.000       0.007152       0.411367       2.648356
   -1891.000       0.009071       0.410550       2.789868
   -1890.000       0.011052       0.409627       2.952274
   -1889.000       0.012854       0.408617       3.132262
   -1888.000       0.014504       0.407543       3.326786
   -1887.000       0.015694       0.406430       3.529687
   -1886.000       0.016058       0.405303       3.733439
   -1885.000       0.015500       0.404197       3.930508
   -1884.000       0.013713       0.403142       4.111090
   -1883.000       0.010534       0.402168       4.266422
   -1882.000       0.006059       0.401311       4.389007
   -1881.000       0.000442       0.400596       4.473845
   -1880.000      -0.006099       0.400047       4.517930
   -1879.000      -0.012903       0.399684       4.523941
   -1878.000      -0.019430       0.399516       4.495472
   -1877.000      -0.025143       0.399550       4.437868
   -1876.000      -0.029117       0.399786       4.360198
   -1875.000      -0.030991       0.400217       4.267662
   -1874.000      -0.030327       0.400833       4.165762
   -1873.000      -0.026814       0.401619       4.058436
   -1872.000      -0.020616       0.402555       3.946199
   -1871.000      -0.012178       0.403620       3.827224
   -1870.000      -0.001857       0.404790       3.701047
   -1869.000       0.009237       0.406033       3.563520
   -1868.000       0.020277       0.407319       3.413617
   -1867.000       0.030250       0.408613       3.251405
   -1866.000       0.038102       0.409880       3.078417
   -1865.000       0.042983       0.411085       2.898424
   -1864.000       0.044436       0.412197       2.717456
   -1863.000       0.042009       0.413184       2.541307
   -1862.000       0.035772       0.414022       2.376529
   -1861.000       0.026264       0.414690       2.229694
   -1860.000       0.013972       0.415171       2.104974
   -1859.000       0.000060       0.415455       2.006774
   -1858.000      -0.014303       0.415539       1.938228
   -1857.000      -0.027960       0.415418       1.901602
   -1856.000      -0.039575       0.415097       1.899611
   -1855.000      -0.048069       0.414580       1.934851
   -1854.000      -0.052642       0.413876       2.010223
   -1853.000      -0.052770       0.413001       2.128344
   -1852.000      -0.048253       0.411971       2.292505
   -1851.000      -0.039545       0.410806       2.504107
   -1850.000      -0.027191       0.409533       2.763318
   -1849.000      -0.012294       0.408178       3.067060
   -1848.000       0.003883       0.406773       3.408330
   -1847.000       0.019837       0.405352       3.773790
   -1846.000       0.034296       0.403946       4.148262
   -1845.000       0.045716       0.402592       4.508514
   -1844.000       0.053215       0.401322       4.833571
   -1843.000       0.056052       0.400163       5.102294
   -1842.000       0.053880       0.399142       5.297416
   -1841.000       0.046978       0.398283       5.409966
   -1840.000       0.035944       0.397601       5.439056
   -1839.000       0.021777       0.397111       5.391349
   -1838.000       0.005781       0.396825       5.280810
   -1837.000      -0.010498       0.396746       5.126258
   -1836.000      -0.025749       0.396877       4.944472
   -1835.000      -0.038496       0.397220       4.753162
   -1834.000      -0.047659       0.397767       4.565274
   -1833.000      -0.052558       0.398510       4.388336
   -1832.000      -0.052810       0.399437       4.225790
   -1831.000      -0.048448       0.400526       4.077247
   -1830.000      -0.040166       0.401756       3.936857
   -1829.000      -0.028586       0.403102       3.799243
   -1828.000      -0.014940       0.404534       3.656967
   -1827.000      -0.000480       0.406023       3.503874
   -1826.000       0.013637       0.407541       3.336209
   -1825.000       0.026151       0.409057       3.152734
   -1824.000       0.036071       0.410543       2.954838
   -1823.000       0.042779       0.411974       2.747596
   -1822.000       0.045757       0.413322       2.537063
   -1821.000       0.044982       0.414564       2.330960
   -1820.000       0.040683       0.415676       2.136840
   -1819.000       0.033391       0.416632       1.962274
   -1818.000       0.023752       0.417413       1.812297
   -1817.000       0.012802       0.418000       1.691775
   -1816.000       0.001299       0.418374       1.602988
   -1815.000      -0.009709       0.418525       1.548026
   -1814.000      -0.019455       0.418446       1.527584
   -1813.000      -0.027221       0.418131       1.543009
   -1812.000      -0.032582       0.417586       1.594836
   -1811.000      -0.035180       0.416818       1.684334
   -1810.000      -0.035085       0.415840       1.812538
   -1809.000      -0.032391       0.414665       1.981065
   -1808.000      -0.027512       0.413318       2.190007
   -1807.000      -0.020920       0.411817       2.439747
   -1806.000      -0.013279       0.410192       2.727624
   -1805.000      -0.005165       0.408474       3.049524
   -1804.000       0.002742       0.406692       3.399156
   -1803.000       0.009891       0.404887       3.766473
   -1802.000       0.015829       0.403097       4.139621
   -1801.000       0.020246       0.401361       4.505916
   -1800.000       0.022889       0.399724       4.849623
   -1799.000       0.023865       0.398230       5.158201
   -1798.000       0.023124       0.396913       5.418890
   -1797.000       0.021026       0.395814       5.622777
   -1796.000       0.017762       0.394964       5.762779
   -1795.000       0.013757       0.394381       5.838047
   -1794.000       0.009267       0.394084       5.847388
   -1793.000       0.004676       0.394082       5.794508
   -1792.000       0.000219       0.394367       5.684997
   -1791.000      -0.003932       0.394935       5.524104
   -1790.000      -0.007604       0.395767       5.319278
   -1789.000      -0.010756       0.396838       5.077910
   -1788.000      -0.013328       0.398126       4.807146
   -1787.000      -0.015346       0.399599       4.513881
   -1786.000      -0.016709       0.401220       4.207426
   -1785.000      -0.017540       0.402957       3.893293
   -1784.000      -0.017607       0.404768       3.581017
   -1783.000      -0.017023       0.406608       3.277101
   -1782.000      -0.015563       0.408439       2.988500
   -1781.000      -0.013309       0.410216       2.720561
   -1780.000      -0.010068       0.411892       2.479697
   -1779.000      -0.006049       0.413435       2.267459
   -1778.000      -0.001178       0.414805       2.087648
   -1777.000       0.004246       0.415975       1.941181
   -1776.000       0.009976       0.416925       1.827925
   -1775.000       0.015657       0.417640       1.747638
   -1774.000       0.020847       0.418111       1.699527
   -1773.000       0.025072       0.418340       1.681595
   -1772.000       0.027903       0.418329       1.692679
   -1771.000       0.028920       0.418086       1.730689
   -1770.000       0.027820       0.417625       1.792994
   -1769.000       0.024466       0.416959       1.877409
   -1768.000       0.018924       0.416106       1.981261
   -1767.000       0.011372       0.415087       2.101436
   -1766.000       0.002357       0.413924       2.236019
   -1765.000      -0.007576       0.412642       2.382774
   -1764.000      -0.017556       0.411273       2.540488
   -1763.000      -0.026795       0.409847       2.708822
   -1762.000      -0.034267       0.408395       2.889699
   -1761.000      -0.039389       0.406951       3.083653
   -1760.000      -0.041279       0.405547       3.294367
   -1759.000      -0.039774       0.404211       3.522334
   -1758.000      -0.034628       0.402972       3.768357
   -1757.000      -0.026210       0.401848       4.029851
   -1756.000      -0.015020       0.400860       4.301731
   -1755.000      -0.002074       0.400021       4.573490
   -1754.000       0.011619       0.399340       4.833152
   -1753.000       0.024776       0.398823       5.064539
   -1752.000       0.036085       0.398476       5.249375
   -1751.000       0.044537       0.398299       5.373524
   -1750.000       0.049146       0.398292       5.423049
   -1749.000       0.049365       0.398453       5.391592
   -1748.000       0.045125       0.398775       5.280814
   -1747.000       0.036700       0.399251       5.098426
   -1746.000       0.024680       0.399871       4.857245
   -1745.000       0.010368       0.400620       4.578228
   -1744.000      -0.005191       0.401485       4.278773
   -1743.000      -0.020412       0.402445       3.979283
   -1742.000      -0.033867       0.403479       3.695368
   -1741.000      -0.044383       0.404566       3.437931
   -1740.000      -0.050966       0.405686       3.213409
   -1739.000      -0.052917       0.406817       3.024994
   -1738.000      -0.050189       0.407938       2.871129
   -1737.000      -0.042998       0.409029       2.748601
   -1736.000      -0.031949       0.410070       2.653334
   -1735.000      -0.018218       0.411042       2.579240
   -1734.000      -0.003011       0.411926       2.521657
   -1733.000       0.012376       0.412702       2.477030
   -1732.000       0.026361       0.413353       2.441531
   -1731.000       0.037900       0.413862       2.414118
   -1730.000       0.045908       0.414212       2.394343
   -1729.000       0.049736       0.414394       2.382069
   -1728.000       0.049124       0.414400       2.378029
   -1727.000       0.044307       0.414226       2.384014
   -1726.000       0.035652       0.413874       2.400472
   -1725.000       0.024165       0.413350       2.429617
   -1724.000       0.010872       0.412662       2.473547
   -1723.000      -0.002969       0.411826       2.534411
   -1722.000      -0.016151       0.410858       2.614885
   -1721.000      -0.027374       0.409779       2.718845
   -1720.000      -0.035865       0.408613       2.848660
   -1719.000      -0.040847       0.407389       3.007296
   -1718.000      -0.041941       0.406133       3.196857
   -1717.000      -0.039346       0.404883       3.414920
   -1716.000      -0.033312       0.403672       3.658502
   -1715.000      -0.024535       0.402535       3.920380
   -1714.000      -0.014108       0.401509       4.187192
   -1713.000      -0.002876       0.400628       4.445564
   -1712.000       0.007968       0.399921       4.677485
   -1711.000       0.017404       0.399415       4.864143
   -1710.000       0.024694       0.399129       4.990550
   -1709.000       0.029303       0.399075       5.045740
   -1708.000       0.030826       0.399260       5.022337
   -1707.000       0.029535       0.399679       4.924503
   -1706.000       0.025651       0.400323       4.758960
   -1705.000       0.019706       0.401175       4.537661
   -1704.000       0.012548       0.402210       4.278014
   -1703.000       0.004928       0.403398       3.995684
   -1702.000      -0.002511       0.404708       3.704210
   -1701.000      -0.008876       0.406098       3.418697
   -1700.000      -0.013801       0.407530       3.147320
   -1699.000      -0.017032       0.408963       2.896546
   -1698.000      -0.018236       0.410352       2.672310
   -1697.000      -0.017755       0.411658       2.475948
   -1696.000      -0.015734       0.412841       2.309596
   -1695.000      -0.012554       0.413862       2.174754
   -1694.000      -0.008701       0.414692       2.071426
   -1693.000      -0.004755       0.415304       1.999975
   -1692.000      -0.000920       0.415677       1.961949
   -1691.000       0.002226       0.415803       1.956335
   -1690.000       0.004481       0.415673       1.983602
   -1689.000       0.005857       0.415293       2.044081
   -1688.000       0.006202       0.414676       2.135828
   -1687.000       0.005687       0.413839       2.258302
   -1686.000       0.004648       0.412806       2.410445
   -1685.000       0.003219       0.411605       2.589504
   -1684.000       0.001728       0.410269       2.793548
   -1683.000       0.000621       0.408830       3.020876
   -1682.000      -0.000117       0.407328       3.266348
   -1681.000      -0.000195       0.405799       3.526876
   -1680.000       0.000424       0.404285       3.796632
   -1679.000       0.001539       0.402828       4.067011
   -1678.000       0.003043       0.401464       4.330280
   -1677.000       0.004703       0.400234       4.575950
   -1676.000       0.006119       0.399175       4.791935
   -1675.000       0.006966       0.398315       4.967385
   -1674.000       0.007177       0.397678       5.094727
   -1673.000       0.006264       0.397281       5.163944
   -1672.000       0.004417       0.397128       5.175356
   -1671.000       0.001672       0.397221       5.129016
   -1670.000      -0.001864       0.397551       5.028932
   -1669.000      -0.005765       0.398100       4.884645
   -1668.000      -0.009531       0.398852       4.706039
   -1667.000      -0.012920       0.399779       4.502151
   -1666.000      -0.015276       0.400852       4.285494
   -1665.000      -0.016304       0.402050       4.062484
   -1664.000      -0.015859       0.403342       3.839343
   -1663.000      -0.013699       0.404697       3.621653
   -1662.000      -0.009956       0.406093       3.410992
   -1661.000      -0.004978       0.407502       3.208104
   -1660.000       0.000915       0.408893       3.014776
   -1659.000       0.007195       0.410244       2.830652
   -1658.000       0.013096       0.411527       2.655701
   -1657.000       0.018202       0.412719       2.491935
   -1656.000       0.021890       0.413801       2.339967
   -1655.000       0.023599       0.414750       2.201315
   -1654.000       0.023258       0.415552       2.078697
   -1653.000       0.020676       0.416196       1.973009
   -1652.000       0.015976       0.416675       1.885833
   -1651.000       0.009616       0.416984       1.818693
   -1650.000       0.002129       0.417124       1.772475
   -1649.000      -0.005967       0.417095       1.748023
   -1648.000      -0.013659       0.416896       1.747923
   -1647.000      -0.020358       0.416531       1.772980
   -1646.000      -0.025381       0.416003       1.825475
   -1645.000      -0.028051       0.415312       1.908812
   -1644.000      -0.028149       0.414463       2.025077
   -1643.000      -0.025642       0.413458       2.177327
   -1642.000      -0.020500       0.412305       2.368603
   -1641.000      -0.013330       0.411016       2.599154
   -1640.000      -0.004809       0.409608       2.867449
   -1639.000       0.004441       0.408101       3.171127
   -1638.000       0.013286       0.406525       3.500785
   -1637.000       0.020904       0.404905       3.846611
   -1636.000       0.026610       0.403272       4.196057
   -1635.000       0.029597       0.401662       4.531776
   -1634.000       0.029616       0.400108       4.839313
   -1633.000       0.026650       0.398643       5.105657
   -1632.000       0.020906       0.397301       5.319928
   -1631.000       0.012952       0.396114       5.477270
   -1630.000       0.003756       0.395115       5.579447
   -1629.000      -0.005905       0.394336       5.627849
   -1628.000      -0.014868       0.393808       5.630909
   -1627.000      -0.022151       0.393556       5.597148
   -1626.000      -0.027046       0.393605       5.531627
   -1625.000      -0.028975       0.393967       5.440054
   -1624.000      -0.027714       0.394643       5.324335
   -1623.000      -0.023511       0.395634       5.180406
   -1622.000      -0.016843       0.396924       5.004332
   -1621.000      -0.008351       0.398485       4.792297
   -1620.000       0.000791       0.400284       4.537854
   -1619.000       0.009748       0.402277       4.242351
   -1618.000       0.017459       0.404415       3.908876
   -1617.000       0.023143       0.406650       3.545589
   -1616.000       0.026132       0.408923       3.165314
   -1615.000       0.026356       0.411181       2.784038
   -1614.000       0.023566       0.413375       2.415182
   -1613.000       0.018342       0.415445       2.075083
   -1612.000       0.011225       0.417344       1.773906
   -1611.000       0.002936       0.419030       1.518003
   -1610.000      -0.005517       0.420452       1.312446
   -1609.000      -0.013249       0.421578       1.157273
   -1608.000      -0.019523       0.422378       1.051046
   -1607.000      -0.023588       0.422822       0.993002
   -1606.000      -0.025033       0.422897       0.981906
   -1605.000      -0.023815       0.422601       1.017010
   -1604.000      -0.019954       0.421933       1.100666
   -1603.000      -0.013892       0.420913       1.234700
   -1602.000      -0.006389       0.419567       1.421021
   -1601.000       0.001940       0.417922       1.662399
   -1600.000       0.010048       0.416027       1.956549
   -1599.000       0.017088       0.413930       2.298534
   -1598.000       0.022281       0.411678       2.680352
   -1597.000       0.025090       0.409332       3.088123
   -1596.000       0.024988       0.406949       3.504277
   -1595.000       0.022224       0.404584       3.913819
   -1594.000       0.016780       0.402301       4.296496
   -1593.000       0.009417       0.400157       4.639872
   -1592.000       0.000860       0.398205       4.934854
   -1591.000      -0.007917       0.396501       5.176532
   -1590.000      -0.015979       0.395088       5.365545
   -1589.000      -0.022338       0.394000       5.507028
   -1588.000      -0.026290       0.393266       5.604893
   -1587.000      -0.027408       0.392898       5.663871
   -1586.000      -0.025443       0.392896       5.687348
   -1585.000      -0.020685       0.393249       5.673466
   -1584.000      -0.013611       0.393932       5.619791
   -1583.000      -0.004983       0.394912       5.522154
   -1582.000       0.004309       0.396152       5.375850
   -1581.000       0.013155       0.397607       5.177387
   -1580.000       0.020802       0.399230       4.929794
   -1579.000       0.026276       0.400977       4.636075
   -1578.000       0.029136       0.402797       4.307404
   -1577.000       0.029055       0.404645       3.956486
   -1576.000       0.026088       0.406481       3.597591
   -1575.000       0.020493       0.408260       3.245786
   -1574.000       0.012900       0.409947       2.914399
   -1573.000       0.004018       0.411505       2.614030
   -1572.000      -0.005296       0.412905       2.352231
   -1571.000      -0.014079       0.414121       2.133528
   -1570.000      -0.021554       0.415139       1.958774
   -1569.000      -0.027049       0.415943       1.827822
   -1568.000      -0.029938       0.416530       1.739233
   -1567.000      -0.030133       0.416900       1.690130
   -1566.000      -0.027455       0.417056       1.679033
   -1565.000      -0.022306       0.417010       1.702936
   -1564.000      -0.015100       0.416773       1.759902
   -1563.000      -0.006585       0.416362       1.847172
   -1562.000       0.002529       0.415791       1.962270
   -1561.000       0.011279       0.415075       2.101815
   -1560.000       0.018986       0.414228       2.262465
   -1559.000       0.024799       0.413266       2.439137
   -1558.000       0.028338       0.412204       2.627183
   -1557.000       0.029168       0.411060       2.820342
   -1556.000       0.027364       0.409852       3.013943
   -1555.000       0.023056       0.408601       3.202536
   -1554.000       0.016702       0.407327       3.382787
   -1553.000       0.008954       0.406056       3.552202
   -1552.000       0.000535       0.404812       3.709971
   -1551.000      -0.007716       0.403623       3.856824
   -1550.000      -0.015007       0.402509       3.995530
   -1549.000      -0.020711       0.401494       4.127941
   -1548.000      -0.024268       0.400592       4.257557
   -1547.000      -0.025460       0.399821       4.384744
   -1546.000      -0.024154       0.399197       4.509234
   -1545.000      -0.020677       0.398730       4.626872
   -1544.000      -0.015348       0.398432       4.732545
   -1543.000      -0.008845       0.398317       4.816900
   -1542.000      -0.001829       0.398390       4.870881
   -1541.000       0.004984       0.398664       4.884236
   -1540.000       0.010932       0.399141       4.848473
   -1539.000       0.015423       0.399825       4.757365
   -1538.000       0.018152       0.400708       4.610716
   -1537.000       0.018902       0.401777       4.411350
   -1536.000       0.017747       0.403008       4.168536
   -1535.000       0.014985       0.404374       3.894028
   -1534.000       0.010967       0.405841       3.600692
   -1533.000       0.006284       0.407366       3.303366
   -1532.000       0.001414       0.408913       3.013327
   -1531.000      -0.002958       0.410436       2.741935
   -1530.000      -0.006586       0.411893       2.495724
   -1529.000      -0.008908       0.413248       2.280606
   -1528.000      -0.009985       0.414466       2.098073
   -1527.000      -0.009698       0.415512       1.950593
   -1526.000      -0.008277       0.416359       1.838186
   -1525.000      -0.005996       0.416979       1.761370
   -1524.000      -0.003336       0.417348       1.720471
   -1523.000      -0.000625       0.417448       1.716057
   -1522.000       0.001619       0.417267       1.748612
   -1521.000       0.003088       0.416794       1.819369
   -1520.000       0.003600       0.416031       1.928714
   -1519.000       0.003018       0.414983       2.077276
   -1518.000       0.001446       0.413671       2.264425
   -1517.000      -0.000841       0.412122       2.488708
   -1516.000      -0.003496       0.410376       2.747608
   -1515.000      -0.006098       0.408480       3.037698
   -1514.000      -0.008083       0.406492       3.354596
   -1513.000      -0.009082       0.404470       3.693270
   -1512.000      -0.008808       0.402476       4.046991
   -1511.000      -0.006918       0.400575       4.408807
   -1510.000      -0.003689       0.398823       4.767076
   -1509.000       0.000838       0.397278       5.110440
   -1508.000       0.006077       0.395986       5.422061
   -1507.000       0.011487       0.394988       5.685287
   -1506.000       0.016275       0.394319       5.879110
   -1505.000       0.019903       0.394007       5.987879
   -1504.000       0.021576       0.394065       5.995922
   -1503.000       0.020984       0.394503       5.897078
   -1502.000       0.017940       0.395315       5.693221
   -1501.000       0.012522       0.396482       5.395513
   -1500.000       0.005156       0.397977       5.022351
   -1499.000      -0.003443       0.399756       4.598786
   -1498.000      -0.012498       0.401765       4.150156
   -1497.000      -0.021044       0.403947       3.700021
   -1496.000      -0.028009       0.406228       3.270254
   -1495.000      -0.032772       0.408542       2.873370
   -1494.000      -0.034537       0.410824       2.518674
   -1493.000      -0.033008       0.413006       2.210323
   -1492.000      -0.028209       0.415032       1.948645
   -1491.000      -0.020415       0.416855       1.731895
   -1490.000      -0.010149       0.418429       1.558992
   -1489.000       0.001515       0.419718       1.427155
   -1488.000       0.013673       0.420699       1.334768
   -1487.000       0.025211       0.421348       1.281500
   -1486.000       0.034829       0.421652       1.266362
   -1485.000       0.041771       0.421609       1.289339
   -1484.000       0.045177       0.421209       1.351174
   -1483.000       0.044511       0.420468       1.449882
   -1482.000       0.039857       0.419405       1.583910
   -1481.000       0.031404       0.418042       1.750290
   -1480.000       0.019763       0.416416       1.944057
   -1479.000       0.006045       0.414571       2.160780
   -1478.000      -0.008620       0.412550       2.397002
   -1477.000      -0.022947       0.410409       2.649362
   -1476.000      -0.035383       0.408206       2.918054
   -1475.000      -0.044873       0.405990       3.205188
   -1474.000      -0.050393       0.403819       3.513787
   -1473.000      -0.051289       0.401742       3.848094
   -1472.000      -0.047410       0.399799       4.210562
   -1471.000      -0.039098       0.398035       4.597752
   -1470.000      -0.026946       0.396485       5.003375
   -1469.000      -0.012193       0.395178       5.411538
   -1468.000       0.003748       0.394141       5.799556
   -1467.000       0.019484       0.393394       6.142086
   -1466.000       0.033379       0.392946       6.409453
   -1465.000       0.044136       0.392808       6.574787
   -1464.000       0.050790       0.392980       6.619571
   -1463.000       0.052686       0.393448       6.536136
   -1462.000       0.049631       0.394206       6.327149
   -1461.000       0.042123       0.395221       6.013194
   -1460.000       0.030828       0.396465       5.618870
   -1459.000       0.016805       0.397909       5.173141
   -1458.000       0.001589       0.399518       4.708017
   -1457.000      -0.013600       0.401256       4.247119
   -1456.000      -0.027311       0.403093       3.810191
   -1455.000      -0.038260       0.404994       3.410199
   -1454.000      -0.045645       0.406928       3.052391
   -1453.000      -0.048972       0.408867       2.736650
   -1452.000      -0.047828       0.410781       2.461650
   -1451.000      -0.042759       0.412639       2.221777
   -1450.000      -0.034129       0.414413       2.012941
   -1449.000      -0.022824       0.416066       1.831739
   -1448.000      -0.010004       0.417569       1.675064
   -1447.000       0.003228       0.418890       1.541736
   -1446.000       0.015837       0.420004       1.431666
   -1445.000       0.026630       0.420888       1.345057
   -1444.000       0.034844       0.421525       1.282874
   -1443.000       0.040027       0.421902       1.246498
   -1442.000       0.041598       0.422005       1.236661
   -1441.000       0.039816       0.421837       1.253970
   -1440.000       0.034952       0.421394       1.299445
   -1439.000       0.027384       0.420678       1.373389
   -1438.000       0.018035       0.419695       1.477172
   -1437.000       0.007730       0.418449       1.612530
   -1436.000      -0.002751       0.416949       1.781408
   -1435.000      -0.012387       0.415215       1.986153
   -1434.000      -0.020419       0.413265       2.229932
   -1433.000      -0.026450       0.411129       2.514593
   -1432.000      -0.029838       0.408848       2.842680
   -1431.000      -0.030632       0.406462       3.214240
   -1430.000      -0.028865       0.404024       3.627574
   -1429.000      -0.024865       0.401601       4.075143
   -1428.000      -0.019049       0.399248       4.548283
   -1427.000      -0.012264       0.397034       5.028756
   -1426.000      -0.004955       0.395024       5.498312
   -1425.000       0.002091       0.393270       5.933584
   -1424.000       0.008183       0.391823       6.309513
   -1423.000       0.013057       0.390730       6.605331
   -1422.000       0.016272       0.390019       6.802269
   -1421.000       0.017747       0.389712       6.889107
   -1420.000       0.017657       0.389826       6.861977
   -1419.000       0.016237       0.390358       6.725630
   -1418.000       0.013714       0.391303       6.487072
   -1417.000       0.010744       0.392649       6.162469
   -1416.000       0.007539       0.394364       5.767028
   -1415.000       0.004523       0.396414       5.318488
   -1414.000       0.001980       0.398753       4.834377
   -1413.000       0.000051       0.401313       4.333089
   -1412.000      -0.001423       0.404030       3.828339
   -1411.000      -0.002282       0.406830       3.336587
   -1410.000      -0.002910       0.409628       2.870531
   -1409.000      -0.003506       0.412348       2.441065
   -1408.000      -0.004112       0.414918       2.057471
   -1407.000      -0.005095       0.417260       1.726319
   -1406.000      -0.006459       0.419325       1.450081
   -1405.000      -0.008070       0.421063       1.229777
   -1404.000      -0.009981       0.422437       1.063723
   -1403.000      -0.011862       0.423424       0.948914
   -1402.000      -0.013408       0.424009       0.882485
   -1401.000      -0.014320       0.424182       0.862521
   -1400.000      -0.014334       0.423948       0.887548
   -1399.000      -0.012988       0.423315       0.959066
   -1398.000      -0.010358       0.422297       1.079546
   -1397.000      -0.006289       0.420922       1.252239
   -1396.000      -0.000928       0.419220       1.481020
   -1395.000       0.005354       0.417229       1.768813
   -1394.000       0.012028       0.415007       2.113796
   -1393.000       0.018676       0.412610       2.512523
   -1392.000       0.024309       0.410105       2.952876
   -1391.000       0.028446       0.407567       3.418832
   -1390.000       0.030460       0.405066       3.889191
   -1389.000       0.029735       0.402676       4.337120
   -1388.000       0.026180       0.400467       4.737851
   -1387.000       0.019866       0.398497       5.070599
   -1386.000       0.011018       0.396816       5.318821
   -1385.000       0.000468       0.395465       5.478018
   -1384.000      -0.010881       0.394464       5.552806
   -1383.000      -0.022041       0.393831       5.552526
   -1382.000      -0.031785       0.393571       5.493396
   -1381.000      -0.038981       0.393674       5.393481
   -1380.000      -0.042964       0.394129       5.264892
   -1379.000      -0.042921       0.394911       5.121002
   -1378.000      -0.038806       0.395986       4.966752
   -1377.000      -0.030886       0.397321       4.802098
   -1376.000      -0.019670       0.398868       4.625866
   -1375.000      -0.006188       0.400581       4.433250
   -1374.000       0.008271       0.402404       4.219997
   -1373.000       0.022475       0.404285       3.985266
   -1372.000       0.034992       0.406161       3.731374
   -1371.000       0.044577       0.407987       3.462130
   -1370.000       0.050419       0.409714       3.186892
   -1369.000       0.051765       0.411302       2.914215
   -1368.000       0.048511       0.412723       2.653874
   -1367.000       0.040801       0.413949       2.414444
   -1366.000       0.029421       0.414964       2.203467
   -1365.000       0.015142       0.415762       2.024261
   -1364.000      -0.000494       0.416336       1.881064
   -1363.000      -0.016328       0.416687       1.774296
   -1362.000      -0.030805       0.416817       1.705510
   -1361.000      -0.042664       0.416728       1.675389
   -1360.000      -0.050755       0.416427       1.685277
   -1359.000      -0.054447       0.415925       1.735706
   -1358.000      -0.053268       0.415236       1.828775
   -1357.000      -0.047408       0.414379       1.965311
   -1356.000      -0.037418       0.413372       2.146006
   -1355.000      -0.024104       0.412239       2.370733
   -1354.000      -0.008765       0.411005       2.635576
   -1353.000       0.007180       0.409696       2.934125
   -1352.000       0.022344       0.408343       3.255737
   -1351.000       0.035288       0.406968       3.586932
   -1350.000       0.044835       0.405597       3.911264
   -1349.000       0.050232       0.404251       4.213209
   -1348.000       0.050983       0.402952       4.476935
   -1347.000       0.047000       0.401723       4.689489
   -1346.000       0.038973       0.400587       4.845900
   -1345.000       0.027449       0.399568       4.941815
   -1344.000       0.013822       0.398690       4.983978
   -1343.000      -0.000728       0.397975       4.979557
   -1342.000      -0.014730       0.397447       4.940252
   -1341.000      -0.026995       0.397127       4.876689
   -1340.000      -0.036249       0.397037       4.800079
   -1339.000      -0.041936       0.397186       4.715996
   -1338.000      -0.043490       0.397583       4.628762
   -1337.000      -0.041009       0.398224       4.537404
   -1336.000      -0.034943       0.399102       4.436825
   -1335.000      -0.025954       0.400203       4.320523
   -1334.000      -0.015084       0.401507       4.180274
   -1333.000      -0.003425       0.402991       4.009294
   -1332.000       0.007851       0.404623       3.803099
   -1331.000       0.017799       0.406372       3.562116
   -1330.000       0.025465       0.408202       3.289936
   -1329.000       0.030445       0.410076       2.995561
   -1328.000       0.032316       0.411955       2.689763
   -1327.000       0.031264       0.413792       2.386745
   -1326.000       0.027463       0.415542       2.098748
   -1325.000       0.021609       0.417152       1.838679
   -1324.000       0.014293       0.418575       1.614524
   -1323.000       0.006342       0.419765       1.432248
   -1322.000      -0.001452       0.420674       1.295685
   -1321.000      -0.008442       0.421269       1.205325
   -1320.000      -0.014025       0.421521       1.161988
   -1319.000      -0.017802       0.421407       1.166247
   -1318.000      -0.019625       0.420923       1.218738
   -1317.000      -0.019475       0.420073       1.321043
   -1316.000      -0.017573       0.418866       1.476268
   -1315.000      -0.014279       0.417329       1.686227
   -1314.000      -0.010075       0.415488       1.953104
   -1313.000      -0.005442       0.413378       2.277507
   -1312.000      -0.001006       0.411049       2.655620
   -1311.000       0.002853       0.408546       3.082309
   -1310.000       0.005691       0.405925       3.547376
   -1309.000       0.007356       0.403254       4.036859
   -1308.000       0.007696       0.400599       4.534247
   -1307.000       0.006927       0.398033       5.022162
   -1306.000       0.005179       0.395640       5.479665
   -1305.000       0.002929       0.393494       5.890876
   -1304.000       0.000539       0.391669       6.240284
   -1303.000      -0.001506       0.390238       6.514780
   -1302.000      -0.002880       0.389251       6.705971
   -1301.000      -0.003291       0.388746       6.808187
   -1300.000      -0.002629       0.388753       6.815818
   -1299.000      -0.001003       0.389266       6.728162
   -1298.000       0.001413       0.390272       6.545957
   -1297.000       0.004216       0.391740       6.271578
   -1296.000       0.006922       0.393616       5.913050
   -1295.000       0.009157       0.395843       5.482444
   -1294.000       0.010406       0.398361       4.992940
   -1293.000       0.010389       0.401089       4.465821
   -1292.000       0.008967       0.403961       3.921624
   -1291.000       0.006113       0.406905       3.381061
   -1290.000       0.002021       0.409838       2.865876
   -1289.000      -0.002866       0.412695       2.392500
   -1288.000      -0.008153       0.415407       1.972292
   -1287.000      -0.013211       0.417904       1.614087
   -1286.000      -0.017485       0.420127       1.319811
   -1285.000      -0.020412       0.422024       1.088798
   -1284.000      -0.021628       0.423547       0.917647
   -1283.000      -0.020761       0.424664       0.801592
   -1282.000      -0.017823       0.425360       0.735466
   -1281.000      -0.012964       0.425621       0.716506
   -1280.000      -0.006387       0.425460       0.742639
   -1279.000       0.001184       0.424891       0.813922
   -1278.000       0.009241       0.423937       0.932647
   -1277.000       0.016918       0.422639       1.099422
   -1276.000       0.023468       0.421035       1.314806
   -1275.000       0.028156       0.419165       1.577334
   -1274.000       0.030468       0.417078       1.881788
   -1273.000       0.029965       0.414817       2.220233
   -1272.000       0.026570       0.412429       2.582457
   -1271.000       0.020492       0.409968       2.955687
   -1270.000       0.012139       0.407484       3.327259
   -1269.000       0.002296       0.405032       3.686959
   -1268.000      -0.008117       0.402670       4.026375
   -1267.000      -0.018088       0.400448       4.342378
   -1266.000      -0.026644       0.398413       4.634386
   -1265.000      -0.032684       0.396618       4.905243
   -1264.000      -0.035748       0.395091       5.157421
   -1263.000      -0.035240       0.393863       5.394775
   -1262.000      -0.031200       0.392946       5.616781
   -1261.000      -0.024056       0.392346       5.818492
   -1260.000      -0.014368       0.392055       5.993357
   -1259.000      -0.003164       0.392071       6.127286
   -1258.000       0.008404       0.392375       6.206075
   -1257.000       0.019133       0.392952       6.214819
   -1256.000       0.028032       0.393785       6.143140
   -1255.000       0.033963       0.394851       5.982684
   -1254.000       0.036590       0.396129       5.738100
   -1253.000       0.035542       0.397598       5.416072
   -1252.000       0.030944       0.399232       5.032758
   -1251.000       0.023368       0.401002       4.609042
   -1250.000       0.013663       0.402875       4.167934
   -1249.000       0.002667       0.404814       3.729272
   -1248.000      -0.008236       0.406779       3.313228
   -1247.000      -0.018144       0.408738       2.930270
   -1246.000      -0.026087       0.410655       2.588321
   -1245.000      -0.031210       0.412494       2.291253
   -1244.000      -0.033210       0.414229       2.037474
   -1243.000      -0.031925       0.415830       1.825182
   -1242.000      -0.027578       0.417275       1.650501
   -1241.000      -0.020695       0.418545       1.509487
   -1240.000      -0.012122       0.419619       1.399037
   -1239.000      -0.002639       0.420474       1.318030
   -1238.000       0.006741       0.421093       1.265057
   -1237.000       0.014974       0.421452       1.240665
   -1236.000       0.021478       0.421530       1.246602
   -1235.000       0.025497       0.421319       1.283247
   -1234.000       0.026759       0.420807       1.352600
   -1233.000       0.025304       0.419992       1.456207
   -1232.000       0.021335       0.418885       1.593948
   -1231.000       0.015248       0.417496       1.766442
   -1230.000       0.007997       0.415855       1.973274
   -1229.000       0.000145       0.413997       2.212287
   -1228.000      -0.007318       0.411961       2.483520
   -1227.000      -0.013558       0.409789       2.786531
   -1226.000      -0.018009       0.407537       3.119386
   -1225.000      -0.020214       0.405247       3.482106
   -1224.000      -0.019856       0.402977       3.872198
   -1223.000      -0.017202       0.400785       4.282004
   -1222.000      -0.012571       0.398722       4.703034
   -1221.000      -0.006453       0.396846       5.121017
   -1220.000       0.000183       0.395215       5.513586
   -1219.000       0.006622       0.393876       5.858801
   -1218.000       0.012139       0.392882       6.131863
   -1217.000       0.015851       0.392271       6.307174
   -1216.000       0.017469       0.392068       6.370880
   -1215.000       0.016773       0.392290       6.314434
   -1214.000       0.013786       0.392936       6.140337
   -1213.000       0.008961       0.393982       5.864074
   -1212.000       0.002958       0.395402       5.506418
   -1211.000      -0.003633       0.397150       5.090795
   -1210.000      -0.009869       0.399164       4.645754
   -1209.000      -0.014958       0.401387       4.192856
   -1208.000      -0.018438       0.403747       3.749843
   -1207.000      -0.019715       0.406171       3.331402
   -1206.000      -0.018646       0.408597       2.944999
   -1205.000      -0.015400       0.410953       2.595622
   -1204.000      -0.010227       0.413175       2.286759
   -1203.000      -0.003561       0.415210       2.019569
   -1202.000       0.003629       0.416997       1.794780
   -1201.000       0.010900       0.418492       1.614099
   -1200.000       0.017285       0.419660       1.476943
   -1199.000       0.022146       0.420465       1.384645
   -1198.000       0.024929       0.420885       1.337434
   -1197.000       0.025381       0.420913       1.335087
   -1196.000       0.023135       0.420543       1.377375
   -1195.000       0.018583       0.419793       1.463587
   -1194.000       0.011968       0.418687       1.591861
   -1193.000       0.003791       0.417261       1.759853
   -1192.000      -0.005014       0.415561       1.965166
   -1191.000      -0.013716       0.413642       2.204303
   -1190.000      -0.021516       0.411561       2.474449
   -1189.000      -0.027404       0.409385       2.773452
   -1188.000      -0.030848       0.407179       3.098390
   -1187.000      -0.031459       0.405002       3.446998
   -1186.000      -0.028900       0.402921       3.815556
   -1185.000      -0.023424       0.400991       4.197191
   -1184.000      -0.015559       0.399265       4.580890
   -1183.000      -0.005755       0.397794       4.952983
   -1182.000       0.004767       0.396618       5.291369
   -1181.000       0.015120       0.395768       5.575196
   -1180.000       0.024241       0.395269       5.780959
   -1179.000       0.031204       0.395126       5.890619
   -1178.000       0.035124       0.395340       5.889846
   -1177.000       0.035881       0.395895       5.779600
   -1176.000       0.033011       0.396765       5.563949
   -1175.000       0.026994       0.397910       5.262949
   -1174.000       0.018375       0.399292       4.899277
   -1173.000       0.007912       0.400851       4.500120
   -1172.000      -0.003347       0.402540       4.090438
   -1171.000      -0.014283       0.404308       3.691959
   -1170.000      -0.023936       0.406104       3.320423
   -1169.000      -0.031422       0.407883       2.985962
   -1168.000      -0.035890       0.409603       2.694656
   -1167.000      -0.037185       0.411225       2.446961
   -1166.000      -0.035062       0.412718       2.242134
   -1165.000      -0.029804       0.414055       2.077178
   -1164.000      -0.021917       0.415210       1.949263
   -1163.000      -0.012252       0.416164       1.854933
   -1162.000      -0.001461       0.416903       1.792537
   -1161.000       0.009124       0.417410       1.759535
   -1160.000       0.018792       0.417685       1.754440
   -1159.000       0.026647       0.417726       1.775635
   -1158.000       0.031894       0.417538       1.820914
   -1157.000       0.034239       0.417135       1.888194
   -1156.000       0.033538       0.416529       1.975389
   -1155.000       0.029799       0.415739       2.079246
   -1154.000       0.023576       0.414787       2.197818
   -1153.000       0.015539       0.413698       2.329111
   -1152.000       0.006352       0.412490       2.472136
   -1151.000      -0.002973       0.411188       2.627484
   -1150.000      -0.011515       0.409805       2.797961
   -1149.000      -0.018711       0.408359       2.985006
   -1148.000      -0.023677       0.406871       3.193068
   -1147.000      -0.026198       0.405358       3.423546
   -1146.000      -0.026171       0.403841       3.677303
   -1145.000      -0.023708       0.402348       3.952664
   -1144.000      -0.019163       0.400904       4.245381
   -1143.000      -0.013323       0.399542       4.545057
   -1142.000      -0.006609       0.398295       4.842290
   -1141.000      -0.000005       0.397197       5.119779
   -1140.000       0.005904       0.396276       5.363443
   -1139.000       0.010554       0.395560       5.558014
   -1138.000       0.013606       0.395067       5.692629
   -1137.000       0.014807       0.394811       5.758590
   -1136.000       0.014377       0.394804       5.754703
   -1135.000       0.012534       0.395053       5.682035
   -1134.000       0.009649       0.395559       5.546085
   -1133.000       0.006390       0.396320       5.356746
   -1132.000       0.003193       0.397336       5.121587
   -1131.000       0.000467       0.398594       4.849627
   -1130.000      -0.001310       0.400087       4.549000
   -1129.000      -0.002112       0.401796       4.224970
   -1128.000      -0.001931       0.403691       3.884029
   -1127.000      -0.000872       0.405742       3.532075
   -1126.000       0.000629       0.407900       3.175058
   -1125.000       0.002187       0.410117       2.820533
   -1124.000       0.003448       0.412339       2.476364
   -1123.000       0.003951       0.414507       2.151158
   -1122.000       0.003460       0.416561       1.853446
   -1121.000       0.001892       0.418447       1.590030
   -1120.000      -0.000764       0.420115       1.365918
   -1119.000      -0.004286       0.421515       1.184712
   -1118.000      -0.008225       0.422620       1.046553
   -1117.000      -0.012169       0.423395       0.951637
   -1116.000      -0.015618       0.423818       0.899236
   -1115.000      -0.017868       0.423877       0.888888
   -1114.000      -0.018700       0.423560       0.921553
   -1113.000      -0.017577       0.422864       1.000220
   -1112.000      -0.014472       0.421802       1.127971
   -1111.000      -0.009431       0.420380       1.310887
   -1110.000      -0.002790       0.418620       1.554265
   -1109.000       0.005006       0.416559       1.861958
   -1108.000       0.013156       0.414232       2.235782
   -1107.000       0.020926       0.411692       2.672318
   -1106.000       0.027452       0.409008       3.160357
   -1105.000       0.031883       0.406241       3.683536
   -1104.000       0.033608       0.403469       4.217723
   -1103.000       0.032219       0.400770       4.734518
   -1102.000       0.027558       0.398217       5.205796
   -1101.000       0.019829       0.395885       5.605110
   -1100.000       0.009696       0.393840       5.916049
   -1099.000      -0.002107       0.392135       6.129828
   -1098.000      -0.014375       0.390818       6.249537
   -1097.000      -0.025877       0.389926       6.285447
   -1096.000      -0.035506       0.389473       6.253015
   -1095.000      -0.042084       0.389478       6.168199
   -1094.000      -0.044912       0.389935       6.043597
   -1093.000      -0.043492       0.390824       5.889597
   -1092.000      -0.037936       0.392121       5.707050
   -1091.000      -0.028509       0.393783       5.496157
   -1090.000      -0.016236       0.395752       5.251115
   -1089.000      -0.002053       0.397973       4.967865
   -1088.000       0.012653       0.400377       4.643858
   -1087.000       0.026544       0.402891       4.282227
   -1086.000       0.038338       0.405445       3.890337
   -1085.000       0.046985       0.407971       3.481563
   -1084.000       0.051608       0.410402       3.071728
   -1083.000       0.051877       0.412687       2.677044
   -1082.000       0.047667       0.414774       2.312722
   -1081.000       0.039314       0.416621       1.990294
   -1080.000       0.027576       0.418199       1.717089
   -1079.000       0.013317       0.419481       1.496171
   -1078.000      -0.002129       0.420449       1.327879
   -1077.000      -0.017588       0.421099       1.209047
   -1076.000      -0.031674       0.421427       1.137031
   -1075.000      -0.043248       0.421435       1.109103
   -1074.000      -0.051312       0.421140       1.123109
   -1073.000      -0.055158       0.420555       1.178958
   -1072.000      -0.054443       0.419703       1.277555
   -1071.000      -0.049205       0.418617       1.420130
   -1070.000      -0.039872       0.417328       1.608844
   -1069.000      -0.027174       0.415874       1.844647
   -1068.000      -0.012249       0.414293       2.125864
   -1067.000       0.003747       0.412622       2.449176
   -1066.000       0.019340       0.410902       2.805074
   -1065.000       0.033250       0.409170       3.180751
   -1064.000       0.044260       0.407461       3.559509
   -1063.000       0.051433       0.405805       3.922643
   -1062.000       0.054129       0.404232       4.250422
   -1061.000       0.052203       0.402763       4.528030
   -1060.000       0.045784       0.401423       4.742461
   -1059.000       0.035500       0.400231       4.888797
   -1058.000       0.022361       0.399206       4.968886
   -1057.000       0.007457       0.398361       4.989812
   -1056.000      -0.007766       0.397709       4.964449
   -1055.000      -0.022016       0.397257       4.907002
   -1054.000      -0.034052       0.397009       4.831952
   -1053.000      -0.042862       0.396965       4.751557
   -1052.000      -0.047727       0.397121       4.674848
   -1051.000      -0.048379       0.397466       4.606520
   -1050.000      -0.044884       0.397990       4.546515
   -1049.000      -0.037658       0.398676       4.491864
   -1048.000      -0.027544       0.399509       4.434980
   -1047.000      -0.015476       0.400477       4.367430
   -1046.000      -0.002595       0.401562       4.280399
   -1045.000       0.009904       0.402747       4.165698
   -1044.000       0.021012       0.404016       4.018550
   -1043.000       0.029847       0.405349       3.837951
   -1042.000       0.035770       0.406723       3.626850
   -1041.000       0.038465       0.408115       3.391512
   -1040.000       0.037956       0.409495       3.142549
   -1039.000       0.034416       0.410833       2.890675
   -1038.000       0.028453       0.412096       2.647628
   -1037.000       0.020690       0.413253       2.423204
   -1036.000       0.011951       0.414272       2.225698
   -1035.000       0.002941       0.415133       2.059466
   -1034.000      -0.005432       0.415808       1.928992
   -1033.000      -0.012773       0.416283       1.834874
   -1032.000      -0.018451       0.416546       1.778042
   -1031.000      -0.022272       0.416590       1.758080
   -1030.000      -0.024203       0.416411       1.774710
   -1029.000      -0.024309       0.416015       1.827169
   -1028.000      -0.022812       0.415403       1.915927
   -1027.000      -0.020149       0.414585       2.039974
   -1026.000      -0.016627       0.413574       2.199132
   -1025.000      -0.012626       0.412385       2.392671
   -1024.000      -0.008597       0.411040       2.617645
   -1023.000      -0.004674       0.409570       2.871206
   -1022.000      -0.001038       0.408003       3.149152
   -1021.000       0.002128       0.406384       3.443947
   -1020.000       0.005005       0.404758       3.748910
   -1019.000       0.007551       0.403173       4.054619
   -1018.000       0.009847       0.401682       4.350048
   -1017.000       0.012008       0.400337       4.625017
   -1016.000       0.014077       0.399183       4.868635
   -1015.000       0.015810       0.398262       5.067829
   -1014.000       0.017334       0.397602       5.215726
   -1013.000       0.018195       0.397226       5.300916
   -1012.000       0.018265       0.397148       5.317932
   -1011.000       0.017250       0.397364       5.264030
   -1010.000       0.014977       0.397869       5.139769
   -1009.000       0.011211       0.398647       4.948702
   -1008.000       0.006155       0.399673       4.701697
   -1007.000      -0.000095       0.400920       4.409831
   -1006.000      -0.007254       0.402355       4.086601
   -1005.000      -0.014581       0.403935       3.750110
   -1004.000      -0.021675       0.405618       3.413095
   -1003.000      -0.027764       0.407358       3.089549
   -1002.000      -0.032120       0.409099       2.791062
   -1001.000      -0.034226       0.410793       2.524623
   -1000.000      -0.033760       0.412389       2.294796
    -999.000      -0.030250       0.413833       2.106313
    -998.000      -0.024092       0.415087       1.958024
    -997.000      -0.015352       0.416110       1.851538
    -996.000      -0.004698       0.416873       1.786268
    -995.000       0.007034       0.417360       1.760896
    -994.000       0.018892       0.417558       1.774906
    -993.000       0.029933       0.417462       1.827816
    -992.000       0.038991       0.417084       1.916546
    -991.000       0.045217       0.416432       2.039330
    -990.000       0.047962       0.415525       2.192068
    -989.000       0.046648       0.414393       2.367560
    -988.000       0.041283       0.413063       2.559759
    -987.000       0.032206       0.411571       2.761189
    -986.000       0.019886       0.409958       2.963311
    -985.000       0.005459       0.408264       3.161899
    -984.000      -0.009936       0.406536       3.353256
    -983.000      -0.024931       0.404823       3.536812
    -982.000      -0.038180       0.403169       3.715688
    -981.000      -0.048262       0.401622       3.895527
    -980.000      -0.054402       0.400226       4.079759
    -979.000      -0.055730       0.399015       4.274629
    -978.000      -0.052094       0.398022       4.480558
    -977.000      -0.043731       0.397275       4.694096
    -976.000      -0.031389       0.396784       4.907257
    -975.000      -0.015962       0.396560       5.107954
    -974.000       0.000847       0.396603       5.275713
    -973.000       0.017764       0.396901       5.394613
    -972.000       0.033195       0.397442       5.445833
    -971.000       0.045588       0.398210       5.413386
    -970.000       0.054013       0.399176       5.293748
    -969.000       0.057680       0.400317       5.087526
    -968.000       0.056166       0.401602       4.804348
    -967.000       0.049858       0.402996       4.464828
    -966.000       0.039288       0.404467       4.089465
    -965.000       0.025344       0.405980       3.700727
    -964.000       0.009458       0.407499       3.321253
    -963.000      -0.007026       0.408994       2.967305
    -962.000      -0.022782       0.410431       2.650542
    -961.000      -0.036293       0.411782       2.378837
    -960.000      -0.046548       0.413025       2.153905
    -959.000      -0.052857       0.414142       1.974653
    -958.000      -0.054535       0.415114       1.839677
    -957.000      -0.051735       0.415933       1.744501
    -956.000      -0.044800       0.416587       1.685644
    -955.000      -0.034232       0.417067       1.660558
    -954.000      -0.021171       0.417370       1.665521
    -953.000      -0.006776       0.417491       1.698291
    -952.000       0.007937       0.417427       1.757538
    -951.000       0.021492       0.417180       1.840396
    -950.000       0.032958       0.416751       1.945152
    -949.000       0.041419       0.416143       2.069517
    -948.000       0.046273       0.415367       2.209835
    -947.000       0.047125       0.414434       2.362245
    -946.000       0.044266       0.413358       2.523988
    -945.000       0.037793       0.412156       2.690169
    -944.000       0.028510       0.410845       2.859162
    -943.000       0.017294       0.409445       3.030003
    -942.000       0.005087       0.407978       3.202020
    -941.000      -0.007063       0.406465       3.377350
    -940.000      -0.018002       0.404932       3.559890
    -939.000      -0.027038       0.403403       3.751841
    -938.000      -0.033398       0.401906       3.957086
    -937.000      -0.036606       0.400469       4.178318
    -936.000      -0.036662       0.399126       4.413370
    -935.000      -0.033670       0.397908       4.659259
    -934.000      -0.027969       0.396847       4.909795
    -933.000      -0.020362       0.395975       5.151854
    -932.000      -0.011544       0.395320       5.372139
    -931.000      -0.002318       0.394903       5.555393
    -930.000       0.006387       0.394746       5.684023
    -929.000       0.013829       0.394861       5.743870
    -928.000       0.019666       0.395247       5.728680
    -927.000       0.023198       0.395907       5.629701
    -926.000       0.024624       0.396825       5.453966
    -925.000       0.023928       0.397983       5.208819
    -924.000       0.021360       0.399362       4.905850
    -923.000       0.017430       0.400930       4.561939
    -922.000       0.012721       0.402654       4.193924
    -921.000       0.007568       0.404505       3.814309
    -920.000       0.002659       0.406436       3.439013
    -919.000      -0.001673       0.408409       3.077934
    -918.000      -0.005273       0.410382       2.737890
    -917.000      -0.007833       0.412308       2.426605
    -916.000      -0.009447       0.414138       2.147986
    -915.000      -0.010257       0.415831       1.904005
    -914.000      -0.010402       0.417339       1.697531
    -913.000      -0.010037       0.418625       1.529434
    -912.000      -0.009612       0.419658       1.398889
    -911.000      -0.009010       0.420409       1.307136
    -910.000      -0.008554       0.420861       1.253052
    -909.000      -0.008225       0.421009       1.235958
    -908.000      -0.007912       0.420846       1.256511
    -907.000      -0.007527       0.420382       1.314404
    -906.000      -0.006970       0.419631       1.409764
    -905.000      -0.005901       0.418608       1.544427
    -904.000      -0.004260       0.417340       1.718698
    -903.000      -0.002001       0.415856       1.932602
    -902.000       0.001071       0.414184       2.187157
    -901.000       0.004706       0.412366       2.479474
    -900.000       0.008673       0.410444       2.805407
    -899.000       0.012768       0.408460       3.159017
    -898.000       0.016433       0.406468       3.528671
    -897.000       0.019237       0.404514       3.901649
    -896.000       0.020823       0.402648       4.262731
    -895.000       0.020717       0.400922       4.593300
    -894.000       0.018668       0.399378       4.877021
    -893.000       0.014787       0.398051       5.102740
    -892.000       0.009018       0.396977       5.258690
    -891.000       0.001908       0.396174       5.344548
    -890.000      -0.006025       0.395652       5.363505
    -889.000      -0.014038       0.395418       5.323301
    -888.000      -0.021398       0.395466       5.235548
    -887.000      -0.027165       0.395781       5.114996
    -886.000      -0.030811       0.396348       4.971597
    -885.000      -0.031762       0.397138       4.816393
    -884.000      -0.029735       0.398124       4.656055
    -883.000      -0.024875       0.399277       4.492664
    -882.000      -0.017463       0.400561       4.327208
    -881.000      -0.008080       0.401940       4.158572
    -880.000       0.002363       0.403380       3.983554
    -879.000       0.012932       0.404843       3.801130
    -878.000       0.022662       0.406293       3.610799
    -877.000       0.030530       0.407697       3.413130
    -876.000       0.035799       0.409026       3.211523
    -875.000       0.037949       0.410253       3.010473
    -874.000       0.036643       0.411358       2.814590
    -873.000       0.031998       0.412323       2.629749
    -872.000       0.024427       0.413136       2.461030
    -871.000       0.014548       0.413793       2.312166
    -870.000       0.003253       0.414291       2.186564
    -869.000      -0.008324       0.414630       2.087550
    -868.000      -0.019288       0.414812       2.016023
    -867.000      -0.028474       0.414841       1.974467
    -866.000      -0.035080       0.414722       1.963763
    -865.000      -0.038554       0.414466       1.984384
    -864.000      -0.038494       0.414080       2.037252
    -863.000      -0.034972       0.413577       2.122074
    -862.000      -0.028342       0.412968       2.238054
    -861.000      -0.019226       0.412269       2.382938
    -860.000      -0.008450       0.411495       2.553777
    -859.000       0.002853       0.410662       2.744388
    -858.000       0.013740       0.409788       2.948419
    -857.000       0.023130       0.408886       3.157116
    -856.000       0.030158       0.407972       3.361377
    -855.000       0.034275       0.407059       3.552506
    -854.000       0.035089       0.406162       3.722367
    -853.000       0.032602       0.405295       3.864714
    -852.000       0.027177       0.404472       3.976582
    -851.000       0.019381       0.403708       4.057677
    -850.000       0.009994       0.403016       4.109943
    -849.000       0.000065       0.402413       4.138819
    -848.000      -0.009562       0.401911       4.149398
    -847.000      -0.017840       0.401526       4.148466
    -846.000      -0.024114       0.401267       4.140950
    -845.000      -0.027781       0.401143       4.131325
    -844.000      -0.028630       0.401160       4.120850
    -843.000      -0.026706       0.401319       4.108924
    -842.000      -0.022267       0.401619       4.093051
    -841.000      -0.015966       0.402056       4.067736
    -840.000      -0.008424       0.402622       4.028404
    -839.000      -0.000511       0.403305       3.969150
    -838.000       0.006993       0.404091       3.885960
    -837.000       0.013332       0.404963       3.776623
    -836.000       0.018015       0.405900       3.642061
    -835.000       0.020542       0.406882       3.484571
    -834.000       0.020931       0.407883       3.311088
    -833.000       0.019139       0.408878       3.127983
    -832.000       0.015574       0.409841       2.944397
    -831.000       0.010631       0.410741       2.768566
    -830.000       0.004974       0.411553       2.608447
    -829.000      -0.000854       0.412251       2.470224
    -828.000      -0.006185       0.412810       2.359279
    -827.000      -0.010499       0.413211       2.279293
    -826.000      -0.013439       0.413438       2.232545
    -825.000      -0.014702       0.413477       2.220961
    -824.000      -0.014281       0.413328       2.244545
    -823.000      -0.012293       0.412989       2.303428
    -822.000      -0.009002       0.412469       2.396661
    -821.000      -0.004847       0.411779       2.522147
    -820.000      -0.000291       0.410935       2.677375
    -819.000       0.004070       0.409959       2.857583
    -818.000       0.007836       0.408878       3.057509
    -817.000       0.010477       0.407717       3.270139
    -816.000       0.011769       0.406509       3.487877
    -815.000       0.011531       0.405289       3.701873
    -814.000       0.009831       0.404090       3.904760
    -813.000       0.006797       0.402950       4.088422
    -812.000       0.002926       0.401909       4.247977
    -811.000      -0.001496       0.400996       4.378796
    -810.000      -0.005776       0.400247       4.479753
    -809.000      -0.009472       0.399689       4.549901
    -808.000      -0.012112       0.399339       4.590579
    -807.000      -0.013336       0.399214       4.602432
    -806.000      -0.012930       0.399319       4.586948
    -805.000      -0.010953       0.399650       4.543903
    -804.000      -0.007566       0.400201       4.472619
    -803.000      -0.003089       0.400955       4.372964
    -802.000       0.001900       0.401888       4.243816
    -801.000       0.006909       0.402977       4.085245
    -800.000       0.011391       0.404191       3.899377
    -799.000       0.014713       0.405493       3.689445
    -798.000       0.016591       0.406853       3.461410
    -797.000       0.016748       0.408234       3.222607
    -796.000       0.015048       0.409597       2.981539
    -795.000       0.011749       0.410910       2.747006
    -794.000       0.007086       0.412139       2.527146
    -793.000       0.001503       0.413253       2.329017
    -792.000      -0.004371       0.414224       2.158350
    -791.000      -0.009962       0.415027       2.019147
    -790.000      -0.014747       0.415643       1.913695
    -789.000      -0.018106       0.416062       1.843364
    -788.000      -0.019776       0.416271       1.808874
    -787.000      -0.019519       0.416270       1.809966
    -786.000      -0.017345       0.416064       1.846035
    -785.000      -0.013370       0.415658       1.917141
    -784.000      -0.008155       0.415066       2.021100
    -783.000      -0.001970       0.414306       2.156905
    -782.000       0.004356       0.413395       2.321078
    -781.000       0.010307       0.412355       2.509875
    -780.000       0.015239       0.411208       2.718156
    -779.000       0.018690       0.409976       2.940059
    -778.000       0.020186       0.408684       3.167780
    -777.000       0.019756       0.407356       3.395423
    -776.000       0.017318       0.406017       3.615478
    -775.000       0.013164       0.404696       3.822325
    -774.000       0.007821       0.403418       4.012990
    -773.000       0.001790       0.402209       4.185126
    -772.000      -0.004309       0.401094       4.337935
    -771.000      -0.009686       0.400095       4.474354
    -770.000      -0.013928       0.399232       4.595052
    -769.000      -0.016579       0.398519       4.702229
    -768.000      -0.017306       0.397970       4.797582
    -767.000      -0.016217       0.397589       4.879650
    -766.000      -0.013517       0.397384       4.945190
    -765.000      -0.009393       0.397357       4.991498
    -764.000      -0.004651       0.397509       5.009878
    -763.000       0.000351       0.397840       4.995732
    -762.000       0.004921       0.398348       4.942197
    -761.000       0.008585       0.399025       4.845928
    -760.000       0.010887       0.399866       4.704568
    -759.000       0.011822       0.400859       4.522388
    -758.000       0.011136       0.401990       4.302366
    -757.000       0.009176       0.403242       4.053946
    -756.000       0.006287       0.404592       3.787006
    -755.000       0.002802       0.406014       3.511302
    -754.000      -0.000691       0.407485       3.236621
    -753.000      -0.003687       0.408975       2.971591
    -752.000      -0.005889       0.410454       2.722192
    -751.000      -0.006985       0.411897       2.492673
    -750.000      -0.006719       0.413272       2.286656
    -749.000      -0.005439       0.414553       2.104553
    -748.000      -0.003077       0.415715       1.947784
    -747.000      -0.000129       0.416736       1.815868
    -746.000       0.002981       0.417588       1.709454
    -745.000       0.005776       0.418254       1.628302
    -744.000       0.007962       0.418716       1.573203
    -743.000       0.008907       0.418955       1.544254
    -742.000       0.008663       0.418962       1.542636
    -741.000       0.007053       0.418728       1.568885
    -740.000       0.004101       0.418248       1.623897
    -739.000       0.000261       0.417530       1.708348
    -738.000      -0.004129       0.416580       1.823304
    -737.000      -0.008648       0.415412       1.969205
    -736.000      -0.012538       0.414053       2.147156
    -735.000      -0.015408       0.412525       2.357719
    -734.000      -0.016811       0.410860       2.601674
    -733.000      -0.016359       0.409097       2.878728
    -732.000      -0.013978       0.407270       3.188173
    -731.000      -0.009882       0.405419       3.526260
    -730.000      -0.004185       0.403589       3.887876
    -729.000       0.002419       0.401820       4.262696
    -728.000       0.009315       0.400154       4.637847
    -727.000       0.015791       0.398635       4.996098
    -726.000       0.021134       0.397301       5.319036
    -725.000       0.024505       0.396188       5.584677
    -724.000       0.025719       0.395330       5.778377
    -723.000       0.024257       0.394748       5.885000
    -722.000       0.020224       0.394460       5.899820
    -721.000       0.013994       0.394477       5.825122
    -720.000       0.006016       0.394790       5.670181
    -719.000      -0.002994       0.395390       5.449536
    -718.000      -0.011991       0.396262       5.182597
    -717.000      -0.020239       0.397371       4.887199
    -716.000      -0.026878       0.398689       4.579617
    -715.000      -0.031089       0.400181       4.273689
    -714.000      -0.032548       0.401804       3.978034
    -713.000      -0.031053       0.403520       3.697601
    -712.000      -0.026534       0.405288       3.435421
    -711.000      -0.019542       0.407062       3.191317
    -710.000      -0.010638       0.408805       2.964377
    -709.000      -0.000453       0.410479       2.754599
    -708.000       0.009880       0.412043       2.561184
    -707.000       0.019564       0.413467       2.384843
    -706.000       0.027816       0.414724       2.226917
    -705.000       0.033697       0.415786       2.088845
    -704.000       0.036805       0.416638       1.972362
    -703.000       0.036883       0.417266       1.879306
    -702.000       0.033714       0.417661       1.810120
    -701.000       0.027697       0.417825       1.765698
    -700.000       0.019305       0.417763       1.745734
    -699.000       0.009135       0.417481       1.750217
    -698.000      -0.001916       0.416995       1.778715
    -697.000      -0.012781       0.416321       1.831906
    -696.000      -0.022809       0.415477       1.909542
    -695.000      -0.030864       0.414486       2.013416
    -694.000      -0.036356       0.413371       2.144765
    -693.000      -0.038866       0.412154       2.305182
    -692.000      -0.038036       0.410863       2.496242
    -691.000      -0.033945       0.409523       2.718440
    -690.000      -0.027059       0.408160       2.969903
    -689.000      -0.017787       0.406802       3.247702
    -688.000      -0.007025       0.405479       3.544293
    -687.000       0.004243       0.404215       3.849659
    -686.000       0.015149       0.403038       4.151347
    -685.000       0.024681       0.401971       4.434031
    -684.000       0.031972       0.401033       4.682246
    -683.000       0.036462       0.400242       4.882076
    -682.000       0.037804       0.399611       5.023198
    -681.000       0.035788       0.399149       5.098047
    -680.000       0.030795       0.398860       5.107652
    -679.000       0.023284       0.398748       5.055606
    -678.000       0.013808       0.398813       4.949356
    -677.000       0.003495       0.399053       4.802594
    -676.000      -0.006927       0.399463       4.625911
    -675.000      -0.016495       0.400034       4.432081
    -674.000      -0.024351       0.400757       4.231995
    -673.000      -0.029893       0.401617       4.033279
    -672.000      -0.032840       0.402593       3.840916
    -671.000      -0.032821       0.403668       3.659197
    -670.000      -0.030158       0.404814       3.487574
    -669.000      -0.025153       0.406004       3.326040
    -668.000      -0.018270       0.407212       3.173742
    -667.000      -0.010250       0.408411       3.028834
    -666.000      -0.001898       0.409570       2.890450
    -665.000       0.006256       0.410667       2.759126
    -664.000       0.013395       0.411676       2.635031
    -663.000       0.019009       0.412575       2.519964
    -662.000       0.022917       0.413344       2.417061
    -661.000       0.024719       0.413962       2.328283
    -660.000       0.024585       0.414414       2.257367
    -659.000       0.022697       0.414687       2.207047
    -658.000       0.019306       0.414769       2.179780
    -657.000       0.014839       0.414654       2.177898
    -656.000       0.009828       0.414340       2.203268
    -655.000       0.004607       0.413827       2.256912
    -654.000      -0.000392       0.413126       2.339375
    -653.000      -0.004761       0.412252       2.450821
    -652.000      -0.008441       0.411224       2.589787
    -651.000      -0.011210       0.410068       2.754797
    -650.000      -0.013038       0.408816       2.942589
    -649.000      -0.014077       0.407503       3.148654
    -648.000      -0.014403       0.406166       3.367399
    -647.000      -0.014060       0.404842       3.593401
    -646.000      -0.013363       0.403570       3.818053
    -645.000      -0.012248       0.402388       4.035210
    -644.000      -0.010818       0.401328       4.237447
    -643.000      -0.009139       0.400421       4.417846
    -642.000      -0.007092       0.399696       4.570745
    -641.000      -0.004658       0.399176       4.691225
    -640.000      -0.001830       0.398878       4.774728
    -639.000       0.001432       0.398819       4.817555
    -638.000       0.005100       0.399004       4.817506
    -637.000       0.008929       0.399430       4.771783
    -636.000       0.012790       0.400094       4.679909
    -635.000       0.016360       0.400975       4.542776
    -634.000       0.019221       0.402050       4.362370
    -633.000       0.021097       0.403290       4.144078
    -632.000       0.021615       0.404652       3.895238
    -631.000       0.020481       0.406099       3.624304
    -630.000       0.017647       0.407588       3.342039
    -629.000       0.013084       0.409074       3.059586
    -628.000       0.006984       0.410515       2.786985
    -627.000      -0.000270       0.411876       2.533383
    -626.000      -0.008129       0.413116       2.306989
    -625.000      -0.016045       0.414209       2.112427
    -624.000      -0.023216       0.415126       1.954099
    -623.000      -0.029035       0.415842       1.834272
    -622.000      -0.032840       0.416341       1.754211
    -621.000      -0.034169       0.416609       1.714695
    -620.000      -0.032664       0.416634       1.716942
    -619.000      -0.028412       0.416418       1.760934
    -618.000      -0.021416       0.415961       1.848346
    -617.000      -0.012292       0.415273       1.979287
    -616.000      -0.001644       0.414371       2.153556
    -615.000       0.009651       0.413279       2.368912
    -614.000       0.020639       0.412021       2.621607
    -613.000       0.030270       0.410632       2.903385
    -612.000       0.037689       0.409146       3.204330
    -611.000       0.042103       0.407600       3.511142
    -610.000       0.042959       0.406032       3.808473
    -609.000       0.040118       0.404480       4.082299
    -608.000       0.033664       0.402978       4.320007
    -607.000       0.024039       0.401564       4.511955
    -606.000       0.012126       0.400269       4.656110
    -605.000      -0.001148       0.399118       4.753304
    -604.000      -0.014542       0.398141       4.809933
    -603.000      -0.026850       0.397356       4.835716
    -602.000      -0.036924       0.396783       4.840919
    -601.000      -0.043857       0.396438       4.834166
    -600.000      -0.046880       0.396325       4.824028
    -599.000      -0.045851       0.396450       4.812040
    -598.000      -0.040675       0.396812       4.798529
    -597.000      -0.031976       0.397401       4.777601
    -596.000      -0.020401       0.398203       4.742461
    -595.000      -0.007118       0.399201       4.682417
    -594.000       0.006767       0.400371       4.588993
    -593.000       0.019970       0.401687       4.454455
    -592.000       0.031372       0.403124       4.274728
    -591.000       0.039982       0.404651       4.050568
    -590.000       0.045110       0.406242       3.786894
    -589.000       0.046396       0.407868       3.493186
    -588.000       0.043729       0.409499       3.181194
    -587.000       0.037537       0.411109       2.865362
    -586.000       0.028268       0.412667       2.557848
    -585.000       0.016896       0.414143       2.271482
    -584.000       0.004328       0.415510       2.014289
    -583.000      -0.008308       0.416739       1.792687
    -582.000      -0.020083       0.417803       1.609829
    -581.000      -0.029888       0.418677       1.467442
    -580.000      -0.037200       0.419343       1.364424
    -579.000      -0.041301       0.419778       1.301090
    -578.000      -0.042075       0.419974       1.275965
    -577.000      -0.039525       0.419920       1.289017
    -576.000      -0.033913       0.419609       1.341184
    -575.000      -0.025801       0.419042       1.433512
    -574.000      -0.015922       0.418224       1.567515
    -573.000      -0.005064       0.417159       1.745305
    -572.000       0.005845       0.415862       1.967351
    -571.000       0.015950       0.414353       2.232510
    -570.000       0.024459       0.412650       2.538229
    -569.000       0.030790       0.410786       2.878247
    -568.000       0.034409       0.408794       3.243062
    -567.000       0.035229       0.406711       3.622497
    -566.000       0.033180       0.404583       4.002527
    -565.000       0.028576       0.402462       4.369731
    -564.000       0.021853       0.400392       4.712629
    -563.000       0.013714       0.398430       5.021352
    -562.000       0.004747       0.396627       5.287624
    -561.000      -0.004083       0.395029       5.510375
    -560.000      -0.012221       0.393685       5.686064
    -559.000      -0.018895       0.392637       5.816310
    -558.000      -0.023707       0.391912       5.902432
    -557.000      -0.026280       0.391541       5.944209
    -556.000      -0.026648       0.391540       5.939565
    -555.000      -0.024808       0.391909       5.888068
    -554.000      -0.021151       0.392652       5.784051
    -553.000      -0.016136       0.393753       5.624057
    -552.000      -0.010232       0.395184       5.407625
    -551.000      -0.004026       0.396918       5.133688
    -550.000       0.001889       0.398910       4.806603
    -549.000       0.007192       0.401106       4.436942
    -548.000       0.011462       0.403456       4.035080
    -547.000       0.014475       0.405896       3.616405
    -546.000       0.016286       0.408358       3.198622
    -545.000       0.016822       0.410785       2.795002
    -544.000       0.016261       0.413113       2.419557
    -543.000       0.014866       0.415283       2.083089
    -542.000       0.012833       0.417248       1.791306
    -541.000       0.010329       0.418965       1.547703
    -540.000       0.007730       0.420394       1.353832
    -539.000       0.005032       0.421511       1.207602
    -538.000       0.002402       0.422294       1.107478
    -537.000      -0.000039       0.422726       1.051556
    -536.000      -0.002360       0.422809       1.037134
    -535.000      -0.004603       0.422536       1.063856
    -534.000      -0.006583       0.421918       1.131603
    -533.000      -0.008589       0.420973       1.239598
    -532.000      -0.010384       0.419720       1.389025
    -531.000      -0.011968       0.418193       1.579641
    -530.000      -0.013248       0.416433       1.810037
    -529.000      -0.014095       0.414480       2.079013
    -528.000      -0.014226       0.412388       2.383586
    -527.000      -0.013635       0.410211       2.718738
    -526.000      -0.012074       0.408003       3.079895
    -525.000      -0.009454       0.405820       3.460338
    -524.000      -0.005894       0.403718       3.850975
    -523.000      -0.001451       0.401741       4.243344
    -522.000       0.003694       0.399940       4.625910
    -521.000       0.009011       0.398352       4.983942
    -520.000       0.014190       0.397006       5.304809
    -519.000       0.018739       0.395931       5.573290
    -518.000       0.022018       0.395145       5.773663
    -517.000       0.023718       0.394657       5.896382
    -516.000       0.023545       0.394471       5.934258
    -515.000       0.021143       0.394585       5.882836
    -514.000       0.016816       0.394985       5.750170
    -513.000       0.010657       0.395657       5.543665
    -512.000       0.003154       0.396574       5.278835
    -511.000      -0.005058       0.397706       4.973530
    -510.000      -0.013166       0.399019       4.646404
    -509.000      -0.020619       0.400475       4.312237
    -508.000      -0.026432       0.402033       3.987524
    -507.000      -0.030152       0.403653       3.680839
    -506.000      -0.031363       0.405296       3.399203
    -505.000      -0.029755       0.406922       3.146624
    -504.000      -0.025460       0.408501       2.923043
    -503.000      -0.018852       0.410003       2.726840
    -502.000      -0.010352       0.411399       2.556970
    -501.000      -0.000747       0.412672       2.410245
    -500.000       0.009023       0.413798       2.284551
    -499.000       0.018262       0.414763       2.179035
    -498.000       0.025972       0.415552       2.092250
    -497.000       0.031479       0.416152       2.023983
    -496.000       0.034298       0.416554       1.974695
    -495.000       0.034179       0.416752       1.944736
    -494.000       0.030944       0.416742       1.933972
    -493.000       0.025125       0.416526       1.943884
    -492.000       0.017060       0.416108       1.974304
    -491.000       0.007447       0.415496       2.025468
    -490.000      -0.002659       0.414704       2.099125
    -489.000      -0.012527       0.413747       2.195594
    -488.000      -0.021243       0.412643       2.316871
    -487.000      -0.027889       0.411410       2.465745
    -486.000      -0.032025       0.410075       2.643460
    -485.000      -0.033286       0.408661       2.851816
    -484.000      -0.031425       0.407198       3.092303
    -483.000      -0.026861       0.405714       3.362372
    -482.000      -0.019985       0.404243       3.658020
    -481.000      -0.011353       0.402815       3.973052
    -480.000      -0.001993       0.401472       4.293691
    -479.000       0.007289       0.400244       4.606075
    -478.000       0.015696       0.399170       4.893157
    -477.000       0.022311       0.398281       5.135167
    -476.000       0.026609       0.397609       5.315627
    -475.000       0.028387       0.397176       5.423220
    -474.000       0.027313       0.397004       5.447053
    -473.000       0.023801       0.397103       5.389038
    -472.000       0.018255       0.397481       5.253901
    -471.000       0.011197       0.398132       5.051499
    -470.000       0.003470       0.399046       4.797385
    -469.000      -0.004116       0.400202       4.507306
    -468.000      -0.010988       0.401576       4.194445
    -467.000      -0.016408       0.403132       3.873534
    -466.000      -0.019926       0.404833       3.554355
    -465.000      -0.021465       0.406637       3.243625
    -464.000      -0.020891       0.408494       2.947992
    -463.000      -0.018365       0.410358       2.671078
    -462.000      -0.014441       0.412175       2.415177
    -461.000      -0.009398       0.413895       2.184337
    -460.000      -0.003850       0.415471       1.980487
    -459.000       0.001560       0.416854       1.806433
    -458.000       0.006446       0.417999       1.665775
    -457.000       0.010377       0.418873       1.560222
    -456.000       0.012914       0.419444       1.491833
    -455.000       0.014109       0.419687       1.463139
    -454.000       0.013842       0.419594       1.474678
    -453.000       0.012212       0.419156       1.527830
    -452.000       0.009559       0.418377       1.624249
    -451.000       0.006227       0.417276       1.763983
    -450.000       0.002462       0.415869       1.947832
    -449.000      -0.001146       0.414189       2.176412
    -448.000      -0.004293       0.412276       2.448454
    -447.000      -0.006776       0.410171       2.762234
    -446.000      -0.008165       0.407926       3.115759
    -445.000      -0.008486       0.405606       3.502081
    -444.000      -0.007815       0.403265       3.914159
    -443.000      -0.006086       0.400974       4.341906
    -442.000      -0.003722       0.398805       4.769090
    -441.000      -0.001016       0.396817       5.179909
    -440.000       0.001772       0.395078       5.555451
    -439.000       0.004197       0.393648       5.874358
    -438.000       0.005886       0.392568       6.118621
    -437.000       0.006807       0.391880       6.274533
    -436.000       0.006628       0.391608       6.329610
    -435.000       0.005461       0.391760       6.282936
    -434.000       0.003479       0.392336       6.137666
    -433.000       0.000883       0.393320       5.902881
    -432.000      -0.002057       0.394679       5.593170
    -431.000      -0.004776       0.396377       5.226944
    -430.000      -0.007123       0.398367       4.819730
    -429.000      -0.008693       0.400584       4.390744
    -428.000      -0.009197       0.402976       3.954603
    -427.000      -0.008670       0.405475       3.523285
    -426.000      -0.007032       0.408012       3.108826
    -425.000      -0.004438       0.410527       2.718957
    -424.000      -0.001167       0.412956       2.360387
    -423.000       0.002401       0.415234       2.038794
    -422.000       0.006044       0.417316       1.757786
    -421.000       0.009153       0.419147       1.519751
    -420.000       0.011543       0.420688       1.326432
    -419.000       0.012886       0.421912       1.177157
    -418.000       0.012976       0.422792       1.071405
    -417.000       0.011730       0.423312       1.007883
    -416.000       0.009383       0.423473       0.984618
    -415.000       0.005879       0.423273       1.000683
    -414.000       0.001725       0.422726       1.055501
    -413.000      -0.002725       0.421848       1.148933
    -412.000      -0.007143       0.420661       1.281381
    -411.000      -0.010964       0.419194       1.453984
    -410.000      -0.013816       0.417481       1.667381
    -409.000      -0.015474       0.415557       1.922282
    -408.000      -0.015622       0.413464       2.218822
    -407.000      -0.014268       0.411247       2.555684
    -406.000      -0.011532       0.408948       2.930414
    -405.000      -0.007645       0.406622       3.336950
    -404.000      -0.002909       0.404319       3.767318
    -403.000       0.002017       0.402084       4.208878
    -402.000       0.006840       0.399970       4.648105
    -401.000       0.010923       0.398021       5.066466
    -400.000       0.013871       0.396273       5.447782
    -399.000       0.015375       0.394763       5.774928
    -398.000       0.015353       0.393519       6.035114
    -397.000       0.013662       0.392558       6.217881
    -396.000       0.010722       0.391897       6.321856
    -395.000       0.006713       0.391550       6.345254
    -394.000       0.002171       0.391513       6.295772
    -393.000      -0.002407       0.391791       6.180437
    -392.000      -0.006493       0.392377       6.009563
    -391.000      -0.009737       0.393259       5.791875
    -390.000      -0.011723       0.394422       5.537150
    -389.000      -0.012348       0.395845       5.251597
    -388.000      -0.011649       0.397496       4.941359
    -387.000      -0.009725       0.399346       4.611138
    -386.000      -0.006924       0.401359       4.264717
    -385.000      -0.003653       0.403491       3.907045
    -384.000      -0.000268       0.405703       3.543640
    -383.000       0.002761       0.407953       3.180241
    -382.000       0.005095       0.410193       2.824967
    -381.000       0.006557       0.412385       2.484928
    -380.000       0.006972       0.414488       2.167046
    -379.000       0.006413       0.416461       1.878452
    -378.000       0.005014       0.418268       1.623842
    -377.000       0.003065       0.419879       1.406367
    -376.000       0.000821       0.421255       1.228335
    -375.000      -0.001273       0.422368       1.090377
    -374.000      -0.002989       0.423195       0.991565
    -373.000      -0.004002       0.423706       0.932432
    -372.000      -0.004188       0.423886       0.912250
    -371.000      -0.003445       0.423720       0.931916
    -370.000      -0.001949       0.423199       0.993286
    -369.000       0.000255       0.422324       1.098911
    -368.000       0.002703       0.421106       1.251217
    -367.000       0.005202       0.419558       1.453900
    -366.000       0.007259       0.417712       1.707025
    -365.000       0.008606       0.415601       2.010391
    -364.000       0.008895       0.413264       2.360539
    -363.000       0.008029       0.410755       2.750622
    -362.000       0.005925       0.408130       3.170805
    -361.000       0.002727       0.405442       3.610818
    -360.000      -0.001271       0.402762       4.057446
    -359.000      -0.005666       0.400152       4.498748
    -358.000      -0.009995       0.397681       4.923396
    -357.000      -0.013645       0.395418       5.321667
    -356.000      -0.016195       0.393427       5.684491
    -355.000      -0.017168       0.391768       6.004803
    -354.000      -0.016341       0.390499       6.273231
    -353.000      -0.013620       0.389660       6.481852
    -352.000      -0.009231       0.389280       6.619741
    -351.000      -0.003428       0.389384       6.675870
    -350.000       0.003116       0.389964       6.639667
    -349.000       0.009848       0.391006       6.504633
    -348.000       0.015961       0.392485       6.265428
    -347.000       0.020893       0.394350       5.928614
    -346.000       0.023955       0.396545       5.504173
    -345.000       0.024895       0.399011       5.011337
    -344.000       0.023431       0.401667       4.474705
    -343.000       0.019702       0.404441       3.921076
    -342.000       0.013974       0.407257       3.376253
    -341.000       0.006731       0.410034       2.863967
    -340.000      -0.001378       0.412699       2.401526
    -339.000      -0.009682       0.415185       1.999714
    -338.000      -0.017354       0.417422       1.665382
    -337.000      -0.023827       0.419359       1.397939
    -336.000      -0.028416       0.420948       1.195176
    -335.000      -0.030721       0.422149       1.053219
    -334.000      -0.030518       0.422937       0.967195
    -333.000      -0.027775       0.423298       0.933712
    -332.000      -0.022587       0.423221       0.952069
    -331.000      -0.015497       0.422720       1.021808
    -330.000      -0.006873       0.421811       1.145704
    -329.000       0.002487       0.420520       1.326360
    -328.000       0.011823       0.418892       1.564993
    -327.000       0.020423       0.416972       1.861371
    -326.000       0.027487       0.414812       2.211186
    -325.000       0.032374       0.412482       2.603955
    -324.000       0.034669       0.410043       3.026348
    -323.000       0.034076       0.407561       3.460122
    -322.000       0.030546       0.405111       3.883850
    -321.000       0.024407       0.402756       4.279167
    -320.000       0.016074       0.400562       4.628169
    -319.000       0.006196       0.398592       4.917805
    -318.000      -0.004246       0.396899       5.143249
    -317.000      -0.014479       0.395526       5.302896
    -316.000      -0.023535       0.394512       5.400701
    -315.000      -0.030563       0.393874       5.445118
    -314.000      -0.034981       0.393627       5.442707
    -313.000      -0.036401       0.393767       5.400192
    -312.000      -0.034596       0.394276       5.323866
    -311.000      -0.029875       0.395128       5.214000
    -310.000      -0.022573       0.396289       5.071080
    -309.000      -0.013364       0.397712       4.894851
    -308.000      -0.003078       0.399351       4.683537
    -307.000       0.007359       0.401152       4.437720
    -306.000       0.017162       0.403062       4.161811
    -305.000       0.025411       0.405029       3.860780
    -304.000       0.031473       0.407003       3.543606
    -303.000       0.034969       0.408931       3.222286
    -302.000       0.035544       0.410772       2.906785
    -301.000       0.033279       0.412481       2.609043
    -300.000       0.028473       0.414024       2.338433
    -299.000       0.021442       0.415372       2.100942
    -298.000       0.012902       0.416498       1.901809
    -297.000       0.003550       0.417386       1.742988
    -296.000      -0.005889       0.418025       1.624599
    -295.000      -0.014685       0.418409       1.546033
    -294.000      -0.022065       0.418537       1.506539
    -293.000      -0.027640       0.418416       1.504533
    -292.000      -0.030944       0.418053       1.539864
    -291.000      -0.031772       0.417459       1.612516
    -290.000      -0.030232       0.416650       1.722605
    -289.000      -0.026492       0.415641       1.870759
    -288.000      -0.020826       0.414449       2.058014
    -287.000      -0.013944       0.413099       2.282789
    -286.000      -0.006265       0.411607       2.544733
    -285.000       0.001607       0.410002       2.840371
    -284.000       0.008900       0.408307       3.163709
    -283.000       0.015294       0.406555       3.508210
    -282.000       0.020296       0.404775       3.864307
    -281.000       0.023540       0.403006       4.219512
    -280.000       0.025034       0.401281       4.563582
    -279.000       0.024745       0.399639       4.884085
    -278.000       0.022731       0.398119       5.169151
    -277.000       0.019362       0.396758       5.410916
    -276.000       0.014976       0.395589       5.602935
    -275.000       0.009754       0.394645       5.738461
    -274.000       0.004324       0.393951       5.818604
    -273.000      -0.001134       0.393530       5.841025
    -272.000      -0.006316       0.393401       5.806524
    -271.000      -0.010874       0.393577       5.718103
    -270.000      -0.014666       0.394064       5.577670
    -269.000      -0.017671       0.394869       5.386505
    -268.000      -0.019574       0.395987       5.150758
    -267.000      -0.020508       0.397404       4.873168
    -266.000      -0.020436       0.399106       4.558604
    -265.000      -0.019225       0.401061       4.215494
    -264.000      -0.017023       0.403233       3.850356
    -263.000      -0.013882       0.405578       3.471490
    -262.000      -0.009796       0.408041       3.089262
    -261.000      -0.004947       0.410560       2.713061
    -260.000       0.000358       0.413081       2.350567
    -259.000       0.006147       0.415531       2.012746
    -258.000       0.011834       0.417848       1.705544
    -257.000       0.017207       0.419976       1.435186
    -256.000       0.021934       0.421854       1.206756
    -255.000       0.025546       0.423428       1.022809
    -254.000       0.027675       0.424662       0.883532
    -253.000       0.028203       0.425509       0.790059
    -252.000       0.026708       0.425945       0.740817
    -251.000       0.023259       0.425948       0.735643
    -250.000       0.017939       0.425501       0.775514
    -249.000       0.010897       0.424606       0.861547
    -248.000       0.002545       0.423273       0.995982
    -247.000      -0.006470       0.421512       1.182456
    -246.000      -0.015656       0.419359       1.422464
    -245.000      -0.024208       0.416855       1.718088
    -244.000      -0.031326       0.414046       2.071947
    -243.000      -0.036412       0.411000       2.484110
    -242.000      -0.038892       0.407791       2.955079
    -241.000      -0.038187       0.404493       3.486146
    -240.000      -0.034419       0.401200       4.071671
    -239.000      -0.027488       0.398002       4.705949
    -238.000      -0.017867       0.394987       5.375919
    -237.000      -0.006334       0.392253       6.056756
    -236.000       0.006200       0.389880       6.717998
    -235.000       0.018773       0.387940       7.322216
    -234.000       0.029958       0.386505       7.819043
    -233.000       0.038888       0.385617       8.169043
    -232.000       0.044625       0.385302       8.337202
    -231.000       0.046419       0.385583       8.297803
    -230.000       0.044133       0.386442       8.054112
    -229.000       0.037976       0.387854       7.625673
    -228.000       0.028210       0.389779       7.043400
    -227.000       0.015970       0.392148       6.360643
    -226.000       0.002231       0.394887       5.625094
    -225.000      -0.011904       0.397918       4.880619
    -224.000      -0.025026       0.401142       4.167951
    -223.000      -0.036102       0.404469       3.511154
    -222.000      -0.044317       0.407813       2.923908
    -221.000      -0.048837       0.411078       2.414334
    -220.000      -0.049445       0.414186       1.980688
    -219.000      -0.046193       0.417071       1.618113
    -218.000      -0.039220       0.419659       1.322648
    -217.000      -0.029232       0.421904       1.087284
    -216.000      -0.017067       0.423762       0.906579
    -215.000      -0.003570       0.425197       0.776938
    -214.000       0.010164       0.426189       0.694236
    -213.000       0.022963       0.426730       0.655802
    -212.000       0.034120       0.426813       0.661476
    -211.000       0.042547       0.426453       0.710800
    -210.000       0.047741       0.425668       0.805000
    -209.000       0.049331       0.424482       0.945729
    -208.000       0.047183       0.422937       1.131683
    -207.000       0.041382       0.421074       1.360304
    -206.000       0.032589       0.418940       1.627153
    -205.000       0.021254       0.416595       1.923636
    -204.000       0.008388       0.414094       2.242369
    -203.000      -0.005026       0.411493       2.576277
    -202.000      -0.017931       0.408860       2.918330
    -201.000      -0.029393       0.406252       3.265105
    -200.000      -0.038336       0.403725       3.616303
    -199.000      -0.044210       0.401336       3.970721
    -198.000      -0.046524       0.399136       4.328856
    -197.000      -0.045004       0.397163       4.691461
    -196.000      -0.039944       0.395460       5.052722
    -195.000      -0.031768       0.394053       5.405732
    -194.000      -0.021055       0.392963       5.740012
    -193.000      -0.008903       0.392205       6.037415
    -192.000       0.003778       0.391784       6.281059
    -191.000       0.015948       0.391696       6.452768
    -190.000       0.026580       0.391935       6.535538
    -189.000       0.034801       0.392484       6.517537
    -188.000       0.040202       0.393322       6.398105
    -187.000       0.042152       0.394425       6.176613
    -186.000       0.040795       0.395764       5.867963
    -185.000       0.036310       0.397307       5.489302
    -184.000       0.029083       0.399021       5.060821
    -183.000       0.019796       0.400871       4.605220
    -182.000       0.009381       0.402821       4.145281
    -181.000      -0.001567       0.404836       3.696006
    -180.000      -0.011978       0.406877       3.273637
    -179.000      -0.021144       0.408908       2.886967
    -178.000      -0.028546       0.410892       2.540892
    -177.000      -0.033549       0.412792       2.238569
    -176.000      -0.035988       0.414569       1.980153
    -175.000      -0.035816       0.416191       1.763790
    -174.000      -0.033139       0.417621       1.588184
    -173.000      -0.028214       0.418830       1.451432
    -172.000      -0.021642       0.419794       1.351405
    -171.000      -0.013777       0.420490       1.287438
    -170.000      -0.005321       0.420898       1.259210
    -169.000       0.003143       0.421012       1.266514
    -168.000       0.011102       0.420822       1.310636
    -167.000       0.018081       0.420325       1.393042
    -166.000       0.023578       0.419526       1.514553
    -165.000       0.027481       0.418434       1.676976
    -164.000       0.029517       0.417061       1.880647
    -163.000       0.029646       0.415433       2.124066
    -162.000       0.028010       0.413573       2.405513
    -161.000       0.024708       0.411517       2.720602
    -160.000       0.019977       0.409309       3.062278
    -159.000       0.014181       0.406997       3.423577
    -158.000       0.007615       0.404636       3.794307
    -157.000       0.000653       0.402290       4.164060
    -156.000      -0.006277       0.400023       4.522626
    -155.000      -0.012798       0.397901       4.859177
    -154.000      -0.018607       0.395997       5.162533
    -153.000      -0.023237       0.394366       5.426291
    -152.000      -0.026504       0.393073       5.640590
    -151.000      -0.028129       0.392163       5.799636
    -150.000      -0.027948       0.391670       5.899039
    -149.000      -0.025927       0.391619       5.933980
    -148.000      -0.022140       0.392020       5.900461
    -147.000      -0.016697       0.392859       5.798345
    -146.000      -0.009953       0.394122       5.624903
    -145.000      -0.002279       0.395771       5.382313
    -144.000       0.005839       0.397756       5.074861
    -143.000       0.013872       0.400026       4.709322
    -142.000       0.021179       0.402514       4.296299
    -141.000       0.027299       0.405144       3.851961
    -140.000       0.031682       0.407850       3.391645
    -139.000       0.033923       0.410549       2.934954
    -138.000       0.033823       0.413162       2.500599
    -137.000       0.031242       0.415622       2.103357
    -136.000       0.026254       0.417852       1.756346
    -135.000       0.019217       0.419790       1.467629
    -134.000       0.010443       0.421384       1.239378
    -133.000       0.000619       0.422583       1.072294
    -132.000      -0.009605       0.423356       0.963319
    -131.000      -0.019454       0.423683       0.908900
    -130.000      -0.028188       0.423548       0.907233
    -129.000      -0.035030       0.422956       0.957394
    -128.000      -0.039442       0.421922       1.060716
    -127.000      -0.040942       0.420467       1.221375
    -126.000      -0.039274       0.418631       1.444286
    -125.000      -0.034514       0.416464       1.734344
    -124.000      -0.026880       0.414014       2.097189
    -123.000      -0.016901       0.411355       2.533580
    -122.000      -0.005352       0.408558       3.040427
    -121.000       0.006873       0.405698       3.608157
    -120.000       0.018751       0.402861       4.217514
    -119.000       0.029223       0.400130       4.841026
    -118.000       0.037378       0.397578       5.445757
    -117.000       0.042419       0.395291       5.991563
    -116.000       0.043845       0.393330       6.442371
    -115.000       0.041499       0.391752       6.768569
    -114.000       0.035501       0.390609       6.948968
    -113.000       0.026454       0.389928       6.980722
    -112.000       0.015061       0.389723       6.871697
    -111.000       0.002467       0.390002       6.642231
    -110.000      -0.010274       0.390745       6.319587
    -109.000      -0.021970       0.391923       5.933920
    -108.000      -0.031654       0.393500       5.510614
    -107.000      -0.038444       0.395420       5.073118
    -106.000      -0.041907       0.397622       4.636207
    -105.000      -0.041776       0.400045       4.209805
    -104.000      -0.038162       0.402617       3.799569
    -103.000      -0.031554       0.405267       3.407480
    -102.000      -0.022512       0.407930       3.035268
    -101.000      -0.011890       0.410536       2.685186
    -100.000      -0.000650       0.413027       2.359084
     -99.000       0.010357       0.415346       2.060833
     -98.000       0.020276       0.417442       1.794947
     -97.000       0.028256       0.419275       1.564469
     -96.000       0.033950       0.420814       1.372676
     -95.000       0.036824       0.422029       1.221481
     -94.000       0.036876       0.422907       1.110915
     -93.000       0.034174       0.423437       1.040293
     -92.000       0.029036       0.423616       1.008611
     -91.000       0.021885       0.423447       1.014380
     -90.000       0.013422       0.422944       1.056496
     -89.000       0.004219       0.422116       1.134924
     -88.000      -0.004962       0.420989       1.249124
     -87.000      -0.013456       0.419586       1.399797
     -86.000      -0.020660       0.417934       1.588123
     -85.000      -0.026138       0.416068       1.814726
     -84.000      -0.029446       0.414026       2.081086
     -83.000      -0.030527       0.411843       2.387965
     -82.000      -0.029319       0.409563       2.735050
     -81.000      -0.025989       0.407229       3.120697
     -80.000      -0.020866       0.404882       3.541654
     -79.000      -0.014435       0.402568       3.990316
     -78.000      -0.007119       0.400331       4.457623
     -77.000       0.000386       0.398211       4.929478
     -76.000       0.007594       0.396251       5.389884
     -75.000       0.013932       0.394494       5.819372
     -74.000       0.018993       0.392974       6.199583
     -73.000       0.022350       0.391730       6.509761
     -72.000       0.023982       0.390792       6.736710
     -71.000       0.023659       0.390186       6.866549
     -70.000       0.021594       0.389932       6.894823
     -69.000       0.018031       0.390046       6.821424
     -68.000       0.013261       0.390526       6.652838
     -67.000       0.007697       0.391374       6.398369
     -66.000       0.001923       0.392575       6.073940
     -65.000      -0.003805       0.394106       5.692906
     -64.000      -0.008916       0.395941       5.272165
     -63.000      -0.013117       0.398044       4.825470
     -62.000      -0.016199       0.400368       4.366373
     -61.000      -0.018015       0.402868       3.905523
     -60.000      -0.018438       0.405491       3.453220
     -59.000      -0.017684       0.408178       3.017300
     -58.000      -0.015823       0.410873       2.604985
     -57.000      -0.012989       0.413520       2.222713
     -56.000      -0.009617       0.416056       1.875822
     -55.000      -0.005809       0.418427       1.568934
     -54.000      -0.001846       0.420580       1.305214
     -53.000       0.001931       0.422461       1.086934
     -52.000       0.005416       0.424028       0.914533
     -51.000       0.008504       0.425238       0.787820
     -50.000       0.010842       0.426058       0.705430
     -49.000       0.012643       0.426465       0.666370
     -48.000       0.013680       0.426440       0.670284
     -47.000       0.013979       0.425972       0.718745
     -46.000       0.013573       0.425073       0.813581
     -45.000       0.012566       0.423749       0.959159
     -44.000       0.010816       0.422025       1.158610
     -43.000       0.008626       0.419940       1.414535
     -42.000       0.005946       0.417532       1.727775
     -41.000       0.002863       0.414853       2.096433
     -40.000      -0.000398       0.411970       2.515169
     -39.000      -0.003722       0.408943       2.977486
     -38.000      -0.007044       0.405849       3.471639
     -37.000      -0.009970       0.402768       3.986191
     -36.000      -0.012452       0.399776       4.507076
     -35.000      -0.014281       0.396955       5.018606
     -34.000      -0.015164       0.394391       5.505564
     -33.000      -0.015053       0.392148       5.953211
     -32.000      -0.013914       0.390297       6.344671
     -31.000      -0.011574       0.388898       6.666771
     -30.000      -0.008302       0.387985       6.905319
     -29.000      -0.004237       0.387589       7.047588
     -28.000       0.000386       0.387721       7.084477
     -27.000       0.005200       0.388368       7.011186
     -26.000       0.009664       0.389510       6.823276
     -25.000       0.013672       0.391108       6.529698
     -24.000       0.016555       0.393101       6.139026
     -23.000       0.018185       0.395433       5.668650
     -22.000       0.018394       0.398027       5.141521
     -21.000       0.017038       0.400800       4.582554
     -20.000       0.014191       0.403677       4.015938
     -19.000       0.010214       0.406577       3.466860
     -18.000       0.005234       0.409413       2.954655
     -17.000      -0.000241       0.412123       2.493284
     -16.000      -0.005689       0.414634       2.093130
     -15.000      -0.010779       0.416887       1.758081
     -14.000      -0.015001       0.418835       1.488168
     -13.000      -0.017942       0.420436       1.281114
     -12.000      -0.019440       0.421658       1.132984
     -11.000      -0.019374       0.422486       1.038663
     -10.000      -0.017566       0.422906       0.995472
      -9.000      -0.014453       0.422918       1.000411
      -8.000      -0.010122       0.422536       1.052560
      -7.000      -0.004952       0.421777       1.152492
      -6.000       0.000461       0.420667       1.300682
      -5.000       0.005727       0.419247       1.496805
      -4.000       0.010453       0.417555       1.740585
      -3.000       0.014018       0.415639       2.027407
      -2.000       0.016308       0.413555       2.351357
      -1.000       0.017116       0.411353       2.704040
       0.000       0.016280       0.409093       3.073366
