   -2600.000       0.031995       0.398170     377.190771
   -2599.000       0.024944       0.400817     382.273452
   -2598.000       0.015976       0.403593     388.873068
   -2597.000       0.005774       0.406417     396.487125
   -2596.000      -0.004745       0.409207     404.425530
   -2595.000      -0.014662       0.411893     411.953091
   -2594.000      -0.023398       0.414401     418.606463
   -2593.000      -0.030163       0.416662     423.720800
   -2592.000      -0.034468       0.418628     426.879796
   -2591.000      -0.036212       0.420242     427.999071
   -2590.000      -0.035158       0.421468     426.877314
   -2589.000      -0.031497       0.422282     423.689031
   -2588.000      -0.025661       0.422662     418.821190
   -2587.000      -0.018000       0.422602     412.582099
   -2586.000      -0.009135       0.422112     405.495751
   -2585.000       0.000139       0.421203     398.224980
   -2584.000       0.009303       0.419906     391.165246
   -2583.000       0.017612       0.418259     384.897159
   -2582.000       0.024432       0.416306     379.881817
   -2581.000       0.029356       0.414106     376.404181
   -2580.000       0.032067       0.411721     374.679506
   -2579.000       0.032271       0.409215     374.910365
   -2578.000       0.030129       0.406661     376.971300
   -2577.000       0.025815       0.404132     380.729148
   -2576.000       0.019533       0.401695     386.035609
   -2575.000       0.012007       0.399425     392.344811
   -2574.000       0.003711       0.397385     399.288506
   -2573.000      -0.004771       0.395628     406.395148
   -2572.000      -0.012633       0.394208     413.008496
   -2571.000      -0.019358       0.393165     418.676919
   -2570.000      -0.024547       0.392518     423.048622
   -2569.000      -0.027616       0.392286     425.609995
   -2568.000      -0.028572       0.392465     426.356603
   -2567.000      -0.027350       0.393038     425.230051
   -2566.000      -0.024020       0.393981     422.297641
   -2565.000      -0.018951       0.395254     417.891621
   -2564.000      -0.012671       0.396805     412.479969
   -2563.000      -0.005456       0.398588     406.304965
   -2562.000       0.001921       0.400538     400.025773
   -2561.000       0.008965       0.402598     394.042821
   -2560.000       0.015282       0.404709     388.675177
   -2559.000       0.020296       0.406813     384.369059
   -2558.000       0.023713       0.408854     381.345458
   -2557.000       0.025464       0.410786     379.651817
   -2556.000       0.025279       0.412561     379.490539
   -2555.000       0.023344       0.414143     380.724502
   -2554.000       0.019852       0.415502     383.213576
   -2553.000       0.015022       0.416610     386.799720
   -2552.000       0.009236       0.417452     391.200250
   -2551.000       0.003016       0.418016     396.019110
   -2550.000      -0.003337       0.418296     401.020308
   -2549.000      -0.009290       0.418292     405.783808
   -2548.000      -0.014423       0.418012     409.961537
   -2547.000      -0.018481       0.417463     413.338246
   -2546.000      -0.021190       0.416664     415.677389
   -2545.000      -0.022283       0.415633     416.745254
   -2544.000      -0.021939       0.414395     416.683885
   -2543.000      -0.020030       0.412977     415.376044
   -2542.000      -0.016797       0.411410     413.020248
   -2541.000      -0.012518       0.409725     409.843069
   -2540.000      -0.007490       0.407961     406.085107
   -2539.000      -0.002014       0.406149     401.985973
   -2538.000       0.003398       0.404328     397.961348
   -2537.000       0.008517       0.402534     394.176839
   -2536.000       0.012941       0.400802     390.948437
   -2535.000       0.016390       0.399167     388.483729
   -2534.000       0.018653       0.397665     386.936758
   -2533.000       0.019673       0.396328     386.345728
   -2532.000       0.019282       0.395184     386.833350
   -2531.000       0.017613       0.394263     388.296791
   -2530.000       0.014810       0.393587     390.623669
   -2529.000       0.010942       0.393178     393.760056
   -2528.000       0.006426       0.393050     397.384723
   -2527.000       0.001450       0.393215     401.347273
   -2526.000      -0.003618       0.393677     405.351954
   -2525.000      -0.008474       0.394437     409.157203
   -2524.000      -0.012702       0.395487     412.416306
   -2523.000      -0.016186       0.396812     415.031127
   -2522.000      -0.018496       0.398394     416.646512
   -2521.000      -0.019590       0.400204     417.227193
   -2520.000      -0.019310       0.402204     416.649002
   -2519.000      -0.017688       0.404358     414.948515
   -2518.000      -0.014722       0.406619     412.137576
   -2517.000      -0.010743       0.408935     408.511516
   -2516.000      -0.005813       0.411258     404.133018
   -2515.000      -0.000404       0.413535     399.407276
   -2514.000       0.005154       0.415707     394.613494
   -2513.000       0.010509       0.417731     390.033075
   -2512.000       0.015209       0.419551     386.032064
   -2511.000       0.018889       0.421120     382.892257
   -2510.000       0.021300       0.422398     380.802546
   -2509.000       0.022145       0.423344     379.990644
   -2508.000       0.021359       0.423924     380.509819
   -2507.000       0.018920       0.424116     382.383872
   -2506.000       0.015003       0.423899     385.487944
   -2505.000       0.009772       0.423263     389.710926
   -2504.000       0.003737       0.422214     394.669927
   -2503.000      -0.002780       0.420756     400.116733
   -2502.000      -0.009166       0.418913     405.567010
   -2501.000      -0.014949       0.416719     410.634746
   -2500.000      -0.019558       0.414213     414.833574
   -2499.000      -0.022670       0.411446     417.880462
   -2498.000      -0.023809       0.408484     419.351969
   -2497.000      -0.023005       0.405391     419.255681
   -2496.000      -0.020107       0.402246     417.444718
   -2495.000      -0.015451       0.399134     414.186839
   -2494.000      -0.009349       0.396136     409.739249
   -2493.000      -0.002395       0.393340     404.581936
   -2492.000       0.004786       0.390835     399.213821
   -2491.000       0.011514       0.388693     394.178442
   -2490.000       0.017088       0.386990     390.010785
   -2489.000       0.021000       0.385785     387.095198
   -2488.000       0.022836       0.385118     385.741585
   -2487.000       0.022447       0.385019     386.056162
   -2486.000       0.019862       0.385500     388.016963
   -2485.000       0.015453       0.386542     391.339364
   -2484.000       0.009599       0.388122     395.740969
   -2483.000       0.003030       0.390195     400.657679
   -2482.000      -0.003649       0.392693     405.611440
   -2481.000      -0.009731       0.395543     410.043468
   -2480.000      -0.014695       0.398666     413.532589
   -2479.000      -0.018003       0.401965     415.636139
   -2478.000      -0.019553       0.405354     416.288586
   -2477.000      -0.019158       0.408739     415.345101
   -2476.000      -0.017006       0.412031     412.988450
   -2475.000      -0.013404       0.415152     409.493221
   -2474.000      -0.008732       0.418022     405.196794
   -2473.000      -0.003481       0.420573     400.522347
   -2472.000       0.001768       0.422755     395.941537
   -2471.000       0.006629       0.424517     391.770284
   -2470.000       0.010575       0.425821     388.423104
   -2469.000       0.013353       0.426652     386.086698
   -2468.000       0.014717       0.426991     384.948582
   -2467.000       0.014669       0.426841     385.001422
   -2466.000       0.013223       0.426216     386.231289
   -2465.000       0.010630       0.425135     388.442583
   -2464.000       0.007195       0.423633     391.399878
   -2463.000       0.003265       0.421758     394.828160
   -2462.000      -0.000743       0.419554     398.394441
   -2461.000      -0.004378       0.417082     401.724380
   -2460.000      -0.007408       0.414409     404.622215
   -2459.000      -0.009431       0.411599     406.741338
   -2458.000      -0.010364       0.408722     407.997058
   -2457.000      -0.010147       0.405857     408.319984
   -2456.000      -0.008850       0.403068     407.752484
   -2455.000      -0.006639       0.400425     406.418141
   -2454.000      -0.003884       0.397996     404.605772
   -2453.000      -0.000794       0.395831     402.479042
   -2452.000       0.002179       0.393983     400.396278
   -2451.000       0.004728       0.392489     398.595929
   -2450.000       0.006608       0.391372     397.272504
   -2449.000       0.007642       0.390652     396.560860
   -2448.000       0.007645       0.390331     396.608087
   -2447.000       0.006823       0.390400     397.252371
   -2446.000       0.005172       0.390846     398.499365
   -2445.000       0.002931       0.391640     400.165150
   -2444.000       0.000450       0.392749     401.973655
   -2443.000      -0.002076       0.394134     403.775336
   -2442.000      -0.004347       0.395751     405.335266
   -2441.000      -0.006059       0.397549     406.411480
   -2440.000      -0.007094       0.399485     406.916551
   -2439.000      -0.007395       0.401507     406.812470
   -2438.000      -0.006806       0.403569     405.981210
   -2437.000      -0.005534       0.405624     404.600680
   -2436.000      -0.003677       0.407634     402.760124
   -2435.000      -0.001367       0.409557     400.575510
   -2434.000       0.001092       0.411362     398.298825
   -2433.000       0.003430       0.413019     396.149880
   -2432.000       0.005571       0.414501     394.195145
   -2431.000       0.007121       0.415788     392.745126
   -2430.000       0.008008       0.416862     391.858523
   -2429.000       0.008228       0.417708     391.540075
   -2428.000       0.007579       0.418319     391.946925
   -2427.000       0.006239       0.418687     392.943296
   -2426.000       0.004313       0.418809     394.447120
   -2425.000       0.001925       0.418684     396.365912
   -2424.000      -0.000712       0.418314     398.529935
   -2423.000      -0.003259       0.417703     400.670947
   -2422.000      -0.005627       0.416860     402.716693
   -2421.000      -0.007517       0.415798     404.423493
   -2420.000      -0.008703       0.414530     405.602943
   -2419.000      -0.009197       0.413078     406.260915
   -2418.000      -0.008862       0.411466     406.278512
   -2417.000      -0.007678       0.409724     405.633006
   -2416.000      -0.005883       0.407885     404.511486
   -2415.000      -0.003546       0.405990     402.962303
   -2414.000      -0.000822       0.404076     401.107146
   -2413.000       0.001840       0.402190     399.295706
   -2412.000       0.004388       0.400375     397.565565
   -2411.000       0.006520       0.398676     396.147558
   -2410.000       0.007970       0.397140     395.245471
   -2409.000       0.008687       0.395809     394.892337
   -2408.000       0.008670       0.394721     395.084278
   -2407.000       0.007756       0.393918     395.942208
   -2406.000       0.006257       0.393428     397.218512
   -2405.000       0.004272       0.393277     398.829381
   -2404.000       0.001930       0.393483     400.670723
   -2403.000      -0.000384       0.394051     402.432555
   -2402.000      -0.002482       0.394976     403.963686
   -2401.000      -0.004306       0.396246     405.216968
   -2400.000      -0.005494       0.397829     405.902819
   -2399.000      -0.006124       0.399688     406.090160
   -2398.000      -0.006226       0.401778     405.809422
   -2397.000      -0.005744       0.404038     405.027102
   -2396.000      -0.004874       0.406408     403.911356
   -2395.000      -0.003844       0.408824     402.661074
   -2394.000      -0.002642       0.411213     401.276355
   -2393.000      -0.001547       0.413509     399.995635
   -2392.000      -0.000675       0.415651     398.920297
   -2391.000       0.000004       0.417572     398.038537
   -2390.000       0.000446       0.419219     397.393534
   -2389.000       0.000553       0.420546     397.072068
   -2388.000       0.000679       0.421507     396.800597
   -2387.000       0.000709       0.422074     396.675419
   -2386.000       0.000799       0.422224     396.577738
   -2385.000       0.001186       0.421940     396.323352
   -2384.000       0.001792       0.421225     395.972222
   -2383.000       0.002627       0.420082     395.515791
   -2382.000       0.003822       0.418532     394.846838
   -2381.000       0.005038       0.416611     394.225443
   -2380.000       0.006223       0.414360     393.684321
   -2379.000       0.007211       0.411832     393.346703
   -2378.000       0.007692       0.409101     393.442529
   -2377.000       0.007439       0.406236     394.141555
   -2376.000       0.006479       0.403321     395.411247
   -2375.000       0.004514       0.400445     397.476515
   -2374.000       0.001706       0.397691     400.203032
   -2373.000      -0.001742       0.395147     403.418665
   -2372.000      -0.005660       0.392896     406.981110
   -2371.000      -0.009631       0.391008     410.543675
   -2370.000      -0.013084       0.389546     413.626864
   -2369.000      -0.015758       0.388565     416.005446
   -2368.000      -0.017118       0.388095     417.227820
   -2367.000      -0.016803       0.388155     416.984200
   -2366.000      -0.014842       0.388751     415.306584
   -2365.000      -0.011113       0.389859     412.101129
   -2364.000      -0.005896       0.391446     407.623180
   -2363.000       0.000344       0.393465     402.275584
   -2362.000       0.007021       0.395845     396.557380
   -2361.000       0.013679       0.398517     390.851193
   -2360.000       0.019322       0.401395     385.951902
   -2359.000       0.023613       0.404391     382.126048
   -2358.000       0.025974       0.407425     379.818338
   -2357.000       0.025997       0.410410     379.341090
   -2356.000       0.023650       0.413262     380.728831
   -2355.000       0.019118       0.415920     383.859236
   -2354.000       0.012485       0.418313     388.685851
   -2353.000       0.004536       0.420387     394.639769
   -2352.000      -0.004196       0.422103     401.319687
   -2351.000      -0.013024       0.423425     408.198237
   -2350.000      -0.021020       0.424326     414.535017
   -2349.000      -0.027504       0.424800     419.759192
   -2348.000      -0.031964       0.424839     423.439944
   -2347.000      -0.033748       0.424450     425.011183
   -2346.000      -0.032719       0.423654     424.348256
   -2345.000      -0.028911       0.422473     421.480126
   -2344.000      -0.022464       0.420940     416.528180
   -2343.000      -0.013874       0.419102     409.919522
   -2342.000      -0.003999       0.417000     402.374067
   -2341.000       0.006627       0.414689     394.325370
   -2340.000       0.016816       0.412231     386.713255
   -2339.000       0.025771       0.409677     380.142236
   -2338.000       0.032677       0.407089     375.207438
   -2337.000       0.036859       0.404531     372.395481
   -2336.000       0.037775       0.402052     372.090094
   -2335.000       0.035501       0.399707     374.237548
   -2334.000       0.029978       0.397548     378.889357
   -2333.000       0.021761       0.395611     385.654585
   -2332.000       0.011588       0.393937     394.000577
   -2331.000       0.000319       0.392557     403.272213
   -2330.000      -0.011066       0.391490     412.693809
   -2329.000      -0.021417       0.390753     421.318146
   -2328.000      -0.029901       0.390359     428.414109
   -2327.000      -0.035787       0.390301     433.334594
   -2326.000      -0.038414       0.390577     435.478827
   -2325.000      -0.037751       0.391172     434.812643
   -2324.000      -0.033802       0.392064     431.345845
   -2323.000      -0.026953       0.393231     425.432190
   -2322.000      -0.017871       0.394647     417.688662
   -2321.000      -0.007425       0.396276     408.872452
   -2320.000       0.003603       0.398090     399.654092
   -2319.000       0.014121       0.400056     390.926682
   -2318.000       0.023320       0.402137     383.316444
   -2317.000       0.030518       0.404298     377.326885
   -2316.000       0.035100       0.406506     373.402847
   -2315.000       0.036755       0.408719     371.752868
   -2314.000       0.035566       0.410900     372.308325
   -2313.000       0.031510       0.413013     375.082271
   -2312.000       0.025129       0.415016     379.691935
   -2311.000       0.016986       0.416875     385.731654
   -2310.000       0.007663       0.418556     392.770362
   -2309.000      -0.002033       0.420024     400.204011
   -2308.000      -0.011279       0.421250     407.383110
   -2307.000      -0.019588       0.422211     413.904551
   -2306.000      -0.026176       0.422879     419.123668
   -2305.000      -0.030709       0.423240     422.744245
   -2304.000      -0.032910       0.423280     424.520541
   -2303.000      -0.032673       0.422984     424.360084
   -2302.000      -0.030037       0.422351     422.290613
   -2301.000      -0.025398       0.421383     418.656640
   -2300.000      -0.019004       0.420081     413.669225
   -2299.000      -0.011425       0.418465     407.806590
   -2298.000      -0.003289       0.416554     401.593637
   -2297.000       0.004887       0.414375     395.431271
   -2296.000       0.012495       0.411971     389.797358
   -2295.000       0.018917       0.409389     385.156388
   -2294.000       0.023858       0.406681     381.713463
   -2293.000       0.026904       0.403916     379.764666
   -2292.000       0.027920       0.401163     379.397547
   -2291.000       0.026910       0.398490     380.596942
   -2290.000       0.024025       0.395982     383.242545
   -2289.000       0.019468       0.393706     387.176264
   -2288.000       0.013740       0.391729     392.017314
   -2287.000       0.007223       0.390121     397.460262
   -2286.000       0.000436       0.388928     403.091590
   -2285.000      -0.006122       0.388188     408.504929
   -2284.000      -0.011979       0.387934     413.302588
   -2283.000      -0.016859       0.388173     417.239654
   -2282.000      -0.020377       0.388903     419.992468
   -2281.000      -0.022484       0.390111     421.506438
   -2280.000      -0.023098       0.391764     421.713794
   -2279.000      -0.022256       0.393815     420.652116
   -2278.000      -0.020136       0.396213     418.482194
   -2277.000      -0.016882       0.398884     415.345820
   -2276.000      -0.012773       0.401753     411.491098
   -2275.000      -0.007976       0.404739     407.083139
   -2274.000      -0.002828       0.407752     402.416586
   -2273.000       0.002505       0.410703     397.641139
   -2272.000       0.007745       0.413517     392.998327
   -2271.000       0.012672       0.416107     388.673146
   -2270.000       0.017047       0.418406     384.853677
   -2269.000       0.020696       0.420361     381.685827
   -2268.000       0.023324       0.421916     379.393278
   -2267.000       0.024822       0.423040     378.060757
   -2266.000       0.024979       0.423713     377.848817
   -2265.000       0.023653       0.423918     378.867177
   -2264.000       0.020844       0.423664     381.126801
   -2263.000       0.016505       0.422964     384.664144
   -2262.000       0.010823       0.421837     389.354893
   -2261.000       0.003980       0.420323     395.070256
   -2260.000      -0.003617       0.418466     401.493233
   -2259.000      -0.011564       0.416314     408.311872
   -2258.000      -0.019246       0.413933     415.024198
   -2257.000      -0.026076       0.411390     421.123293
   -2256.000      -0.031468       0.408752     426.106519
   -2255.000      -0.034764       0.406102     429.381906
   -2254.000      -0.035580       0.403515     430.596850
   -2253.000      -0.033571       0.401067     429.436200
   -2252.000      -0.028685       0.398833     425.847670
   -2251.000      -0.021097       0.396875     420.000955
   -2250.000      -0.011297       0.395249     412.319021
   -2249.000       0.000054       0.394002     403.386988
   -2248.000       0.011971       0.393158     394.032279
   -2247.000       0.023475       0.392731     385.038613
   -2246.000       0.033439       0.392724     377.280024
   -2245.000       0.040949       0.393120     371.440357
   -2244.000       0.045139       0.393890     368.139291
   -2243.000       0.045548       0.395002     367.710817
   -2242.000       0.041989       0.396405     370.295887
   -2241.000       0.034636       0.398050     375.798091
   -2240.000       0.024054       0.399879     383.839672
   -2239.000       0.011108       0.401831     393.817937
   -2238.000      -0.003142       0.403848     404.951866
   -2237.000      -0.017446       0.405873     416.277294
   -2236.000      -0.030564       0.407846     426.759112
   -2235.000      -0.041347       0.409719     435.433676
   -2234.000      -0.048874       0.411446     441.463432
   -2233.000      -0.052342       0.412987     444.123149
   -2232.000      -0.051579       0.414315     443.260079
   -2231.000      -0.046475       0.415408     438.786463
   -2230.000      -0.037445       0.416248     431.114858
   -2229.000      -0.025285       0.416833     420.977755
   -2228.000      -0.010925       0.417157     409.226065
   -2227.000       0.004467       0.417225     396.863245
   -2226.000       0.019456       0.417050     385.034828
   -2225.000       0.032985       0.416640     374.556779
   -2224.000       0.043785       0.416014     366.340848
   -2223.000       0.050940       0.415192     361.001242
   -2222.000       0.053947       0.414196     358.869861
   -2221.000       0.052475       0.413047     360.157724
   -2220.000       0.046642       0.411775     364.792545
   -2219.000       0.037051       0.410404     372.374572
   -2218.000       0.024437       0.408964     382.405221
   -2217.000       0.009908       0.407480     394.113017
   -2216.000      -0.005246       0.405979     406.495223
   -2215.000      -0.019761       0.404487     418.552877
   -2214.000      -0.032488       0.403031     429.297701
   -2213.000      -0.042190       0.401634     437.618145
   -2212.000      -0.048277       0.400321     442.948069
   -2211.000      -0.050185       0.399113     444.743940
   -2210.000      -0.047848       0.398034     442.920405
   -2209.000      -0.041558       0.397104     437.739748
   -2208.000      -0.031981       0.396345     429.813966
   -2207.000      -0.019926       0.395779     419.881237
   -2206.000      -0.006566       0.395422     408.965235
   -2205.000       0.006931       0.395291     398.040170
   -2204.000       0.019503       0.395400     387.962522
   -2203.000       0.030027       0.395757     379.572972
   -2202.000       0.037734       0.396365     373.418274
   -2201.000       0.042119       0.397222     369.842744
   -2200.000       0.042965       0.398318     368.971887
   -2199.000       0.040243       0.399639     370.813579
   -2198.000       0.034592       0.401163     374.905118
   -2197.000       0.026333       0.402862     381.018740
   -2196.000       0.016463       0.404708     388.426529
   -2195.000       0.005776       0.406664     396.527468
   -2194.000      -0.004845       0.408688     404.639439
   -2193.000      -0.014643       0.410744     412.151680
   -2192.000      -0.022775       0.412782     418.357469
   -2191.000      -0.028926       0.414756     422.989863
   -2190.000      -0.032672       0.416616     425.678351
   -2189.000      -0.033860       0.418313     426.287739
   -2188.000      -0.032677       0.419796     424.987624
   -2187.000      -0.029319       0.421021     421.955405
   -2186.000      -0.024071       0.421941     417.448467
   -2185.000      -0.017593       0.422524     412.038533
   -2184.000      -0.010267       0.422743     406.049456
   -2183.000      -0.002609       0.422578     399.913354
   -2182.000       0.004726       0.422020     394.148307
   -2181.000       0.011394       0.421076     389.018041
   -2180.000       0.017087       0.419752     384.752138
   -2179.000       0.021274       0.418074     381.736450
   -2178.000       0.024066       0.416075     379.873990
   -2177.000       0.025214       0.413788     379.339181
   -2176.000       0.024769       0.411266     380.081340
   -2175.000       0.022856       0.408565     382.001016
   -2174.000       0.019777       0.405742     384.862603
   -2173.000       0.015511       0.402870     388.677811
   -2172.000       0.010642       0.400024     392.991162
   -2171.000       0.005310       0.397276     397.684097
   -2170.000      -0.000207       0.394714     402.527228
   -2169.000      -0.005499       0.392414     407.175898
   -2168.000      -0.010339       0.390448     411.430359
   -2167.000      -0.014599       0.388889     415.168240
   -2166.000      -0.017887       0.387792     418.047237
   -2165.000      -0.020169       0.387193     420.024582
   -2164.000      -0.021387       0.387124     421.044581
   -2163.000      -0.021280       0.387585     420.879566
   -2162.000      -0.020008       0.388560     419.672413
   -2161.000      -0.017559       0.390021     417.419436
   -2160.000      -0.013969       0.391918     414.167320
   -2159.000      -0.009387       0.394184     410.061608
   -2158.000      -0.004161       0.396758     405.407249
   -2157.000       0.001695       0.399556     400.241863
   -2156.000       0.007671       0.402497     394.992153
   -2155.000       0.013435       0.405510     389.936220
   -2154.000       0.018748       0.408510     385.275269
   -2153.000       0.023097       0.411421     381.411974
   -2152.000       0.026104       0.414181     378.635815
   -2151.000       0.027662       0.416717     377.036369
   -2150.000       0.027315       0.418972     376.957533
   -2149.000       0.025083       0.420904     378.396377
   -2148.000       0.020990       0.422464     381.348444
   -2147.000       0.015144       0.423625     385.751704
   -2146.000       0.007802       0.424371     391.430677
   -2145.000      -0.000417       0.424691     397.925965
   -2144.000      -0.009184       0.424589     404.991245
   -2143.000      -0.017731       0.424086     412.018546
   -2142.000      -0.025368       0.423197     418.437467
   -2141.000      -0.031486       0.421962     423.727239
   -2140.000      -0.035543       0.420419     427.413273
   -2139.000      -0.036860       0.418609     428.890563
   -2138.000      -0.035420       0.416582     428.134618
   -2137.000      -0.031023       0.414395     424.964503
   -2136.000      -0.023817       0.412092     419.509470
   -2135.000      -0.014424       0.409734     412.318061
   -2134.000      -0.003426       0.407372     403.878468
   -2133.000       0.008358       0.405060     394.879760
   -2132.000       0.019726       0.402849     386.279086
   -2131.000       0.029799       0.400791     378.744575
   -2130.000       0.037612       0.398922     372.996438
   -2129.000       0.042240       0.397284     369.698253
   -2128.000       0.043220       0.395905     369.178391
   -2127.000       0.040476       0.394804     371.498651
   -2126.000       0.033857       0.393999     376.783026
   -2125.000       0.024186       0.393493     384.465707
   -2124.000       0.012213       0.393282     394.010269
   -2123.000      -0.001097       0.393358     404.700636
   -2122.000      -0.014345       0.393705     415.433380
   -2121.000      -0.026322       0.394304     425.202869
   -2120.000      -0.036079       0.395134     433.181471
   -2119.000      -0.042451       0.396168     438.335790
   -2118.000      -0.045009       0.397377     440.259985
   -2117.000      -0.043564       0.398735     438.788810
   -2116.000      -0.038142       0.400211     433.955409
   -2115.000      -0.029406       0.401774     426.384859
   -2114.000      -0.018181       0.403394     416.831349
   -2113.000      -0.005494       0.405041     406.198241
   -2112.000       0.007519       0.406684     395.448717
   -2111.000       0.019498       0.408292     385.663444
   -2110.000       0.029650       0.409840     377.438029
   -2109.000       0.036917       0.411302     371.535506
   -2108.000       0.040785       0.412656     368.305188
   -2107.000       0.041066       0.413883     367.856314
   -2106.000       0.037801       0.414962     370.153076
   -2105.000       0.031332       0.415878     374.952501
   -2104.000       0.022489       0.416617     381.665357
   -2103.000       0.012013       0.417161     389.753169
   -2102.000       0.000880       0.417502     398.475892
   -2101.000      -0.009801       0.417625     406.974716
   -2100.000      -0.019226       0.417522     414.574632
   -2099.000      -0.026608       0.417190     420.612224
   -2098.000      -0.031334       0.416630     424.546733
   -2097.000      -0.033154       0.415845     426.140463
   -2096.000      -0.032122       0.414851     425.426138
   -2095.000      -0.028320       0.413664     422.461652
   -2094.000      -0.022355       0.412307     417.772563
   -2093.000      -0.014904       0.410811     411.925204
   -2092.000      -0.006533       0.409206     405.389210
   -2091.000       0.001719       0.407528     399.012279
   -2090.000       0.009243       0.405818     393.265280
   -2089.000       0.015410       0.404113     388.622845
   -2088.000       0.019693       0.402455     385.480781
   -2087.000       0.021821       0.400889     384.022169
   -2086.000       0.021905       0.399455     384.152339
   -2085.000       0.019927       0.398195     385.874326
   -2084.000       0.016372       0.397150     388.813857
   -2083.000       0.011762       0.396355     392.565598
   -2082.000       0.006550       0.395837     396.770115
   -2081.000       0.001369       0.395621     400.925882
   -2080.000      -0.003203       0.395718     404.561502
   -2079.000      -0.006930       0.396131     407.476122
   -2078.000      -0.009428       0.396852     409.352749
   -2077.000      -0.010607       0.397858     410.112745
   -2076.000      -0.010659       0.399123     409.917611
   -2075.000      -0.009639       0.400610     408.814720
   -2074.000      -0.007881       0.402270     407.088817
   -2073.000      -0.005791       0.404057     405.080338
   -2072.000      -0.003602       0.405919     402.984385
   -2071.000      -0.001655       0.407800     401.086841
   -2070.000      -0.000185       0.409648     399.582072
   -2069.000       0.000698       0.411414     398.564701
   -2068.000       0.001021       0.413046     398.018313
   -2067.000       0.000741       0.414503     397.983717
   -2066.000       0.000118       0.415744     398.260947
   -2065.000      -0.000686       0.416731     398.727795
   -2064.000      -0.001487       0.417440     399.243367
   -2063.000      -0.002007       0.417844     399.588960
   -2062.000      -0.002074       0.417929     399.631867
   -2061.000      -0.001646       0.417693     399.338344
   -2060.000      -0.000589       0.417136     398.600081
   -2059.000       0.001008       0.416270     397.488879
   -2058.000       0.002969       0.415125     396.138849
   -2057.000       0.005159       0.413727     394.652646
   -2056.000       0.007279       0.412119     393.259696
   -2055.000       0.009008       0.410349     392.204924
   -2054.000       0.010147       0.408464     391.636015
   -2053.000       0.010402       0.406522     391.775483
   -2052.000       0.009615       0.404577     392.740271
   -2051.000       0.007752       0.402681     394.552437
   -2050.000       0.004896       0.400891     397.145185
   -2049.000       0.001145       0.399258     400.434910
   -2048.000      -0.003050       0.397825     404.066966
   -2047.000      -0.007440       0.396637     407.831136
   -2046.000      -0.011484       0.395730     411.283878
   -2045.000      -0.014772       0.395126     414.084093
   -2044.000      -0.016888       0.394848     415.877127
   -2043.000      -0.017542       0.394902     416.419560
   -2042.000      -0.016558       0.395284     415.563856
   -2041.000      -0.013916       0.395982     413.301869
   -2040.000      -0.009847       0.396970     409.837836
   -2039.000      -0.004595       0.398216     405.386586
   -2038.000       0.001298       0.399683     400.412073
   -2037.000       0.007348       0.401324     395.314669
   -2036.000       0.012909       0.403089     390.615752
   -2035.000       0.017538       0.404933     386.668539
   -2034.000       0.020612       0.406805     383.954267
   -2033.000       0.021992       0.408658     382.578454
   -2032.000       0.021319       0.410452     382.815240
   -2031.000       0.018764       0.412144     384.542478
   -2030.000       0.014418       0.413696     387.701232
   -2029.000       0.008736       0.415081     391.951303
   -2028.000       0.002161       0.416268     396.965725
   -2027.000      -0.004677       0.417234     402.260074
   -2026.000      -0.011160       0.417963     407.337243
   -2025.000      -0.016714       0.418440     411.739810
   -2024.000      -0.020774       0.418657     414.996039
   -2023.000      -0.022988       0.418614     416.805116
   -2022.000      -0.023144       0.418310     416.986278
   -2021.000      -0.021182       0.417759     415.485664
   -2020.000      -0.017331       0.416976     412.497082
   -2019.000      -0.011912       0.415979     408.286413
   -2018.000      -0.005479       0.414792     403.314509
   -2017.000       0.001402       0.413444     398.041320
   -2016.000       0.007979       0.411962     393.060363
   -2015.000       0.013715       0.410376     388.785507
   -2014.000       0.017942       0.408719     385.727094
   -2013.000       0.020379       0.407018     384.085027
   -2012.000       0.020666       0.405306     384.128352
   -2011.000       0.018987       0.403615     385.713850
   -2010.000       0.015361       0.401973     388.826339
   -2009.000       0.010400       0.400417     393.000063
   -2008.000       0.004549       0.398978     397.885466
   -2007.000      -0.001483       0.397685     402.924803
   -2006.000      -0.007041       0.396569     407.584444
   -2005.000      -0.011503       0.395653     411.343225
   -2004.000      -0.014448       0.394958     413.844222
   -2003.000      -0.015574       0.394501     414.826120
   -2002.000      -0.014807       0.394292     414.218137
   -2001.000      -0.012409       0.394331     412.240033
   -2000.000      -0.008664       0.394623     409.130161
   -1999.000      -0.004135       0.395160     405.359989
   -1998.000       0.000552       0.395934     401.441081
   -1997.000       0.004805       0.396931     397.854540
   -1996.000       0.008155       0.398137     394.971726
   -1995.000       0.010034       0.399529     393.235468
   -1994.000       0.010453       0.401085     392.638408
   -1993.000       0.009258       0.402778     393.298881
   -1992.000       0.006691       0.404574     395.032840
   -1991.000       0.003183       0.406438     397.508420
   -1990.000      -0.000804       0.408335     400.366704
   -1989.000      -0.004744       0.410219     403.197666
   -1988.000      -0.007986       0.412054     405.483096
   -1987.000      -0.010155       0.413798     406.924531
   -1986.000      -0.010873       0.415410     407.222617
   -1985.000      -0.010019       0.416860     406.285091
   -1984.000      -0.007561       0.418114     404.096749
   -1983.000      -0.003893       0.419141     400.990581
   -1982.000       0.000777       0.419925     397.146308
   -1981.000       0.005746       0.420447     393.133194
   -1980.000       0.010481       0.420692     389.373645
   -1979.000       0.014398       0.420654     386.325673
   -1978.000       0.016976       0.420330     384.387679
   -1977.000       0.017696       0.419719     383.952351
   -1976.000       0.016545       0.418833     385.031937
   -1975.000       0.013339       0.417683     387.771891
   -1974.000       0.008363       0.416286     391.964493
   -1973.000       0.002093       0.414674     397.249072
   -1972.000      -0.004931       0.412878     403.209465
   -1971.000      -0.012010       0.410934     409.293427
   -1970.000      -0.018253       0.408891     414.757219
   -1969.000      -0.023087       0.406796     419.118602
   -1968.000      -0.025827       0.404695     421.783425
   -1967.000      -0.026010       0.402645     422.337146
   -1966.000      -0.023560       0.400691     420.706751
   -1965.000      -0.018599       0.398878     416.993072
   -1964.000      -0.011343       0.397254     411.387767
   -1963.000      -0.002728       0.395854     404.680157
   -1962.000       0.006658       0.394711     397.359481
   -1961.000       0.015763       0.393858     390.280374
   -1960.000       0.023624       0.393311     384.187406
   -1959.000       0.029428       0.393085     379.696600
   -1958.000       0.032588       0.393188     377.241733
   -1957.000       0.032578       0.393616     377.206873
   -1956.000       0.029441       0.394353     379.565578
   -1955.000       0.023441       0.395382     384.131696
   -1954.000       0.015015       0.396666     390.601738
   -1953.000       0.005056       0.398168     398.309664
   -1952.000      -0.005522       0.399848     406.553868
   -1951.000      -0.015771       0.401653     414.586034
   -1950.000      -0.024734       0.403535     421.614361
   -1949.000      -0.031432       0.405448     426.804450
   -1948.000      -0.035541       0.407344     429.880465
   -1947.000      -0.036404       0.409176     430.264492
   -1946.000      -0.034117       0.410908     428.055502
   -1945.000      -0.028867       0.412501     423.435659
   -1944.000      -0.021117       0.413925     416.827036
   -1943.000      -0.011465       0.415154     408.768779
   -1942.000      -0.000950       0.416163     400.137358
   -1941.000       0.009718       0.416939     391.522540
   -1940.000       0.019568       0.417470     383.682545
   -1939.000       0.027665       0.417749     377.320969
   -1938.000       0.033498       0.417779     372.799634
   -1937.000       0.036536       0.417564     370.492072
   -1936.000       0.036438       0.417116     370.630885
   -1935.000       0.033402       0.416452     373.072174
   -1934.000       0.027648       0.415595     377.660022
   -1933.000       0.019586       0.414570     384.107662
   -1932.000       0.010101       0.413406     391.762287
   -1931.000      -0.000095       0.412133     400.078361
   -1930.000      -0.010220       0.410783     408.444100
   -1929.000      -0.019169       0.409387     415.942185
   -1928.000      -0.026441       0.407975     422.135012
   -1927.000      -0.031359       0.406579     426.424117
   -1926.000      -0.033511       0.405226     428.428983
   -1925.000      -0.032785       0.403944     428.033995
   -1924.000      -0.029472       0.402758     425.484316
   -1923.000      -0.023623       0.401694     420.823673
   -1922.000      -0.016099       0.400773     414.794438
   -1921.000      -0.007496       0.400014     407.903542
   -1920.000       0.001492       0.399433     400.727957
   -1919.000       0.009936       0.399041     394.015111
   -1918.000       0.017175       0.398841     388.276625
   -1917.000       0.022766       0.398835     383.844709
   -1916.000       0.026142       0.399017     381.136864
   -1915.000       0.027211       0.399375     380.211115
   -1914.000       0.026118       0.399895     380.953839
   -1913.000       0.022921       0.400560     383.318064
   -1912.000       0.018153       0.401349     386.906425
   -1911.000       0.012342       0.402245     391.320326
   -1910.000       0.005976       0.403225     396.181175
   -1909.000      -0.000363       0.404268     401.041065
   -1908.000      -0.006041       0.405353     405.384187
   -1907.000      -0.010849       0.406455     409.045280
   -1906.000      -0.014413       0.407550     411.709551
   -1905.000      -0.016528       0.408615     413.208095
   -1904.000      -0.017394       0.409623     413.704674
   -1903.000      -0.017008       0.410551     413.198139
   -1902.000      -0.015562       0.411376     411.851063
   -1901.000      -0.013480       0.412078     410.017875
   -1900.000      -0.010928       0.412639     407.836196
   -1899.000      -0.008142       0.413047     405.501257
   -1898.000      -0.005471       0.413293     403.298298
   -1897.000      -0.002941       0.413372     401.245953
   -1896.000      -0.000564       0.413284     399.352587
   -1895.000       0.001475       0.413031     397.765312
   -1894.000       0.003426       0.412620     396.282123
   -1893.000       0.005333       0.412062     394.864909
   -1892.000       0.007152       0.411367     393.545978
   -1891.000       0.009071       0.410550     392.173529
   -1890.000       0.011052       0.409627     390.776799
   -1889.000       0.012854       0.408617     389.539714
   -1888.000       0.014504       0.407543     388.438517
   -1887.000       0.015694       0.406430     387.711072
   -1886.000       0.016058       0.405303     387.637655
   -1885.000       0.015500       0.404197     388.293426
   -1884.000       0.013713       0.403142     389.914418
   -1883.000       0.010534       0.402168     392.633172
   -1882.000       0.006059       0.401311     396.380134
   -1881.000       0.000442       0.400596     401.042203
   -1880.000      -0.006099       0.400047     406.453035
   -1879.000      -0.012903       0.399684     412.088504
   -1878.000      -0.019430       0.399516     417.504753
   -1877.000      -0.025143       0.399550     422.257496
   -1876.000      -0.029117       0.399786     425.560189
   -1875.000      -0.030991       0.400217     427.104636
   -1874.000      -0.030327       0.400833     426.520672
   -1873.000      -0.026814       0.401619     423.549932
   -1872.000      -0.020616       0.402555     418.360494
   -1871.000      -0.012178       0.403620     411.366946
   -1870.000      -0.001857       0.404790     402.890741
   -1869.000       0.009237       0.406033     393.885708
   -1868.000       0.020277       0.407319     385.017251
   -1867.000       0.030250       0.408613     377.080591
   -1866.000       0.038102       0.409880     370.867507
   -1865.000       0.042983       0.411085     366.987871
   -1864.000       0.044436       0.412197     365.769375
   -1863.000       0.042009       0.413184     367.538391
   -1862.000       0.035772       0.414022     372.268935
   -1861.000       0.026264       0.414690     379.606375
   -1860.000       0.013972       0.415171     389.235157
   -1859.000       0.000060       0.415455     400.311105
   -1858.000      -0.014303       0.415539     411.948928
   -1857.000      -0.027960       0.415418     423.201480
   -1856.000      -0.039575       0.415097     432.945738
   -1855.000      -0.048069       0.414580     440.209512
   -1854.000      -0.052642       0.413876     444.255479
   -1853.000      -0.052770       0.413001     444.589465
   -1852.000      -0.048253       0.411971     441.023690
   -1851.000      -0.039545       0.410806     433.995253
   -1850.000      -0.027191       0.409533     424.011153
   -1849.000      -0.012294       0.408178     412.072334
   -1848.000       0.003883       0.406773     399.274221
   -1847.000       0.019837       0.405352     386.843103
   -1846.000       0.034296       0.403946     375.752472
   -1845.000       0.045716       0.402592     367.138260
   -1844.000       0.053215       0.401322     361.590627
   -1843.000       0.056052       0.400163     359.604693
   -1842.000       0.053880       0.399142     361.410310
   -1841.000       0.046978       0.398283     366.827510
   -1840.000       0.035944       0.397601     375.470048
   -1839.000       0.021777       0.397111     386.642297
   -1838.000       0.005781       0.396825     399.422556
   -1837.000      -0.010498       0.396746     412.598305
   -1836.000      -0.025749       0.396877     425.091658
   -1835.000      -0.038496       0.397220     435.627197
   -1834.000      -0.047659       0.397767     443.208895
   -1833.000      -0.052558       0.398510     447.181180
   -1832.000      -0.052810       0.399437     447.176406
   -1831.000      -0.048448       0.400526     443.220657
   -1830.000      -0.040166       0.401756     435.974163
   -1829.000      -0.028586       0.403102     426.019010
   -1828.000      -0.014940       0.404534     414.481982
   -1827.000      -0.000480       0.406023     402.448186
   -1826.000       0.013637       0.407541     390.857262
   -1825.000       0.026151       0.409057     380.696708
   -1824.000       0.036071       0.410543     372.686929
   -1823.000       0.042779       0.411974     367.231632
   -1822.000       0.045757       0.413322     364.679097
   -1821.000       0.044982       0.414564     365.015713
   -1820.000       0.040683       0.415676     368.071324
   -1819.000       0.033391       0.416632     373.473682
   -1818.000       0.023752       0.417413     380.764004
   -1817.000       0.012802       0.418000     389.196306
   -1816.000       0.001299       0.418374     398.189820
   -1815.000      -0.009709       0.418525     406.925525
   -1814.000      -0.019455       0.418446     414.774109
   -1813.000      -0.027221       0.418131     421.112618
   -1812.000      -0.032582       0.417586     425.560552
   -1811.000      -0.035180       0.416818     427.787251
   -1810.000      -0.035085       0.415840     427.834449
   -1809.000      -0.032391       0.414665     425.771869
   -1808.000      -0.027512       0.413318     421.948226
   -1807.000      -0.020920       0.411817     416.770717
   -1806.000      -0.013279       0.410192     410.795154
   -1805.000      -0.005165       0.408474     404.490347
   -1804.000       0.002742       0.406692     398.412075
   -1803.000       0.009891       0.404887     392.980573
   -1802.000       0.015829       0.403097     388.534497
   -1801.000       0.020246       0.401361     385.299837
   -1800.000       0.022889       0.399724     383.451200
   -1799.000       0.023865       0.398230     382.892194
   -1798.000       0.023124       0.396913     383.650964
   -1797.000       0.021026       0.395814     385.447666
   -1796.000       0.017762       0.394964     388.131554
   -1795.000       0.013757       0.394381     391.371457
   -1794.000       0.009267       0.394084     394.968162
   -1793.000       0.004676       0.394082     398.618483
   -1792.000       0.000219       0.394367     402.128577
   -1791.000      -0.003932       0.394935     405.364146
   -1790.000      -0.007604       0.395767     408.182349
   -1789.000      -0.010756       0.396838     410.546103
   -1788.000      -0.013328       0.398126     412.410470
   -1787.000      -0.015346       0.399599     413.796854
   -1786.000      -0.016709       0.401220     414.623732
   -1785.000      -0.017540       0.402957     415.002697
   -1784.000      -0.017607       0.404768     414.743240
   -1783.000      -0.017023       0.406608     413.954825
   -1782.000      -0.015563       0.408439     412.456101
   -1781.000      -0.013309       0.410216     410.330981
   -1780.000      -0.010068       0.411892     407.436555
   -1779.000      -0.006049       0.413435     403.953320
   -1778.000      -0.001178       0.414805     399.840231
   -1777.000       0.004246       0.415975     395.350061
   -1776.000       0.009976       0.416925     390.683374
   -1775.000       0.015657       0.417640     386.128378
   -1774.000       0.020847       0.418111     382.030860
   -1773.000       0.025072       0.418340     378.745318
   -1772.000       0.027903       0.418329     376.597717
   -1771.000       0.028920       0.418086     375.899761
   -1770.000       0.027820       0.417625     376.880690
   -1769.000       0.024466       0.416959     379.651562
   -1768.000       0.018924       0.416106     384.177934
   -1767.000       0.011372       0.415087     390.351794
   -1766.000       0.002357       0.413924     397.768870
   -1765.000      -0.007576       0.412642     406.019806
   -1764.000      -0.017556       0.411273     414.420425
   -1763.000      -0.026795       0.409847     422.312073
   -1762.000      -0.034267       0.408395     428.817518
   -1761.000      -0.039389       0.406951     433.422790
   -1760.000      -0.041279       0.405547     435.331493
   -1759.000      -0.039774       0.404211     434.397308
   -1758.000      -0.034628       0.402972     430.402982
   -1757.000      -0.026210       0.401848     423.698796
   -1756.000      -0.015020       0.400860     414.750020
   -1755.000      -0.002074       0.400021     404.439868
   -1754.000       0.011619       0.399340     393.635943
   -1753.000       0.024776       0.398823     383.366814
   -1752.000       0.036085       0.398476     374.629266
   -1751.000       0.044537       0.398299     368.166959
   -1750.000       0.049146       0.398292     364.670622
   -1749.000       0.049365       0.398453     364.517802
   -1748.000       0.045125       0.398775     367.767289
   -1747.000       0.036700       0.399251     374.246259
   -1746.000       0.024680       0.399871     383.579182
   -1745.000       0.010368       0.400620     394.821747
   -1744.000      -0.005191       0.401485     407.212628
   -1743.000      -0.020412       0.402445     419.491712
   -1742.000      -0.033867       0.403479     430.454577
   -1741.000      -0.044383       0.404566     439.062101
   -1740.000      -0.050966       0.405686     444.415166
   -1739.000      -0.052917       0.406817     445.847186
   -1738.000      -0.050189       0.407938     443.325611
   -1737.000      -0.042998       0.409029     437.059442
   -1736.000      -0.031949       0.410070     427.643870
   -1735.000      -0.018218       0.411042     416.145120
   -1734.000      -0.003011       0.411926     403.630175
   -1733.000       0.012376       0.412702     391.187139
   -1732.000       0.026361       0.413353     380.048387
   -1731.000       0.037900       0.413862     370.979672
   -1730.000       0.045908       0.414212     364.742463
   -1729.000       0.049736       0.414394     361.755040
   -1728.000       0.049124       0.414400     362.178406
   -1727.000       0.044307       0.414226     365.844939
   -1726.000       0.035652       0.413874     372.511910
   -1725.000       0.024165       0.413350     381.476809
   -1724.000       0.010872       0.412662     392.005495
   -1723.000      -0.002969       0.411826     403.142867
   -1722.000      -0.016151       0.410858     413.927344
   -1721.000      -0.027374       0.409779     423.248849
   -1720.000      -0.035865       0.408613     430.429622
   -1719.000      -0.040847       0.407389     434.740821
   -1718.000      -0.041941       0.406133     435.817027
   -1717.000      -0.039346       0.404883     433.815262
   -1716.000      -0.033312       0.403672     428.944195
   -1715.000      -0.024535       0.402535     421.822517
   -1714.000      -0.014108       0.401509     413.395703
   -1713.000      -0.002876       0.400628     404.372931
   -1712.000       0.007968       0.399921     395.732137
   -1711.000       0.017404       0.399415     388.259712
   -1710.000       0.024694       0.399129     382.506886
   -1709.000       0.029303       0.399075     378.853139
   -1708.000       0.030826       0.399260     377.576459
   -1707.000       0.029535       0.399679     378.462814
   -1706.000       0.025651       0.400323     381.340931
   -1705.000       0.019706       0.401175     385.817051
   -1704.000       0.012548       0.402210     391.248344
   -1703.000       0.004928       0.403398     397.059720
   -1702.000      -0.002511       0.404708     402.745130
   -1701.000      -0.008876       0.406098     407.584635
   -1700.000      -0.013801       0.407530     411.274566
   -1699.000      -0.017032       0.408963     413.603211
   -1698.000      -0.018236       0.410352     414.290973
   -1697.000      -0.017755       0.411658     413.627331
   -1696.000      -0.015734       0.412841     411.738725
   -1695.000      -0.012554       0.413862     408.949788
   -1694.000      -0.008701       0.414692     405.666625
   -1693.000      -0.004755       0.415304     402.363388
   -1692.000      -0.000920       0.415677     399.209260
   -1691.000       0.002226       0.415803     396.660252
   -1690.000       0.004481       0.415673     394.873400
   -1689.000       0.005857       0.415293     393.832258
   -1688.000       0.006202       0.414676     393.652704
   -1687.000       0.005687       0.413839     394.193691
   -1686.000       0.004648       0.412806     395.188201
   -1685.000       0.003219       0.411605     396.523656
   -1684.000       0.001728       0.410269     397.937600
   -1683.000       0.000621       0.408830     399.066440
   -1682.000      -0.000117       0.407328     399.914210
   -1681.000      -0.000195       0.405799     400.241075
   -1680.000       0.000424       0.404285     400.007295
   -1679.000       0.001539       0.402828     399.368332
   -1678.000       0.003043       0.401464     398.402850
   -1677.000       0.004703       0.400234     397.291786
   -1676.000       0.006119       0.399175     396.349038
   -1675.000       0.006966       0.398315     395.827213
   -1674.000       0.007177       0.397678     395.777809
   -1673.000       0.006264       0.397281     396.585208
   -1672.000       0.004417       0.397128     398.100979
   -1671.000       0.001672       0.397221     400.300471
   -1670.000      -0.001864       0.397551     403.102066
   -1669.000      -0.005765       0.398100     406.172510
   -1668.000      -0.009531       0.398852     409.109309
   -1667.000      -0.012920       0.399779     411.722396
   -1666.000      -0.015276       0.400852     413.472994
   -1665.000      -0.016304       0.402050     414.121395
   -1664.000      -0.015859       0.403342     413.556219
   -1663.000      -0.013699       0.404697     411.583780
   -1662.000      -0.009956       0.406093     408.328130
   -1661.000      -0.004978       0.407502     404.091946
   -1660.000       0.000915       0.408893     399.148988
   -1659.000       0.007195       0.410244     393.941149
   -1658.000       0.013096       0.411527     389.074831
   -1657.000       0.018202       0.412719     384.882113
   -1656.000       0.021890       0.413801     381.837580
   -1655.000       0.023599       0.414750     380.365261
   -1654.000       0.023258       0.415552     380.519486
   -1653.000       0.020676       0.416196     382.446017
   -1652.000       0.015976       0.416675     386.063848
   -1651.000       0.009616       0.416984     391.037288
   -1650.000       0.002129       0.417124     396.967922
   -1649.000      -0.005967       0.417095     403.459445
   -1648.000      -0.013659       0.416896     409.708337
   -1647.000      -0.020358       0.416531     415.226132
   -1646.000      -0.025381       0.416003     419.441209
   -1645.000      -0.028051       0.415312     421.771816
   -1644.000      -0.028149       0.414463     422.024306
   -1643.000      -0.025642       0.413458     420.171748
   -1642.000      -0.020500       0.412305     416.188704
   -1641.000      -0.013330       0.411016     410.603265
   -1640.000      -0.004809       0.409608     403.983921
   -1639.000       0.004441       0.408101     396.845932
   -1638.000       0.013286       0.406525     390.095337
   -1637.000       0.020904       0.404905     384.366799
   -1636.000       0.026610       0.403272     380.167779
   -1635.000       0.029597       0.401662     378.098680
   -1634.000       0.029616       0.400108     378.331998
   -1633.000       0.026650       0.398643     380.883364
   -1632.000       0.020906       0.397301     385.608102
   -1631.000       0.012952       0.396114     392.088163
   -1630.000       0.003756       0.395115     399.593052
   -1629.000      -0.005905       0.394336     407.506058
   -1628.000      -0.014868       0.393808     414.885411
   -1627.000      -0.022151       0.393556     420.898190
   -1626.000      -0.027046       0.393605     424.922326
   -1625.000      -0.028975       0.393967     426.447011
   -1624.000      -0.027714       0.394643     425.270837
   -1623.000      -0.023511       0.395634     421.614016
   -1622.000      -0.016843       0.396924     415.904762
   -1621.000      -0.008351       0.398485     408.703352
   -1620.000       0.000791       0.400284     401.012884
   -1619.000       0.009748       0.402277     393.509941
   -1618.000       0.017459       0.404415     387.039750
   -1617.000       0.023143       0.406650     382.198227
   -1616.000       0.026132       0.408923     379.478142
   -1615.000       0.026356       0.411181     378.924814
   -1614.000       0.023566       0.413375     380.721936
   -1613.000       0.018342       0.415445     384.447875
   -1612.000       0.011225       0.417344     389.708886
   -1611.000       0.002936       0.419030     395.963862
   -1610.000      -0.005517       0.420452     402.444682
   -1609.000      -0.013249       0.421578     408.446193
   -1608.000      -0.019523       0.422378     413.365729
   -1607.000      -0.023588       0.422822     416.581327
   -1606.000      -0.025033       0.422897     417.739977
   -1605.000      -0.023815       0.422601     416.802334
   -1604.000      -0.019954       0.421933     413.786272
   -1603.000      -0.013892       0.420913     409.067059
   -1602.000      -0.006389       0.419567     403.279872
   -1601.000       0.001940       0.417922     396.921574
   -1600.000       0.010048       0.416027     390.829003
   -1599.000       0.017088       0.413930     385.649631
   -1598.000       0.022281       0.411678     381.965999
   -1597.000       0.025090       0.409332     380.169036
   -1596.000       0.024988       0.406949     380.643663
   -1595.000       0.022224       0.404584     383.204360
   -1594.000       0.016780       0.402301     387.867950
   -1593.000       0.009417       0.400157     394.064538
   -1592.000       0.000860       0.398205     401.243605
   -1591.000      -0.007917       0.396501     408.626170
   -1590.000      -0.015979       0.395088     415.442777
   -1589.000      -0.022338       0.394000     420.862421
   -1588.000      -0.026290       0.393266     424.261058
   -1587.000      -0.027408       0.392898     425.263014
   -1586.000      -0.025443       0.392896     423.647730
   -1585.000      -0.020685       0.393249     419.673932
   -1584.000      -0.013611       0.393932     413.772506
   -1583.000      -0.004983       0.394912     406.599113
   -1582.000       0.004309       0.396152     398.919677
   -1581.000       0.013155       0.397607     391.634242
   -1580.000       0.020802       0.399230     385.334374
   -1579.000       0.026276       0.400977     380.765055
   -1578.000       0.029136       0.402797     378.248366
   -1577.000       0.029055       0.404645     378.020496
   -1576.000       0.026088       0.406481     380.041921
   -1575.000       0.020493       0.408260     384.132254
   -1574.000       0.012900       0.409947     389.834186
   -1573.000       0.004018       0.411505     396.615321
   -1572.000      -0.005296       0.412905     403.826438
   -1571.000      -0.014079       0.414121     410.698366
   -1570.000      -0.021554       0.415139     416.590882
   -1569.000      -0.027049       0.415943     420.937268
   -1568.000      -0.029938       0.416530     423.197568
   -1567.000      -0.030133       0.416900     423.290051
   -1566.000      -0.027455       0.417056     421.059240
   -1565.000      -0.022306       0.417010     416.854925
   -1564.000      -0.015100       0.416773     411.040567
   -1563.000      -0.006585       0.416362     404.242421
   -1562.000       0.002529       0.415791     397.048220
   -1561.000       0.011279       0.415075     390.231588
   -1560.000       0.018986       0.414228     384.309422
   -1559.000       0.024799       0.413266     379.918861
   -1558.000       0.028338       0.412204     377.336463
   -1557.000       0.029168       0.411060     376.869330
   -1556.000       0.027364       0.409852     378.460453
   -1555.000       0.023056       0.408601     382.015627
   -1554.000       0.016702       0.407327     387.200413
   -1553.000       0.008954       0.406056     393.529858
   -1552.000       0.000535       0.404812     400.439641
   -1551.000      -0.007716       0.403623     407.269632
   -1550.000      -0.015007       0.402509     413.363833
   -1549.000      -0.020711       0.401494     418.180500
   -1548.000      -0.024268       0.400592     421.240822
   -1547.000      -0.025460       0.399821     422.338088
   -1546.000      -0.024154       0.399197     421.349629
   -1545.000      -0.020677       0.398730     418.552389
   -1544.000      -0.015348       0.398432     414.220056
   -1543.000      -0.008845       0.398317     408.930077
   -1542.000      -0.001829       0.398390     403.223273
   -1541.000       0.004984       0.398664     397.689399
   -1540.000       0.010932       0.399141     392.847782
   -1539.000       0.015423       0.399825     389.152727
   -1538.000       0.018152       0.400708     386.831291
   -1537.000       0.018902       0.401777     386.042503
   -1536.000       0.017747       0.403008     386.726575
   -1535.000       0.014985       0.404374     388.655724
   -1534.000       0.010967       0.405841     391.562875
   -1533.000       0.006284       0.407366     394.999273
   -1532.000       0.001414       0.408913     398.590532
   -1531.000      -0.002958       0.410436     401.800487
   -1530.000      -0.006586       0.411893     404.435947
   -1529.000      -0.008908       0.413248     406.041432
   -1528.000      -0.009985       0.414466     406.672643
   -1527.000      -0.009698       0.415512     406.236663
   -1526.000      -0.008277       0.416359     404.927292
   -1525.000      -0.005996       0.416979     402.972958
   -1524.000      -0.003336       0.417348     400.766776
   -1523.000      -0.000625       0.417448     398.576882
   -1522.000       0.001619       0.417267     396.815859
   -1521.000       0.003088       0.416794     395.726838
   -1520.000       0.003600       0.416031     395.451587
   -1519.000       0.003018       0.414983     396.096840
   -1518.000       0.001446       0.413671     397.579818
   -1517.000      -0.000841       0.412122     399.679543
   -1516.000      -0.003496       0.410376     402.117441
   -1515.000      -0.006098       0.408480     404.550011
   -1514.000      -0.008083       0.406492     406.510724
   -1513.000      -0.009082       0.404470     407.687969
   -1512.000      -0.008808       0.402476     407.835503
   -1511.000      -0.006918       0.400575     406.660396
   -1510.000      -0.003689       0.398823     404.383664
   -1509.000       0.000838       0.397278     401.034719
   -1508.000       0.006077       0.395986     397.089487
   -1507.000       0.011487       0.394988     392.980103
   -1506.000       0.016275       0.394319     389.328968
   -1505.000       0.019903       0.394007     386.556921
   -1504.000       0.021576       0.394065     385.273644
   -1503.000       0.020984       0.394503     385.717165
   -1502.000       0.017940       0.395315     388.038514
   -1501.000       0.012522       0.396482     392.194065
   -1500.000       0.005156       0.397977     397.874192
   -1499.000      -0.003443       0.399756     404.536086
   -1498.000      -0.012498       0.401765     411.581944
   -1497.000      -0.021044       0.403947     418.237520
   -1496.000      -0.028009       0.406228     423.611353
   -1495.000      -0.032772       0.408542     427.191247
   -1494.000      -0.034537       0.410824     428.297501
   -1493.000      -0.033008       0.413006     426.695098
   -1492.000      -0.028209       0.415032     422.436607
   -1491.000      -0.020415       0.416855     415.790296
   -1490.000      -0.010149       0.418429     407.255396
   -1489.000       0.001515       0.419718     397.740776
   -1488.000       0.013673       0.420699     388.010924
   -1487.000       0.025211       0.421348     378.943435
   -1486.000       0.034829       0.421652     371.509567
   -1485.000       0.041771       0.421609     366.252871
   -1484.000       0.045177       0.421209     363.779630
   -1483.000       0.044511       0.420468     364.459870
   -1482.000       0.039857       0.419405     368.249728
   -1481.000       0.031404       0.418042     375.041110
   -1480.000       0.019763       0.416416     384.438069
   -1479.000       0.006045       0.414571     395.644339
   -1478.000      -0.008620       0.412550     407.810185
   -1477.000      -0.022947       0.410409     419.920848
   -1476.000      -0.035383       0.408206     430.641519
   -1475.000      -0.044873       0.405990     439.030328
   -1474.000      -0.050393       0.403819     444.132244
   -1473.000      -0.051289       0.401742     445.314926
   -1472.000      -0.047410       0.399799     442.427072
   -1471.000      -0.039098       0.398035     435.779764
   -1470.000      -0.026946       0.396485     425.946786
   -1469.000      -0.012193       0.395178     414.034623
   -1468.000       0.003748       0.394141     401.282877
   -1467.000       0.019484       0.393394     388.833635
   -1466.000       0.033379       0.392946     377.965349
   -1465.000       0.044136       0.392808     369.617017
   -1464.000       0.050790       0.392980     364.460668
   -1463.000       0.052686       0.393448     362.928542
   -1462.000       0.049631       0.394206     365.141851
   -1461.000       0.042123       0.395221     370.763169
   -1460.000       0.030828       0.396465     379.342940
   -1459.000       0.016805       0.397909     390.135292
   -1458.000       0.001589       0.399518     402.005825
   -1457.000      -0.013600       0.401256     413.990688
   -1456.000      -0.027311       0.403093     424.904032
   -1455.000      -0.038260       0.404994     433.612697
   -1454.000      -0.045645       0.406928     439.396394
   -1453.000      -0.048972       0.408867     441.788981
   -1452.000      -0.047828       0.410781     440.406451
   -1451.000      -0.042759       0.412639     435.762121
   -1450.000      -0.034129       0.414413     428.196457
   -1449.000      -0.022824       0.416066     418.530249
   -1448.000      -0.010004       0.417569     407.786133
   -1447.000       0.003228       0.418890     396.886589
   -1446.000       0.015837       0.420004     386.669098
   -1445.000       0.026630       0.420888     378.033031
   -1444.000       0.034844       0.421525     371.519735
   -1443.000       0.040027       0.421902     367.432394
   -1442.000       0.041598       0.422005     366.155301
   -1441.000       0.039816       0.421837     367.492140
   -1440.000       0.034952       0.421394     371.246886
   -1439.000       0.027384       0.420678     377.153582
   -1438.000       0.018035       0.419695     384.551736
   -1437.000       0.007730       0.418449     392.822833
   -1436.000      -0.002751       0.416949     401.374504
   -1435.000      -0.012387       0.415215     409.378176
   -1434.000      -0.020419       0.413265     416.195789
   -1433.000      -0.026450       0.411129     421.466222
   -1432.000      -0.029838       0.408848     424.613843
   -1431.000      -0.030632       0.406462     425.650062
   -1430.000      -0.028865       0.404024     424.580400
   -1429.000      -0.024865       0.401601     421.667516
   -1428.000      -0.019049       0.399248     417.256441
   -1427.000      -0.012264       0.397034     412.053771
   -1426.000      -0.004955       0.395024     406.417271
   -1425.000       0.002091       0.393270     400.984262
   -1424.000       0.008183       0.391823     396.295742
   -1423.000       0.013057       0.390730     392.546221
   -1422.000       0.016272       0.390019     390.066224
   -1421.000       0.017747       0.389712     388.908080
   -1420.000       0.017657       0.389826     388.924914
   -1419.000       0.016237       0.390358     389.931558
   -1418.000       0.013714       0.391303     391.749076
   -1417.000       0.010744       0.392649     393.865018
   -1416.000       0.007539       0.394364     396.112308
   -1415.000       0.004523       0.396414     398.159608
   -1414.000       0.001980       0.398753     399.784467
   -1413.000       0.000051       0.401313     400.881470
   -1412.000      -0.001423       0.404030     401.586658
   -1411.000      -0.002282       0.406830     401.783211
   -1410.000      -0.002910       0.409628     401.795498
   -1409.000      -0.003506       0.412348     401.794841
   -1408.000      -0.004112       0.414918     401.829183
   -1407.000      -0.005095       0.417260     402.206334
   -1406.000      -0.006459       0.419325     402.938775
   -1405.000      -0.008070       0.421063     403.930770
   -1404.000      -0.009981       0.422437     405.232188
   -1403.000      -0.011862       0.423424     406.585497
   -1402.000      -0.013408       0.424009     407.748255
   -1401.000      -0.014320       0.424182     408.482377
   -1400.000      -0.014334       0.423948     408.573845
   -1399.000      -0.012988       0.423315     407.644398
   -1398.000      -0.010358       0.422297     405.761328
   -1397.000      -0.006289       0.420922     402.795438
   -1396.000      -0.000928       0.419220     398.866718
   -1395.000       0.005354       0.417229     394.276795
   -1394.000       0.012028       0.415007     389.439174
   -1393.000       0.018676       0.412610     384.677968
   -1392.000       0.024309       0.410105     380.746596
   -1391.000       0.028446       0.407567     377.999810
   -1390.000       0.030460       0.405066     376.903485
   -1389.000       0.029735       0.402676     377.914686
   -1388.000       0.026180       0.400467     381.112891
   -1387.000       0.019866       0.398497     386.464214
   -1386.000       0.011018       0.396816     393.818771
   -1385.000       0.000468       0.395465     402.571340
   -1384.000      -0.010881       0.394464     412.013452
   -1383.000      -0.022041       0.393831     421.351894
   -1382.000      -0.031785       0.393571     429.553591
   -1381.000      -0.038981       0.393674     435.628341
   -1380.000      -0.042964       0.394129     438.980650
   -1379.000      -0.042921       0.394911     438.880700
   -1378.000      -0.038806       0.395986     435.308369
   -1377.000      -0.030886       0.397321     428.537080
   -1376.000      -0.019670       0.398868     419.061735
   -1375.000      -0.006188       0.400581     407.823878
   -1374.000       0.008271       0.402404     395.945804
   -1373.000       0.022475       0.404285     384.433479
   -1372.000       0.034992       0.406161     374.402497
   -1371.000       0.044577       0.407987     366.760082
   -1370.000       0.050419       0.409714     362.063898
   -1369.000       0.051765       0.411302     360.827849
   -1368.000       0.048511       0.412723     363.121265
   -1367.000       0.040801       0.413949     368.863165
   -1366.000       0.029421       0.414964     377.534426
   -1365.000       0.015142       0.415762     388.610453
   -1364.000      -0.000494       0.416336     400.974641
   -1363.000      -0.016328       0.416687     413.726771
   -1362.000      -0.030805       0.416817     425.584246
   -1361.000      -0.042664       0.416728     435.467910
   -1360.000      -0.050755       0.416427     442.316246
   -1359.000      -0.054447       0.415925     445.533237
   -1358.000      -0.053268       0.415236     444.664843
   -1357.000      -0.047408       0.414379     439.886129
   -1356.000      -0.037418       0.413372     431.717473
   -1355.000      -0.024104       0.412239     420.887818
   -1354.000      -0.008765       0.411005     408.572467
   -1353.000       0.007180       0.409696     395.958274
   -1352.000       0.022344       0.408343     384.145211
   -1351.000       0.035288       0.406968     374.230496
   -1350.000       0.044835       0.405597     367.037888
   -1349.000       0.050232       0.404251     363.072622
   -1348.000       0.050983       0.402952     362.659771
   -1347.000       0.047000       0.401723     365.850861
   -1346.000       0.038973       0.400587     372.177787
   -1345.000       0.027449       0.399568     381.264814
   -1344.000       0.013822       0.398690     392.115701
   -1343.000      -0.000728       0.397975     403.838941
   -1342.000      -0.014730       0.397447     415.245777
   -1341.000      -0.026995       0.397127     425.341134
   -1340.000      -0.036249       0.397037     432.989456
   -1339.000      -0.041936       0.397186     437.661234
   -1338.000      -0.043490       0.397583     438.823113
   -1337.000      -0.041009       0.398224     436.549152
   -1336.000      -0.034943       0.399102     431.248554
   -1335.000      -0.025954       0.400203     423.520950
   -1334.000      -0.015084       0.401507     414.292210
   -1333.000      -0.003425       0.402991     404.509991
   -1332.000       0.007851       0.404623     395.126809
   -1331.000       0.017799       0.406372     386.887653
   -1330.000       0.025465       0.408202     380.508488
   -1329.000       0.030445       0.410076     376.264987
   -1328.000       0.032316       0.411955     374.447032
   -1327.000       0.031264       0.413792     374.904728
   -1326.000       0.027463       0.415542     377.504523
   -1325.000       0.021609       0.417152     381.738318
   -1324.000       0.014293       0.418575     387.170485
   -1323.000       0.006342       0.419765     393.180726
   -1322.000      -0.001452       0.420674     399.163229
   -1321.000      -0.008442       0.421269     404.595230
   -1320.000      -0.014025       0.421521     408.995053
   -1319.000      -0.017802       0.421407     412.023520
   -1318.000      -0.019625       0.420923     413.546397
   -1317.000      -0.019475       0.420073     413.540347
   -1316.000      -0.017573       0.418866     412.181454
   -1315.000      -0.014279       0.417329     409.760903
   -1314.000      -0.010075       0.415488     406.668135
   -1313.000      -0.005442       0.413378     403.288836
   -1312.000      -0.001006       0.411049     400.118169
   -1311.000       0.002853       0.408546     397.444840
   -1310.000       0.005691       0.405925     395.609929
   -1309.000       0.007356       0.403254     394.718845
   -1308.000       0.007696       0.400599     394.876070
   -1307.000       0.006927       0.398033     395.903036
   -1306.000       0.005179       0.395640     397.685482
   -1305.000       0.002929       0.393494     399.834481
   -1304.000       0.000539       0.391669     402.051504
   -1303.000      -0.001506       0.390238     403.932945
   -1302.000      -0.002880       0.389251     405.205864
   -1301.000      -0.003291       0.388746     405.622796
   -1300.000      -0.002629       0.388753     405.091318
   -1299.000      -0.001003       0.389266     403.699407
   -1298.000       0.001413       0.390272     401.595747
   -1297.000       0.004216       0.391740     399.114498
   -1296.000       0.006922       0.393616     396.653323
   -1295.000       0.009157       0.395843     394.519887
   -1294.000       0.010406       0.398361     393.128922
   -1293.000       0.010389       0.401089     392.710329
   -1292.000       0.008967       0.403961     393.380870
   -1291.000       0.006113       0.406905     395.175103
   -1290.000       0.002021       0.409838     397.958078
   -1289.000      -0.002866       0.412695     401.394879
   -1288.000      -0.008153       0.415407     405.184056
   -1287.000      -0.013211       0.417904     408.843397
   -1286.000      -0.017485       0.420127     411.924493
   -1285.000      -0.020412       0.422024     413.981233
   -1284.000      -0.021628       0.423547     414.721129
   -1283.000      -0.020761       0.424664     413.844526
   -1282.000      -0.017823       0.425360     411.372453
   -1281.000      -0.012964       0.425621     407.442400
   -1280.000      -0.006387       0.425460     402.235875
   -1279.000       0.001184       0.424891     396.343599
   -1278.000       0.009241       0.423937     390.178702
   -1277.000       0.016918       0.422639     384.417288
   -1276.000       0.023468       0.421035     379.620136
   -1275.000       0.028156       0.419165     376.330993
   -1274.000       0.030468       0.417078     374.925328
   -1273.000       0.029965       0.414817     375.723740
   -1272.000       0.026570       0.412429     378.788089
   -1271.000       0.020492       0.409968     383.977952
   -1270.000       0.012139       0.407484     391.005335
   -1269.000       0.002296       0.405032     399.291774
   -1268.000      -0.008117       0.402670     408.106188
   -1267.000      -0.018088       0.400448     416.642217
   -1266.000      -0.026644       0.398413     424.064475
   -1265.000      -0.032684       0.396618     429.411245
   -1264.000      -0.035748       0.395091     432.262161
   -1263.000      -0.035240       0.393863     432.074536
   -1262.000      -0.031200       0.392946     428.885273
   -1261.000      -0.024056       0.392346     423.081433
   -1260.000      -0.014368       0.392055     415.170482
   -1259.000      -0.003164       0.392071     406.054510
   -1258.000       0.008404       0.392375     396.696206
   -1257.000       0.019133       0.392952     388.064517
   -1256.000       0.028032       0.393785     380.928402
   -1255.000       0.033963       0.394851     376.118346
   -1254.000       0.036590       0.396129     373.873095
   -1253.000       0.035542       0.397598     374.450385
   -1252.000       0.030944       0.399232     377.759530
   -1251.000       0.023368       0.401002     383.389450
   -1250.000       0.013663       0.402875     390.720629
   -1249.000       0.002667       0.404814     399.133849
   -1248.000      -0.008236       0.406779     407.542177
   -1247.000      -0.018144       0.408738     415.214127
   -1246.000      -0.026087       0.410655     421.343302
   -1245.000      -0.031210       0.412494     425.187934
   -1244.000      -0.033210       0.414229     426.484181
   -1243.000      -0.031925       0.415830     425.091842
   -1242.000      -0.027578       0.417275     421.214888
   -1241.000      -0.020695       0.418545     415.325083
   -1240.000      -0.012122       0.419619     408.147205
   -1239.000      -0.002639       0.420474     400.353235
   -1238.000       0.006741       0.421093     392.755515
   -1237.000       0.014974       0.421452     386.177767
   -1236.000       0.021478       0.421530     381.053232
   -1235.000       0.025497       0.421319     377.936172
   -1234.000       0.026759       0.420807     377.014858
   -1233.000       0.025304       0.419992     378.253608
   -1232.000       0.021335       0.418885     381.502112
   -1231.000       0.015248       0.417496     386.472233
   -1230.000       0.007997       0.415855     392.442941
   -1229.000       0.000145       0.413997     398.979334
   -1228.000      -0.007318       0.411961     405.294418
   -1227.000      -0.013558       0.409789     410.693336
   -1226.000      -0.018009       0.407537     414.689032
   -1225.000      -0.020214       0.405247     416.877261
   -1224.000      -0.019856       0.402977     416.967927
   -1223.000      -0.017202       0.400785     415.170095
   -1222.000      -0.012571       0.398722     411.740865
   -1221.000      -0.006453       0.396846     407.088787
   -1220.000       0.000183       0.395215     402.000902
   -1219.000       0.006622       0.393876     397.052506
   -1218.000       0.012139       0.392882     392.811601
   -1217.000       0.015851       0.392271     389.959073
   -1216.000       0.017469       0.392068     388.708467
   -1215.000       0.016773       0.392290     389.224738
   -1214.000       0.013786       0.392936     391.490011
   -1213.000       0.008961       0.393982     395.162207
   -1212.000       0.002958       0.395402     399.733195
   -1211.000      -0.003633       0.397150     404.747030
   -1210.000      -0.009869       0.399164     409.454685
   -1209.000      -0.014958       0.401387     413.212901
   -1208.000      -0.018438       0.403747     415.648439
   -1207.000      -0.019715       0.406171     416.272752
   -1206.000      -0.018646       0.408597     414.981666
   -1205.000      -0.015400       0.410953     411.937197
   -1204.000      -0.010227       0.413175     407.375014
   -1203.000      -0.003561       0.415210     401.676307
   -1202.000       0.003629       0.416997     395.651784
   -1201.000       0.010900       0.418492     389.661633
   -1200.000       0.017285       0.419660     384.470657
   -1199.000       0.022146       0.420465     380.563970
   -1198.000       0.024929       0.420885     378.354154
   -1197.000       0.025381       0.420913     378.026430
   -1196.000       0.023135       0.420543     379.856563
   -1195.000       0.018583       0.419793     383.561709
   -1194.000       0.011968       0.418687     388.968801
   -1193.000       0.003791       0.417261     395.710873
   -1192.000      -0.005014       0.415561     403.068300
   -1191.000      -0.013716       0.413642     410.451870
   -1190.000      -0.021516       0.411561     417.203427
   -1189.000      -0.027404       0.409385     422.454836
   -1188.000      -0.030848       0.407179     425.725750
   -1187.000      -0.031459       0.405002     426.662369
   -1186.000      -0.028900       0.402921     424.952768
   -1185.000      -0.023424       0.400991     420.813801
   -1184.000      -0.015559       0.399265     414.703207
   -1183.000      -0.005755       0.397794     407.009796
   -1182.000       0.004767       0.396618     398.761133
   -1181.000       0.015120       0.395768     390.668253
   -1180.000       0.024241       0.395269     383.567944
   -1179.000       0.031204       0.395126     378.156874
   -1178.000       0.035124       0.395340     375.083971
   -1177.000       0.035881       0.395895     374.431093
   -1176.000       0.033011       0.396765     376.538191
   -1175.000       0.026994       0.397910     381.068214
   -1174.000       0.018375       0.399292     387.637517
   -1173.000       0.007912       0.400851     395.692349
   -1172.000      -0.003347       0.402540     404.441756
   -1171.000      -0.014283       0.404308     412.999929
   -1170.000      -0.023936       0.406104     420.577082
   -1169.000      -0.031422       0.407883     426.426012
   -1168.000      -0.035890       0.409603     429.802881
   -1167.000      -0.037185       0.411225     430.572702
   -1166.000      -0.035062       0.412718     428.526829
   -1165.000      -0.029804       0.414055     423.926695
   -1164.000      -0.021917       0.415210     417.236629
   -1163.000      -0.012252       0.416164     409.198732
   -1162.000      -0.001461       0.416903     400.375443
   -1161.000       0.009124       0.417410     391.852027
   -1160.000       0.018792       0.417685     384.179648
   -1159.000       0.026647       0.417726     378.024818
   -1158.000       0.031894       0.417538     373.968511
   -1157.000       0.034239       0.417135     372.200936
   -1156.000       0.033538       0.416529     372.817130
   -1155.000       0.029799       0.415739     375.806064
   -1154.000       0.023576       0.414787     380.771493
   -1153.000       0.015539       0.413698     387.218778
   -1152.000       0.006352       0.412490     394.651021
   -1151.000      -0.002973       0.411188     402.283480
   -1150.000      -0.011515       0.409805     409.371483
   -1149.000      -0.018711       0.408359     415.436147
   -1148.000      -0.023677       0.406871     419.722349
   -1147.000      -0.026198       0.405358     422.023004
   -1146.000      -0.026171       0.403841     422.231886
   -1145.000      -0.023708       0.402348     420.431917
   -1144.000      -0.019163       0.400904     416.917397
   -1143.000      -0.013323       0.399542     412.350715
   -1142.000      -0.006609       0.398295     407.076998
   -1141.000      -0.000005       0.397197     401.897247
   -1140.000       0.005904       0.396276     397.278827
   -1139.000       0.010554       0.395560     393.650182
   -1138.000       0.013606       0.395067     391.271657
   -1137.000       0.014807       0.394811     390.326650
   -1136.000       0.014377       0.394804     390.636690
   -1135.000       0.012534       0.395053     392.028719
   -1134.000       0.009649       0.395559     394.211125
   -1133.000       0.006390       0.396320     396.658679
   -1132.000       0.003193       0.397336     399.024039
   -1131.000       0.000467       0.398594     400.977376
   -1130.000      -0.001310       0.400087     402.135971
   -1129.000      -0.002112       0.401796     402.476708
   -1128.000      -0.001931       0.403691     401.998481
   -1127.000      -0.000872       0.405742     400.792618
   -1126.000       0.000629       0.407900     399.219941
   -1125.000       0.002187       0.410117     397.597293
   -1124.000       0.003448       0.412339     396.216438
   -1123.000       0.003951       0.414507     395.451547
   -1122.000       0.003460       0.416561     395.497459
   -1121.000       0.001892       0.418447     396.431425
   -1120.000      -0.000764       0.420115     398.270416
   -1119.000      -0.004286       0.421515     400.854193
   -1118.000      -0.008225       0.422620     403.836943
   -1117.000      -0.012169       0.423395     406.895258
   -1116.000      -0.015618       0.423818     409.636570
   -1115.000      -0.017868       0.423877     411.484672
   -1114.000      -0.018700       0.423560     412.266357
   -1113.000      -0.017577       0.422864     411.538066
   -1112.000      -0.014472       0.421802     409.278631
   -1111.000      -0.009431       0.420380     405.538613
   -1110.000      -0.002790       0.418620     400.593241
   -1109.000       0.005006       0.416559     394.808691
   -1108.000       0.013156       0.414232     388.828596
   -1107.000       0.020926       0.411692     383.219586
   -1106.000       0.027452       0.409008     378.630985
   -1105.000       0.031883       0.406241     375.701760
   -1104.000       0.033608       0.403469     374.872834
   -1103.000       0.032219       0.400770     376.449110
   -1102.000       0.027558       0.398217     380.560858
   -1101.000       0.019829       0.395885     387.078990
   -1100.000       0.009696       0.393840     395.534872
   -1099.000      -0.002107       0.392135     405.373599
   -1098.000      -0.014375       0.390818     415.661134
   -1097.000      -0.025877       0.389926     425.373248
   -1096.000      -0.035506       0.389473     433.549984
   -1095.000      -0.042084       0.389478     439.150382
   -1094.000      -0.044912       0.389935     441.530196
   -1093.000      -0.043492       0.390824     440.241341
   -1092.000      -0.037936       0.392121     435.403477
   -1091.000      -0.028509       0.393783     427.298350
   -1090.000      -0.016236       0.395752     416.887984
   -1089.000      -0.002053       0.397973     405.010431
   -1088.000       0.012653       0.400377     392.864669
   -1087.000       0.026544       0.402891     381.533776
   -1086.000       0.038338       0.405445     371.981667
   -1085.000       0.046985       0.407971     364.968721
   -1084.000       0.051608       0.410402     361.093662
   -1083.000       0.051877       0.412687     360.567272
   -1082.000       0.047667       0.414774     363.478604
   -1081.000       0.039314       0.416621     369.610373
   -1080.000       0.027576       0.418199     378.466245
   -1079.000       0.013317       0.419481     389.453042
   -1078.000      -0.002129       0.420449     401.589827
   -1077.000      -0.017588       0.421099     413.986996
   -1076.000      -0.031674       0.421427     425.481159
   -1075.000      -0.043248       0.421435     435.098899
   -1074.000      -0.051312       0.421140     441.926371
   -1073.000      -0.055158       0.420555     445.294377
   -1072.000      -0.054443       0.419703     444.868377
   -1071.000      -0.049205       0.418617     440.674706
   -1070.000      -0.039872       0.417328     433.120529
   -1069.000      -0.027174       0.415874     422.877316
   -1068.000      -0.012249       0.414293     410.953908
   -1067.000       0.003747       0.412622     398.350536
   -1066.000       0.019340       0.410902     386.259521
   -1065.000       0.033250       0.409170     375.642808
   -1064.000       0.044260       0.407461     367.390048
   -1063.000       0.051433       0.405805     362.135204
   -1062.000       0.054129       0.404232     360.296390
   -1061.000       0.052203       0.402763     361.967923
   -1060.000       0.045784       0.401423     367.065442
   -1059.000       0.035500       0.400231     375.179525
   -1058.000       0.022361       0.399206     385.598167
   -1057.000       0.007457       0.398361     397.546476
   -1056.000      -0.007766       0.397709     409.905895
   -1055.000      -0.022016       0.397257     421.609780
   -1054.000      -0.034052       0.397009     431.587783
   -1053.000      -0.042862       0.396965     438.931284
   -1052.000      -0.047727       0.397121     442.942426
   -1051.000      -0.048379       0.397466     443.369887
   -1050.000      -0.044884       0.397990     440.257483
   -1049.000      -0.037658       0.398676     433.999763
   -1048.000      -0.027544       0.399509     425.365919
   -1047.000      -0.015476       0.400477     415.193593
   -1046.000      -0.002595       0.401562     404.478767
   -1045.000       0.009904       0.402747     394.190690
   -1044.000       0.021012       0.404016     385.119628
   -1043.000       0.029847       0.405349     377.923226
   -1042.000       0.035770       0.406723     373.035495
   -1041.000       0.038465       0.408115     370.666561
   -1040.000       0.037956       0.409495     370.774753
   -1039.000       0.034416       0.410833     373.225227
   -1038.000       0.028453       0.412096     377.578153
   -1037.000       0.020690       0.413253     383.374323
   -1036.000       0.011951       0.414272     390.010012
   -1035.000       0.002941       0.415133     396.939250
   -1034.000      -0.005432       0.415808     403.447940
   -1033.000      -0.012773       0.416283     409.213717
   -1032.000      -0.018451       0.416546     413.705424
   -1031.000      -0.022272       0.416590     416.745477
   -1030.000      -0.024203       0.416411     418.298764
   -1029.000      -0.024309       0.416015     418.405162
   -1028.000      -0.022812       0.415403     417.245579
   -1027.000      -0.020149       0.414585     415.179688
   -1026.000      -0.016627       0.413574     412.459199
   -1025.000      -0.012626       0.412385     409.396092
   -1024.000      -0.008597       0.411040     406.350601
   -1023.000      -0.004674       0.409570     403.426672
   -1022.000      -0.001038       0.408003     400.762747
   -1021.000       0.002128       0.406384     398.492182
   -1020.000       0.005005       0.404758     396.462587
   -1019.000       0.007551       0.403173     394.699110
   -1018.000       0.009847       0.401682     393.121555
   -1017.000       0.012008       0.400337     391.636011
   -1016.000       0.014077       0.399183     390.197824
   -1015.000       0.015810       0.398262     388.991437
   -1014.000       0.017334       0.397602     387.916958
   -1013.000       0.018195       0.397226     387.323360
   -1012.000       0.018265       0.397148     387.311177
   -1011.000       0.017250       0.397364     388.112902
   -1010.000       0.014977       0.397869     389.868281
   -1009.000       0.011211       0.398647     392.772457
   -1008.000       0.006155       0.399673     396.677933
   -1007.000      -0.000095       0.400920     401.525607
   -1006.000      -0.007254       0.402355     407.109542
   -1005.000      -0.014581       0.403935     412.838473
   -1004.000      -0.021675       0.405618     418.400766
   -1003.000      -0.027764       0.407358     423.163183
   -1002.000      -0.032120       0.409099     426.513086
   -1001.000      -0.034226       0.410793     428.021367
   -1000.000      -0.033760       0.412389     427.426681
    -999.000      -0.030250       0.413833     424.341400
    -998.000      -0.024092       0.415087     419.141332
    -997.000      -0.015352       0.416110     411.914702
    -996.000      -0.004698       0.416873     403.263798
    -995.000       0.007034       0.417360     393.899383
    -994.000       0.018892       0.417558     384.590901
    -993.000       0.029933       0.417462     376.081525
    -992.000       0.038991       0.417084     369.226217
    -991.000       0.045217       0.416432     364.635255
    -990.000       0.047962       0.415525     362.761581
    -989.000       0.046648       0.414393     364.013070
    -988.000       0.041283       0.413063     368.403424
    -987.000       0.032206       0.411571     375.728287
    -986.000       0.019886       0.409958     385.689927
    -985.000       0.005459       0.408264     397.487005
    -984.000      -0.009936       0.406536     410.254426
    -983.000      -0.024931       0.404823     422.901205
    -982.000      -0.038180       0.403169     434.273919
    -981.000      -0.048262       0.401622     443.091151
    -980.000      -0.054402       0.400226     448.619824
    -979.000      -0.055730       0.399015     450.025590
    -978.000      -0.052094       0.398022     447.159016
    -977.000      -0.043731       0.397275     440.252186
    -976.000      -0.031389       0.396784     430.022184
    -975.000      -0.015962       0.396560     417.316553
    -974.000       0.000847       0.396603     403.632672
    -973.000       0.017764       0.396901     390.046439
    -972.000       0.033195       0.397442     377.811294
    -971.000       0.045588       0.398210     368.070412
    -970.000       0.054013       0.399176     361.455297
    -969.000       0.057680       0.400317     358.485020
    -968.000       0.056166       0.401602     359.428669
    -967.000       0.049858       0.402996     364.025339
    -966.000       0.039288       0.404467     371.920260
    -965.000       0.025344       0.405980     382.526772
    -964.000       0.009458       0.407499     394.816135
    -963.000      -0.007026       0.408994     407.773924
    -962.000      -0.022782       0.410431     420.340664
    -961.000      -0.036293       0.411782     431.230918
    -960.000      -0.046548       0.413025     439.522767
    -959.000      -0.052857       0.414142     444.584517
    -958.000      -0.054535       0.415114     445.758815
    -957.000      -0.051735       0.415933     443.184574
    -956.000      -0.044800       0.416587     437.186414
    -955.000      -0.034232       0.417067     428.238834
    -954.000      -0.021171       0.417370     417.381658
    -953.000      -0.006776       0.417491     405.622796
    -952.000       0.007937       0.417427     393.809399
    -951.000       0.021492       0.417180     383.109325
    -950.000       0.032958       0.416751     374.198540
    -949.000       0.041419       0.416143     367.723985
    -948.000       0.046273       0.415367     364.079426
    -947.000       0.047125       0.414434     363.516605
    -946.000       0.044266       0.413358     365.821046
    -945.000       0.037793       0.412156     370.927211
    -944.000       0.028510       0.410845     378.272746
    -943.000       0.017294       0.409445     387.233219
    -942.000       0.005087       0.407978     397.099732
    -941.000      -0.007063       0.406465     407.058723
    -940.000      -0.018002       0.404932     416.155367
    -939.000      -0.027038       0.403403     423.786393
    -938.000      -0.033398       0.401906     429.256170
    -937.000      -0.036606       0.400469     432.119173
    -936.000      -0.036662       0.399126     432.344726
    -935.000      -0.033670       0.397908     430.008121
    -934.000      -0.027969       0.396847     425.399037
    -933.000      -0.020362       0.395975     419.219067
    -932.000      -0.011544       0.395320     412.056010
    -931.000      -0.002318       0.394903     404.585021
    -930.000       0.006387       0.394746     397.558116
    -929.000       0.013829       0.394861     391.551044
    -928.000       0.019666       0.395247     386.817090
    -927.000       0.023198       0.395907     383.876187
    -926.000       0.024624       0.396825     382.561507
    -925.000       0.023928       0.397983     382.875324
    -924.000       0.021360       0.399362     384.622745
    -923.000       0.017430       0.400930     387.417819
    -922.000       0.012721       0.402654     390.814367
    -921.000       0.007568       0.404505     394.552143
    -920.000       0.002659       0.406436     398.099948
    -919.000      -0.001673       0.408409     401.190258
    -918.000      -0.005273       0.410382     403.702407
    -917.000      -0.007833       0.412308     405.392469
    -916.000      -0.009447       0.414138     406.341803
    -915.000      -0.010257       0.415831     406.669279
    -914.000      -0.010402       0.417339     406.498130
    -913.000      -0.010037       0.418625     405.957435
    -912.000      -0.009612       0.419658     405.419738
    -911.000      -0.009010       0.420409     404.792540
    -910.000      -0.008554       0.420861     404.341406
    -909.000      -0.008225       0.421009     404.051724
    -908.000      -0.007912       0.420846     403.833417
    -907.000      -0.007527       0.420382     403.616052
    -906.000      -0.006970       0.419631     403.315934
    -905.000      -0.005901       0.418608     402.656404
    -904.000      -0.004260       0.417340     401.586814
    -903.000      -0.002001       0.415856     400.065810
    -902.000       0.001071       0.414184     397.931673
    -901.000       0.004706       0.412366     395.381314
    -900.000       0.008673       0.410444     392.593306
    -899.000       0.012768       0.408460     389.721523
    -898.000       0.016433       0.406468     387.198279
    -897.000       0.019237       0.404514     385.350295
    -896.000       0.020823       0.402648     384.447617
    -895.000       0.020717       0.400922     384.850255
    -894.000       0.018668       0.399378     386.752476
    -893.000       0.014787       0.398051     390.078188
    -892.000       0.009018       0.396977     394.879835
    -891.000       0.001908       0.396174     400.743391
    -890.000      -0.006025       0.395652     407.276017
    -889.000      -0.014038       0.395418     413.873999
    -888.000      -0.021398       0.395466     419.945034
    -887.000      -0.027165       0.395781     424.689918
    -886.000      -0.030811       0.396348     427.657773
    -885.000      -0.031762       0.397138     428.352811
    -884.000      -0.029735       0.398124     426.537019
    -883.000      -0.024875       0.399277     422.360168
    -882.000      -0.017463       0.400561     416.088409
    -881.000      -0.008080       0.401940     408.244966
    -880.000       0.002363       0.403380     399.622903
    -879.000       0.012932       0.404843     390.987100
    -878.000       0.022662       0.406293     383.105909
    -877.000       0.030530       0.407697     376.760276
    -876.000       0.035799       0.409026     372.484349
    -875.000       0.037949       0.410253     370.649095
    -874.000       0.036643       0.411358     371.493915
    -873.000       0.031998       0.412323     374.943127
    -872.000       0.024427       0.413136     380.710557
    -871.000       0.014548       0.413793     388.357428
    -870.000       0.003253       0.414291     397.231149
    -869.000      -0.008324       0.414630     406.461556
    -868.000      -0.019288       0.414812     415.313884
    -867.000      -0.028474       0.414841     422.829272
    -866.000      -0.035080       0.414722     428.296605
    -865.000      -0.038554       0.414466     431.219182
    -864.000      -0.038494       0.414080     431.231604
    -863.000      -0.034972       0.413577     428.391731
    -862.000      -0.028342       0.412968     423.021083
    -861.000      -0.019226       0.412269     415.660311
    -860.000      -0.008450       0.411495     407.034480
    -859.000       0.002853       0.410662     398.084954
    -858.000       0.013740       0.409788     389.563662
    -857.000       0.023130       0.408886     382.304721
    -856.000       0.030158       0.407972     376.947474
    -855.000       0.034275       0.407059     373.874210
    -854.000       0.035089       0.406162     373.361254
    -853.000       0.032602       0.405295     375.398444
    -852.000       0.027177       0.404472     379.724454
    -851.000       0.019381       0.403708     385.933074
    -850.000       0.009994       0.403016     393.435807
    -849.000       0.000065       0.402413     401.441376
    -848.000      -0.009562       0.401911     409.259879
    -847.000      -0.017840       0.401526     416.030735
    -846.000      -0.024114       0.401267     421.187885
    -845.000      -0.027781       0.401143     424.194472
    -844.000      -0.028630       0.401160     424.856400
    -843.000      -0.026706       0.401319     423.204476
    -842.000      -0.022267       0.401619     419.463208
    -841.000      -0.015966       0.402056     414.199509
    -840.000      -0.008424       0.402622     407.938699
    -839.000      -0.000511       0.403305     401.413514
    -838.000       0.006993       0.404091     395.253139
    -837.000       0.013332       0.404963     390.046045
    -836.000       0.018015       0.405900     386.171208
    -835.000       0.020542       0.406882     383.997447
    -834.000       0.020931       0.407883     383.502873
    -833.000       0.019139       0.408878     384.717710
    -832.000       0.015574       0.409841     387.335592
    -831.000       0.010631       0.410741     391.062145
    -830.000       0.004974       0.411553     395.385923
    -829.000      -0.000854       0.412251     399.889764
    -828.000      -0.006185       0.412810     404.046399
    -827.000      -0.010499       0.413211     407.428608
    -826.000      -0.013439       0.413438     409.747342
    -825.000      -0.014702       0.413477     410.747741
    -824.000      -0.014281       0.413328     410.421071
    -823.000      -0.012293       0.412989     408.863299
    -822.000      -0.009002       0.412469     406.290079
    -821.000      -0.004847       0.411779     403.065196
    -820.000      -0.000291       0.410935     399.557155
    -819.000       0.004070       0.409959     396.242588
    -818.000       0.007836       0.408878     393.432161
    -817.000       0.010477       0.407717     391.533537
    -816.000       0.011769       0.406509     390.713500
    -815.000       0.011531       0.405289     391.105402
    -814.000       0.009831       0.404090     392.654742
    -813.000       0.006797       0.402950     395.257763
    -812.000       0.002926       0.401909     398.524106
    -811.000      -0.001496       0.400996     402.226672
    -810.000      -0.005776       0.400247     405.804986
    -809.000      -0.009472       0.399689     408.894411
    -808.000      -0.012112       0.399339     411.102798
    -807.000      -0.013336       0.399214     412.126071
    -806.000      -0.012930       0.399319     411.785095
    -805.000      -0.010953       0.399650     410.129767
    -804.000      -0.007566       0.400201     407.298263
    -803.000      -0.003089       0.400955     403.569040
    -802.000       0.001900       0.401888     399.413532
    -801.000       0.006909       0.402977     395.241098
    -800.000       0.011391       0.404191     391.489568
    -799.000       0.014713       0.405493     388.654997
    -798.000       0.016591       0.406853     386.959138
    -797.000       0.016748       0.408234     386.615583
    -796.000       0.015048       0.409597     387.734827
    -795.000       0.011749       0.410910     390.124422
    -794.000       0.007086       0.412139     393.612633
    -793.000       0.001503       0.413253     397.868210
    -792.000      -0.004371       0.414224     402.400866
    -791.000      -0.009962       0.415027     406.757583
    -790.000      -0.014747       0.415643     410.518669
    -789.000      -0.018106       0.416062     413.171409
    -788.000      -0.019776       0.416271     414.496640
    -787.000      -0.019519       0.416270     414.293194
    -786.000      -0.017345       0.416064     412.571216
    -785.000      -0.013370       0.415658     409.429633
    -784.000      -0.008155       0.415066     405.336034
    -783.000      -0.001970       0.414306     400.513349
    -782.000       0.004356       0.413395     395.631900
    -781.000       0.010307       0.412355     391.094059
    -780.000       0.015239       0.411208     387.399665
    -779.000       0.018690       0.409976     384.895323
    -778.000       0.020186       0.408684     383.933487
    -777.000       0.019756       0.407356     384.488343
    -776.000       0.017318       0.406017     386.621075
    -775.000       0.013164       0.404696     390.111379
    -774.000       0.007821       0.403418     394.555206
    -773.000       0.001790       0.402209     399.563391
    -772.000      -0.004309       0.401094     404.644171
    -771.000      -0.009686       0.400095     409.149105
    -770.000      -0.013928       0.399232     412.732956
    -769.000      -0.016579       0.398519     415.006939
    -768.000      -0.017306       0.397970     415.681598
    -767.000      -0.016217       0.397589     414.844389
    -766.000      -0.013517       0.397384     412.664325
    -765.000      -0.009393       0.397357     409.301574
    -764.000      -0.004651       0.397509     405.425157
    -763.000       0.000351       0.397840     401.327146
    -762.000       0.004921       0.398348     397.568098
    -761.000       0.008585       0.399025     394.519155
    -760.000       0.010887       0.399866     392.535750
    -759.000       0.011822       0.400859     391.617614
    -758.000       0.011136       0.401990     391.960558
    -757.000       0.009176       0.403242     393.294380
    -756.000       0.006287       0.404592     395.352780
    -755.000       0.002802       0.406014     397.877978
    -754.000      -0.000691       0.407485     400.407560
    -753.000      -0.003687       0.408975     402.541051
    -752.000      -0.005889       0.410454     404.043298
    -751.000      -0.006985       0.411897     404.665051
    -750.000      -0.006719       0.413272     404.203222
    -749.000      -0.005439       0.414553     402.947776
    -748.000      -0.003077       0.415715     400.851181
    -747.000      -0.000129       0.416736     398.320960
    -746.000       0.002981       0.417588     395.701744
    -745.000       0.005776       0.418254     393.374547
    -744.000       0.007962       0.418716     391.575367
    -743.000       0.008907       0.418955     390.796031
    -742.000       0.008663       0.418962     390.998894
    -741.000       0.007053       0.418728     392.323621
    -740.000       0.004101       0.418248     394.758534
    -739.000       0.000261       0.417530     397.951786
    -738.000      -0.004129       0.416580     401.640962
    -737.000      -0.008648       0.415412     405.494367
    -736.000      -0.012538       0.414053     408.894082
    -735.000      -0.015408       0.412525     411.514217
    -734.000      -0.016811       0.410860     412.978902
    -733.000      -0.016359       0.409097     412.954278
    -732.000      -0.013978       0.407270     411.374677
    -731.000      -0.009882       0.405419     408.411863
    -730.000      -0.004185       0.403589     404.164067
    -729.000       0.002419       0.401820     399.196948
    -728.000       0.009315       0.400154     394.006489
    -727.000       0.015791       0.398635     389.153330
    -726.000       0.021134       0.397301     385.189592
    -725.000       0.024505       0.396188     382.748147
    -724.000       0.025719       0.395330     381.968409
    -723.000       0.024257       0.394748     383.240393
    -722.000       0.020224       0.394460     386.492143
    -721.000       0.013994       0.394477     391.454509
    -720.000       0.006016       0.394790     397.794087
    -719.000      -0.002994       0.395390     404.969705
    -718.000      -0.011991       0.396262     412.149395
    -717.000      -0.020239       0.397371     418.732574
    -716.000      -0.026878       0.398689     423.999270
    -715.000      -0.031089       0.400181     427.243953
    -714.000      -0.032548       0.401804     428.190159
    -713.000      -0.031053       0.403520     426.673159
    -712.000      -0.026534       0.405288     422.647285
    -711.000      -0.019542       0.407062     416.622794
    -710.000      -0.010638       0.408805     409.095746
    -709.000      -0.000453       0.410479     400.627016
    -708.000       0.009880       0.412043     392.150406
    -707.000       0.019564       0.413467     384.300537
    -706.000       0.027816       0.414724     377.671490
    -705.000       0.033697       0.415786     372.961028
    -704.000       0.036805       0.416638     370.443072
    -703.000       0.036883       0.417266     370.300266
    -702.000       0.033714       0.417661     372.687528
    -701.000       0.027697       0.417825     377.331218
    -700.000       0.019305       0.417763     383.896988
    -699.000       0.009135       0.417481     391.959919
    -698.000      -0.001916       0.416995     400.849274
    -697.000      -0.012781       0.416321     409.719582
    -696.000      -0.022809       0.415477     418.039416
    -695.000      -0.030864       0.414486     424.838609
    -694.000      -0.036356       0.413371     429.591136
    -693.000      -0.038866       0.412154     431.910152
    -692.000      -0.038036       0.410863     431.464002
    -691.000      -0.033945       0.409523     428.317618
    -690.000      -0.027059       0.408160     422.882157
    -689.000      -0.017787       0.406802     415.522223
    -688.000      -0.007025       0.405479     407.004892
    -687.000       0.004243       0.404215     398.160590
    -686.000       0.015149       0.403038     389.672358
    -685.000       0.024681       0.401971     382.332025
    -684.000       0.031972       0.401033     376.774892
    -683.000       0.036462       0.400242     373.399957
    -682.000       0.037804       0.399611     372.447730
    -681.000       0.035788       0.399149     374.063618
    -680.000       0.030795       0.398860     377.977053
    -679.000       0.023284       0.398748     383.859220
    -678.000       0.013808       0.398813     391.307068
    -677.000       0.003495       0.399053     399.471936
    -676.000      -0.006927       0.399463     407.775883
    -675.000      -0.016495       0.400034     415.432206
    -674.000      -0.024351       0.400757     421.721125
    -673.000      -0.029893       0.401617     426.107983
    -672.000      -0.032840       0.402593     428.342857
    -671.000      -0.032821       0.403668     428.095187
    -670.000      -0.030158       0.404814     425.647846
    -669.000      -0.025153       0.406004     421.273908
    -668.000      -0.018270       0.407212     415.382680
    -667.000      -0.010250       0.408411     408.618395
    -666.000      -0.001898       0.409570     401.655450
    -665.000       0.006256       0.410667     394.918098
    -664.000       0.013395       0.411676     389.059260
    -663.000       0.019009       0.412575     384.456972
    -662.000       0.022917       0.413344     381.238876
    -661.000       0.024719       0.413962     379.695255
    -660.000       0.024585       0.414414     379.689654
    -659.000       0.022697       0.414687     381.082750
    -658.000       0.019306       0.414769     383.684391
    -657.000       0.014839       0.414654     387.174386
    -656.000       0.009828       0.414340     391.147216
    -655.000       0.004607       0.413827     395.341381
    -654.000      -0.000392       0.413126     399.416014
    -653.000      -0.004761       0.412252     403.041813
    -652.000      -0.008441       0.411224     406.156256
    -651.000      -0.011210       0.410068     408.573464
    -650.000      -0.013038       0.408816     410.255382
    -649.000      -0.014077       0.407503     411.313934
    -648.000      -0.014403       0.406166     411.802270
    -647.000      -0.014060       0.404842     411.745358
    -646.000      -0.013363       0.403570     411.396492
    -645.000      -0.012248       0.402388     410.694039
    -644.000      -0.010818       0.401328     409.717514
    -643.000      -0.009139       0.400421     408.517714
    -642.000      -0.007092       0.399696     406.992641
    -641.000      -0.004658       0.399176     405.124755
    -640.000      -0.001830       0.398878     402.912270
    -639.000       0.001432       0.398819     400.317517
    -638.000       0.005100       0.399004     397.370786
    -637.000       0.008929       0.399430     394.269199
    -636.000       0.012790       0.400094     391.119307
    -635.000       0.016360       0.400975     388.178391
    -634.000       0.019221       0.402050     385.778452
    -633.000       0.021097       0.403290     384.135570
    -632.000       0.021615       0.404652     383.542345
    -631.000       0.020481       0.406099     384.230487
    -630.000       0.017647       0.407588     386.251271
    -629.000       0.013084       0.409074     389.642212
    -628.000       0.006984       0.410515     394.272432
    -627.000      -0.000270       0.411876     399.866683
    -626.000      -0.008129       0.413116     406.007839
    -625.000      -0.016045       0.414209     412.262721
    -624.000      -0.023216       0.415126     417.992465
    -623.000      -0.029035       0.415842     422.684517
    -622.000      -0.032840       0.416341     425.781445
    -621.000      -0.034169       0.416609     426.888463
    -620.000      -0.032664       0.416634     425.698782
    -619.000      -0.028412       0.416418     422.305653
    -618.000      -0.021416       0.415961     416.716411
    -617.000      -0.012292       0.415273     409.486507
    -616.000      -0.001644       0.414371     401.132769
    -615.000       0.009651       0.413279     392.371943
    -614.000       0.020639       0.412021     383.974320
    -613.000       0.030270       0.410632     376.733719
    -612.000       0.037689       0.409146     371.271310
    -611.000       0.042103       0.407600     368.160913
    -610.000       0.042959       0.406032     367.788178
    -609.000       0.040118       0.404480     370.258947
    -608.000       0.033664       0.402978     375.528993
    -607.000       0.024039       0.401564     383.306948
    -606.000       0.012126       0.400269     392.973731
    -605.000      -0.001148       0.399118     403.825962
    -604.000      -0.014542       0.398141     414.900832
    -603.000      -0.026850       0.397356     425.195061
    -602.000      -0.036924       0.396783     433.702669
    -601.000      -0.043857       0.396438     439.605069
    -600.000      -0.046880       0.396325     442.189307
    -599.000      -0.045851       0.396450     441.313453
    -598.000      -0.040675       0.396812     436.894816
    -597.000      -0.031976       0.397401     429.521825
    -596.000      -0.020401       0.398203     419.801141
    -595.000      -0.007118       0.399201     408.770833
    -594.000       0.006767       0.400371     397.372117
    -593.000       0.019970       0.401687     386.657845
    -592.000       0.031372       0.403124     377.473082
    -591.000       0.039982       0.404651     370.536768
    -590.000       0.045110       0.406242     366.325066
    -589.000       0.046396       0.407868     365.067997
    -588.000       0.043729       0.409499     366.834045
    -587.000       0.037537       0.411109     371.320917
    -586.000       0.028268       0.412667     378.225475
    -585.000       0.016896       0.414143     386.858237
    -584.000       0.004328       0.415510     396.543435
    -583.000      -0.008308       0.416739     406.424056
    -582.000      -0.020083       0.417803     415.749086
    -581.000      -0.029888       0.418677     423.575995
    -580.000      -0.037200       0.419343     429.455133
    -579.000      -0.041301       0.419778     432.735730
    -578.000      -0.042075       0.419974     433.304893
    -577.000      -0.039525       0.419920     431.159239
    -576.000      -0.033913       0.419609     426.535080
    -575.000      -0.025801       0.419042     419.937018
    -574.000      -0.015922       0.418224     411.997394
    -573.000      -0.005064       0.417159     403.385946
    -572.000       0.005845       0.415862     394.869869
    -571.000       0.015950       0.414353     387.097889
    -570.000       0.024459       0.412650     380.679373
    -569.000       0.030790       0.410786     376.025569
    -568.000       0.034409       0.408794     373.505340
    -567.000       0.035229       0.406711     373.171076
    -566.000       0.033180       0.404583     375.062256
    -565.000       0.028576       0.402462     378.948974
    -564.000       0.021853       0.400392     384.510946
    -563.000       0.013714       0.398430     391.220782
    -562.000       0.004747       0.396627     398.631335
    -561.000      -0.004083       0.395029     405.966711
    -560.000      -0.012221       0.393685     412.764268
    -559.000      -0.018895       0.392637     418.368130
    -558.000      -0.023707       0.391912     422.416653
    -557.000      -0.026280       0.391541     424.566552
    -556.000      -0.026648       0.391540     424.834483
    -555.000      -0.024808       0.391909     423.209675
    -554.000      -0.021151       0.392652     420.028797
    -553.000      -0.016136       0.393753     415.687209
    -552.000      -0.010232       0.395184     410.593168
    -551.000      -0.004026       0.396918     405.237296
    -550.000       0.001889       0.398910     400.110070
    -549.000       0.007192       0.401106     395.473453
    -548.000       0.011462       0.403456     391.660450
    -547.000       0.014475       0.405896     388.842006
    -546.000       0.016286       0.408358     386.980760
    -545.000       0.016822       0.410785     386.129214
    -544.000       0.016261       0.413113     386.155833
    -543.000       0.014866       0.415283     386.864804
    -542.000       0.012833       0.417248     388.108762
    -541.000       0.010329       0.418965     389.768160
    -540.000       0.007730       0.420394     391.555293
    -539.000       0.005032       0.421511     393.480560
    -538.000       0.002402       0.422294     395.416585
    -537.000      -0.000039       0.422726     397.269926
    -536.000      -0.002360       0.422809     399.097333
    -535.000      -0.004603       0.422536     400.933631
    -534.000      -0.006583       0.421918     402.627545
    -533.000      -0.008589       0.420973     404.409147
    -532.000      -0.010384       0.419720     406.083231
    -531.000      -0.011968       0.418193     407.642105
    -530.000      -0.013248       0.416433     409.003911
    -529.000      -0.014095       0.414480     410.055093
    -528.000      -0.014226       0.412388     410.551261
    -527.000      -0.013635       0.410211     410.480699
    -526.000      -0.012074       0.408003     409.628366
    -525.000      -0.009454       0.405820     407.915605
    -524.000      -0.005894       0.403718     405.431616
    -523.000      -0.001451       0.401741     402.219742
    -522.000       0.003694       0.399940     398.428972
    -521.000       0.009011       0.398352     394.477103
    -520.000       0.014190       0.397006     390.613586
    -519.000       0.018739       0.395931     387.222005
    -518.000       0.022018       0.395145     384.792672
    -517.000       0.023718       0.394657     383.564270
    -516.000       0.023545       0.394471     383.762344
    -515.000       0.021143       0.394585     385.663493
    -514.000       0.016816       0.394985     389.048816
    -513.000       0.010657       0.395657     393.858956
    -512.000       0.003154       0.396574     399.735398
    -511.000      -0.005058       0.397706     406.188095
    -510.000      -0.013166       0.399019     412.570329
    -509.000      -0.020619       0.400475     418.440279
    -508.000      -0.026432       0.402033     422.969380
    -507.000      -0.030152       0.403653     425.776226
    -506.000      -0.031363       0.405296     426.508483
    -505.000      -0.029755       0.406922     424.908326
    -504.000      -0.025460       0.408501     421.107255
    -503.000      -0.018852       0.410003     415.451215
    -502.000      -0.010352       0.411399     408.318972
    -501.000      -0.000747       0.412672     400.388751
    -500.000       0.009023       0.413798     392.428729
    -499.000       0.018262       0.414763     384.997803
    -498.000       0.025972       0.415552     378.852925
    -497.000       0.031479       0.416152     374.489996
    -496.000       0.034298       0.416554     372.253155
    -495.000       0.034179       0.416752     372.319227
    -494.000       0.030944       0.416742     374.817945
    -493.000       0.025125       0.416526     379.370960
    -492.000       0.017060       0.416108     385.744503
    -491.000       0.007447       0.415496     393.425729
    -490.000      -0.002659       0.414704     401.613161
    -489.000      -0.012527       0.413747     409.718854
    -488.000      -0.021243       0.412643     416.995809
    -487.000      -0.027889       0.411410     422.651951
    -486.000      -0.032025       0.410075     426.292076
    -485.000      -0.033286       0.408661     427.581440
    -484.000      -0.031425       0.407198     426.288225
    -483.000      -0.026861       0.405714     422.775167
    -482.000      -0.019985       0.404243     417.373858
    -481.000      -0.011353       0.402815     410.565750
    -480.000      -0.001993       0.401472     403.208581
    -479.000       0.007289       0.400244     395.954873
    -478.000       0.015696       0.399170     389.429125
    -477.000       0.022311       0.398281     384.331632
    -476.000       0.026609       0.397609     381.040158
    -475.000       0.028387       0.397176     379.696343
    -474.000       0.027313       0.397004     380.534783
    -473.000       0.023801       0.397103     383.244969
    -472.000       0.018255       0.397481     387.525439
    -471.000       0.011197       0.398132     392.980694
    -470.000       0.003470       0.399046     398.967413
    -469.000      -0.004116       0.400202     404.838127
    -468.000      -0.010988       0.401576     410.132720
    -467.000      -0.016408       0.403132     414.240221
    -466.000      -0.019926       0.404833     416.780562
    -465.000      -0.021465       0.406637     417.689935
    -464.000      -0.020891       0.408494     416.860855
    -463.000      -0.018365       0.410358     414.437677
    -462.000      -0.014441       0.412175     410.902278
    -461.000      -0.009398       0.413895     406.496848
    -460.000      -0.003850       0.415471     401.739926
    -459.000       0.001560       0.416854     397.157955
    -458.000       0.006446       0.417999     393.061866
    -457.000       0.010377       0.418873     389.787526
    -456.000       0.012914       0.419444     387.675873
    -455.000       0.014109       0.419687     386.679414
    -454.000       0.013842       0.419594     386.891005
    -453.000       0.012212       0.419156     388.231569
    -452.000       0.009559       0.418377     390.442297
    -451.000       0.006227       0.417276     393.254106
    -450.000       0.002462       0.415869     396.473711
    -449.000      -0.001146       0.414189     399.632853
    -448.000      -0.004293       0.412276     402.476475
    -447.000      -0.006776       0.410171     404.832640
    -446.000      -0.008165       0.407926     406.337454
    -445.000      -0.008486       0.405606     406.995507
    -444.000      -0.007815       0.403265     406.857286
    -443.000      -0.006086       0.400974     405.851800
    -442.000      -0.003722       0.398805     404.313922
    -441.000      -0.001016       0.396817     402.469414
    -440.000       0.001772       0.395078     400.519817
    -439.000       0.004197       0.393648     398.812238
    -438.000       0.005886       0.392568     397.637449
    -437.000       0.006807       0.391880     397.014792
    -436.000       0.006628       0.391608     397.203047
    -435.000       0.005461       0.391760     398.113652
    -434.000       0.003479       0.392336     399.609241
    -433.000       0.000883       0.393320     401.533500
    -432.000      -0.002057       0.394679     403.675357
    -431.000      -0.004776       0.396377     405.586071
    -430.000      -0.007123       0.398367     407.147614
    -429.000      -0.008693       0.400584     408.041013
    -428.000      -0.009197       0.402976     408.039426
    -427.000      -0.008670       0.405475     407.184981
    -426.000      -0.007032       0.408012     405.427310
    -425.000      -0.004438       0.410527     402.907357
    -424.000      -0.001167       0.412956     399.871034
    -423.000       0.002401       0.415234     396.635679
    -422.000       0.006044       0.417316     393.389229
    -421.000       0.009153       0.419147     390.621520
    -420.000       0.011543       0.420688     388.479352
    -419.000       0.012886       0.421912     387.220149
    -418.000       0.012976       0.422792     387.003109
    -417.000       0.011730       0.423312     387.896449
    -416.000       0.009383       0.423473     389.721139
    -415.000       0.005879       0.423273     392.524272
    -414.000       0.001725       0.422726     395.915475
    -413.000      -0.002725       0.421848     399.617587
    -412.000      -0.007143       0.420661     403.366595
    -411.000      -0.010964       0.419194     406.704812
    -410.000      -0.013816       0.417481     409.319370
    -409.000      -0.015474       0.415557     411.014035
    -408.000      -0.015622       0.413464     411.515703
    -407.000      -0.014268       0.411247     410.820186
    -406.000      -0.011532       0.408948     409.018715
    -405.000      -0.007645       0.406622     406.290074
    -404.000      -0.002909       0.404319     402.877673
    -403.000       0.002017       0.402084     399.311399
    -402.000       0.006840       0.399970     395.813543
    -401.000       0.010923       0.398021     392.886109
    -400.000       0.013871       0.396273     390.831739
    -399.000       0.015375       0.394763     389.882257
    -398.000       0.015353       0.393519     390.098371
    -397.000       0.013662       0.392558     391.587765
    -396.000       0.010722       0.391897     394.029128
    -395.000       0.006713       0.391550     397.279628
    -394.000       0.002171       0.391513     400.918575
    -393.000      -0.002407       0.391791     404.552709
    -392.000      -0.006493       0.392377     407.750712
    -391.000      -0.009737       0.393259     410.224010
    -390.000      -0.011723       0.394422     411.631654
    -389.000      -0.012348       0.395845     411.885524
    -388.000      -0.011649       0.397496     411.023690
    -387.000      -0.009725       0.399346     409.132591
    -386.000      -0.006924       0.401359     406.508428
    -385.000      -0.003653       0.403491     403.497026
    -384.000      -0.000268       0.405703     400.389246
    -383.000       0.002761       0.407953     397.574070
    -382.000       0.005095       0.410193     395.322020
    -381.000       0.006557       0.412385     393.776102
    -380.000       0.006972       0.414488     393.077231
    -379.000       0.006413       0.416461     393.170178
    -378.000       0.005014       0.418268     393.956769
    -377.000       0.003065       0.419879     395.213200
    -376.000       0.000821       0.421255     396.745868
    -375.000      -0.001273       0.422368     398.208990
    -374.000      -0.002989       0.423195     399.424213
    -373.000      -0.004002       0.423706     400.139243
    -372.000      -0.004188       0.423886     400.255697
    -371.000      -0.003445       0.423720     399.696025
    -370.000      -0.001949       0.423199     398.602424
    -369.000       0.000255       0.422324     397.011648
    -368.000       0.002703       0.421106     395.292110
    -367.000       0.005202       0.419558     393.593409
    -366.000       0.007259       0.417712     392.298177
    -365.000       0.008606       0.415601     391.610560
    -364.000       0.008895       0.413264     391.796478
    -363.000       0.008029       0.410755     392.925745
    -362.000       0.005925       0.408130     395.058295
    -361.000       0.002727       0.405442     398.081491
    -360.000      -0.001271       0.402762     401.758385
    -359.000      -0.005666       0.400152     405.760303
    -358.000      -0.009995       0.397681     409.709644
    -357.000      -0.013645       0.395418     413.089548
    -356.000      -0.016195       0.393427     415.537330
    -355.000      -0.017168       0.391768     416.643563
    -354.000      -0.016341       0.390499     416.208786
    -353.000      -0.013620       0.389660     414.152670
    -352.000      -0.009231       0.389280     410.663967
    -351.000      -0.003428       0.389384     405.962753
    -350.000       0.003116       0.389964     400.617966
    -349.000       0.009848       0.391006     395.081538
    -348.000       0.015961       0.392485     390.005385
    -347.000       0.020893       0.394350     385.835275
    -346.000       0.023955       0.396545     383.099397
    -345.000       0.024895       0.399011     381.993445
    -344.000       0.023431       0.401667     382.735658
    -343.000       0.019702       0.404441     385.234870
    -342.000       0.013974       0.407257     389.305665
    -341.000       0.006731       0.410034     394.595266
    -340.000      -0.001378       0.412699     400.626408
    -339.000      -0.009682       0.415185     406.881036
    -338.000      -0.017354       0.417422     412.702097
    -337.000      -0.023827       0.419359     417.639327
    -336.000      -0.028416       0.420948     421.116485
    -335.000      -0.030721       0.422149     422.802748
    -334.000      -0.030518       0.422937     422.510606
    -333.000      -0.027775       0.423298     420.219167
    -332.000      -0.022587       0.423221     416.023572
    -331.000      -0.015497       0.422720     410.387450
    -330.000      -0.006873       0.421811     403.632008
    -329.000       0.002487       0.420520     396.411510
    -328.000       0.011823       0.418892     389.324870
    -327.000       0.020423       0.416972     382.920523
    -326.000       0.027487       0.414812     377.795154
    -325.000       0.032374       0.412482     374.402946
    -324.000       0.034669       0.410043     373.040119
    -323.000       0.034076       0.407561     373.913661
    -322.000       0.030546       0.405111     377.060628
    -321.000       0.024407       0.402756     382.247391
    -320.000       0.016074       0.400562     389.176609
    -319.000       0.006196       0.398592     397.372971
    -318.000      -0.004246       0.396899     406.062140
    -317.000      -0.014479       0.395526     414.625593
    -316.000      -0.023535       0.394512     422.248786
    -315.000      -0.030563       0.393874     428.184706
    -314.000      -0.034981       0.393627     431.912512
    -313.000      -0.036401       0.393767     433.079017
    -312.000      -0.034596       0.394276     431.480647
    -311.000      -0.029875       0.395128     427.401877
    -310.000      -0.022573       0.396289     421.156554
    -309.000      -0.013364       0.397712     413.357916
    -308.000      -0.003078       0.399351     404.728126
    -307.000       0.007359       0.401152     396.039942
    -306.000       0.017162       0.403062     387.939895
    -305.000       0.025411       0.405029     381.127211
    -304.000       0.031473       0.407003     376.072906
    -303.000       0.034969       0.408931     373.045696
    -302.000       0.035544       0.410772     372.292400
    -301.000       0.033279       0.412481     373.752390
    -300.000       0.028473       0.414024     377.212177
    -299.000       0.021442       0.415372     382.447888
    -298.000       0.012902       0.416498     388.945419
    -297.000       0.003550       0.417386     396.173946
    -296.000      -0.005889       0.418025     403.583647
    -295.000      -0.014685       0.418409     410.581709
    -294.000      -0.022065       0.418537     416.527896
    -293.000      -0.027640       0.418416     421.083749
    -292.000      -0.030944       0.418053     423.840493
    -291.000      -0.031772       0.417459     424.604782
    -290.000      -0.030232       0.416650     423.463843
    -289.000      -0.026492       0.415641     420.556098
    -288.000      -0.020826       0.414449     416.115191
    -287.000      -0.013944       0.413099     410.739722
    -286.000      -0.006265       0.411607     404.777597
    -285.000       0.001607       0.410002     398.721538
    -284.000       0.008900       0.408307     393.177993
    -283.000       0.015294       0.406555     388.389590
    -282.000       0.020296       0.404775     384.724112
    -281.000       0.023540       0.403006     382.443252
    -280.000       0.025034       0.401281     381.530269
    -279.000       0.024745       0.399639     381.999934
    -278.000       0.022731       0.398119     383.802409
    -277.000       0.019362       0.396758     386.652739
    -276.000       0.014976       0.395589     390.291769
    -275.000       0.009754       0.394645     394.576610
    -274.000       0.004324       0.393951     399.015346
    -273.000      -0.001134       0.393530     403.455700
    -272.000      -0.006316       0.393401     407.653840
    -271.000      -0.010874       0.393577     411.312960
    -270.000      -0.014666       0.394064     414.311669
    -269.000      -0.017671       0.394869     416.626375
    -268.000      -0.019574       0.395987     417.986845
    -267.000      -0.020508       0.397404     418.504353
    -266.000      -0.020436       0.399106     418.150229
    -265.000      -0.019225       0.401061     416.818803
    -264.000      -0.017023       0.403233     414.646527
    -263.000      -0.013882       0.405578     411.688744
    -262.000      -0.009796       0.408041     407.959447
    -261.000      -0.004947       0.410560     403.628345
    -260.000       0.000358       0.413081     398.960056
    -259.000       0.006147       0.415531     393.953515
    -258.000       0.011834       0.417848     389.084634
    -257.000       0.017207       0.419976     384.528677
    -256.000       0.021934       0.421854     380.552156
    -255.000       0.025546       0.423428     377.513252
    -254.000       0.027675       0.424662     375.690728
    -253.000       0.028203       0.425509     375.180506
    -252.000       0.026708       0.425945     376.300625
    -251.000       0.023259       0.425948     379.015379
    -250.000       0.017939       0.425501     383.278497
    -249.000       0.010897       0.424606     389.000254
    -248.000       0.002545       0.423273     395.884528
    -247.000      -0.006470       0.421512     403.443944
    -246.000      -0.015656       0.419359     411.289940
    -245.000      -0.024208       0.416855     418.768422
    -244.000      -0.031326       0.414046     425.188836
    -243.000      -0.036412       0.411000     430.024182
    -242.000      -0.038892       0.407791     432.747402
    -241.000      -0.038187       0.404493     432.824877
    -240.000      -0.034419       0.401200     430.353243
    -239.000      -0.027488       0.398002     425.233339
    -238.000      -0.017867       0.394987     417.885835
    -237.000      -0.006334       0.392253     408.986834
    -236.000       0.006200       0.389880     399.299425
    -235.000       0.018773       0.387940     389.617016
    -234.000       0.029958       0.386505     381.049226
    -233.000       0.038888       0.385617     374.241299
    -232.000       0.044625       0.385302     369.875438
    -231.000       0.046419       0.385583     368.479185
    -230.000       0.044133       0.386442     370.151176
    -229.000       0.037976       0.387854     374.756153
    -228.000       0.028210       0.389779     382.125839
    -227.000       0.015970       0.392148     391.461081
    -226.000       0.002231       0.394887     402.035717
    -225.000      -0.011904       0.397918     413.006365
    -224.000      -0.025026       0.401142     423.231745
    -223.000      -0.036102       0.404469     431.832503
    -222.000      -0.044317       0.407813     438.096032
    -221.000      -0.048837       0.411078     441.282142
    -220.000      -0.049445       0.414186     441.201918
    -219.000      -0.046193       0.417071     437.926413
    -218.000      -0.039220       0.419659     431.613646
    -217.000      -0.029232       0.421904     422.934461
    -216.000      -0.017067       0.423762     412.653357
    -215.000      -0.003570       0.425197     401.511389
    -214.000       0.010164       0.426189     390.418212
    -213.000       0.022963       0.426730     380.287540
    -212.000       0.034120       0.426813     371.633981
    -211.000       0.042547       0.426453     365.227072
    -210.000       0.047741       0.425668     361.393808
    -209.000       0.049331       0.424482     360.371426
    -208.000       0.047183       0.422937     362.242553
    -207.000       0.041382       0.421074     366.955148
    -206.000       0.032589       0.418940     374.063427
    -205.000       0.021254       0.416595     383.260785
    -204.000       0.008388       0.414094     393.817335
    -203.000      -0.005026       0.411493     404.988008
    -202.000      -0.017931       0.408860     415.907539
    -201.000      -0.029393       0.406252     425.785045
    -200.000      -0.038336       0.403725     433.658056
    -199.000      -0.044210       0.401336     439.000568
    -198.000      -0.046524       0.399136     441.335435
    -197.000      -0.045004       0.397163     440.388668
    -196.000      -0.039944       0.395460     436.419193
    -195.000      -0.031768       0.394053     429.812135
    -194.000      -0.021055       0.392963     421.090849
    -193.000      -0.008903       0.392205     411.230597
    -192.000       0.003778       0.391784     401.001213
    -191.000       0.015948       0.391696     391.247574
    -190.000       0.026580       0.391935     382.775613
    -189.000       0.034801       0.392484     376.220704
    -188.000       0.040202       0.393322     371.868229
    -187.000       0.042152       0.394425     370.156346
    -186.000       0.040795       0.395764     370.968215
    -185.000       0.036310       0.397307     374.176242
    -184.000       0.029083       0.399021     379.502103
    -183.000       0.019796       0.400871     386.460521
    -182.000       0.009381       0.402821     394.361921
    -181.000      -0.001567       0.404836     402.743070
    -180.000      -0.011978       0.406877     410.765300
    -179.000      -0.021144       0.408908     417.839321
    -178.000      -0.028546       0.410892     423.518875
    -177.000      -0.033549       0.412792     427.258200
    -176.000      -0.035988       0.414569     428.907970
    -175.000      -0.035816       0.416191     428.425286
    -174.000      -0.033139       0.417621     425.910096
    -173.000      -0.028214       0.418830     421.597160
    -172.000      -0.021642       0.419794     416.016799
    -171.000      -0.013777       0.420490     409.477354
    -170.000      -0.005321       0.420898     402.569151
    -169.000       0.003143       0.421012     395.773512
    -168.000       0.011102       0.420822     389.482615
    -167.000       0.018081       0.420325     384.065653
    -166.000       0.023578       0.419526     379.887595
    -165.000       0.027481       0.418434     377.018496
    -164.000       0.029517       0.417061     375.649001
    -163.000       0.029646       0.415433     375.798632
    -162.000       0.028010       0.413573     377.358998
    -161.000       0.024708       0.411517     380.253236
    -160.000       0.019977       0.409309     384.303657
    -159.000       0.014181       0.406997     389.241542
    -158.000       0.007615       0.404636     394.833908
    -157.000       0.000653       0.402290     400.785123
    -156.000      -0.006277       0.400023     406.751111
    -155.000      -0.012798       0.397901     412.404848
    -154.000      -0.018607       0.395997     417.483200
    -153.000      -0.023237       0.394366     421.577020
    -152.000      -0.026504       0.393073     424.508979
    -151.000      -0.028129       0.392163     426.023974
    -150.000      -0.027948       0.391670     425.972728
    -149.000      -0.025927       0.391619     424.323924
    -148.000      -0.022140       0.392020     421.145825
    -147.000      -0.016697       0.392859     416.545568
    -146.000      -0.009953       0.394122     410.845142
    -145.000      -0.002279       0.395771     404.374021
    -144.000       0.005839       0.397756     397.541741
    -143.000       0.013872       0.400026     390.799107
    -142.000       0.021179       0.402514     384.650660
    -141.000       0.027299       0.405144     379.457326
    -140.000       0.031682       0.407850     375.639420
    -139.000       0.033923       0.410549     373.495942
    -138.000       0.033823       0.413162     373.179867
    -137.000       0.031242       0.415622     374.803357
    -136.000       0.026254       0.417852     378.330857
    -135.000       0.019217       0.419790     383.528015
    -134.000       0.010443       0.421384     390.173350
    -133.000       0.000619       0.422583     397.782057
    -132.000      -0.009605       0.423356     405.860274
    -131.000      -0.019454       0.423683     413.790457
    -130.000      -0.028188       0.423548     420.974557
    -129.000      -0.035030       0.422956     426.747393
    -128.000      -0.039442       0.421922     430.626895
    -127.000      -0.040942       0.420467     432.187159
    -126.000      -0.039274       0.418631     431.186618
    -125.000      -0.034514       0.416464     427.688861
    -124.000      -0.026880       0.414014     421.882286
    -123.000      -0.016901       0.411355     414.226266
    -122.000      -0.005352       0.408558     405.389319
    -121.000       0.006873       0.405698     396.094450
    -120.000       0.018751       0.402861     387.160780
    -119.000       0.029223       0.400130     379.394545
    -118.000       0.037378       0.397578     373.457460
    -117.000       0.042419       0.395291     369.916140
    -116.000       0.043845       0.393330     369.120867
    -115.000       0.041499       0.391752     371.179757
    -114.000       0.035501       0.390609     376.014098
    -113.000       0.026454       0.389928     383.205518
    -112.000       0.015061       0.389723     392.252285
    -111.000       0.002467       0.390002     402.295813
    -110.000      -0.010274       0.390745     412.495290
    -109.000      -0.021970       0.391923     421.884253
    -108.000      -0.031654       0.393500     429.620623
    -107.000      -0.038444       0.395420     434.923993
    -106.000      -0.041907       0.397622     437.405272
    -105.000      -0.041776       0.400045     436.825017
    -104.000      -0.038162       0.402617     433.300652
    -103.000      -0.031554       0.405267     427.290051
    -102.000      -0.022512       0.407930     419.322351
    -101.000      -0.011890       0.410536     410.164798
    -100.000      -0.000650       0.413027     400.634781
     -99.000       0.010357       0.415346     391.440684
     -98.000       0.020276       0.417442     383.251116
     -97.000       0.028256       0.419275     376.691417
     -96.000       0.033950       0.420814     372.007263
     -95.000       0.036824       0.422029     369.565262
     -94.000       0.036876       0.422907     369.349707
     -93.000       0.034174       0.423437     371.306203
     -92.000       0.029036       0.423616     375.205493
     -91.000       0.021885       0.423447     380.751245
     -90.000       0.013422       0.422944     387.425311
     -89.000       0.004219       0.422116     394.799455
     -88.000      -0.004962       0.420989     402.288675
     -87.000      -0.013456       0.419586     409.338363
     -86.000      -0.020660       0.417934     415.451324
     -85.000      -0.026138       0.416068     420.240434
     -84.000      -0.029446       0.414026     423.301213
     -83.000      -0.030527       0.411843     424.566249
     -82.000      -0.029319       0.409563     423.961676
     -81.000      -0.025989       0.407229     421.618915
     -80.000      -0.020866       0.404882     417.811670
     -79.000      -0.014435       0.402568     412.944301
     -78.000      -0.007119       0.400331     407.370194
     -77.000       0.000386       0.398211     401.655760
     -76.000       0.007594       0.396251     396.184247
     -75.000       0.013932       0.394494     391.405679
     -74.000       0.018993       0.392974     387.621079
     -73.000       0.022350       0.391730     385.147693
     -72.000       0.023982       0.390792     383.993868
     -71.000       0.023659       0.390186     384.323134
     -70.000       0.021594       0.389932     385.972804
     -69.000       0.018031       0.390046     388.752779
     -68.000       0.013261       0.390526     392.444068
     -67.000       0.007697       0.391374     396.725974
     -66.000       0.001923       0.392575     401.140221
     -65.000      -0.003805       0.394106     405.483903
     -64.000      -0.008916       0.395941     409.295591
     -63.000      -0.013117       0.398044     412.329672
     -62.000      -0.016199       0.400368     414.421525
     -61.000      -0.018015       0.402868     415.448835
     -60.000      -0.018438       0.405491     415.311420
     -59.000      -0.017684       0.408178     414.204312
     -58.000      -0.015823       0.410873     412.195118
     -57.000      -0.012989       0.413520     409.411634
     -56.000      -0.009617       0.416056     406.225675
     -55.000      -0.005809       0.418427     402.732286
     -54.000      -0.001846       0.420580     399.171736
     -53.000       0.001931       0.422461     395.824199
     -52.000       0.005416       0.424028     392.778786
     -51.000       0.008504       0.425238     390.123963
     -50.000       0.010842       0.426058     388.133927
     -49.000       0.012643       0.426465     386.644998
     -48.000       0.013680       0.426440     385.833313
     -47.000       0.013979       0.425972     385.677350
     -46.000       0.013573       0.425073     386.149508
     -45.000       0.012566       0.423749     387.168172
     -44.000       0.010816       0.422025     388.841629
     -43.000       0.008626       0.419940     390.930800
     -42.000       0.005946       0.417532     393.469143
     -41.000       0.002863       0.414853     396.384152
     -40.000      -0.000398       0.411970     399.488574
     -39.000      -0.003722       0.408943     402.680344
     -38.000      -0.007044       0.405849     405.896567
     -37.000      -0.009970       0.402768     408.800831
     -36.000      -0.012452       0.399776     411.340443
     -35.000      -0.014281       0.396955     413.325155
     -34.000      -0.015164       0.394391     414.494442
     -33.000      -0.015053       0.392148     414.796473
     -32.000      -0.013914       0.390297     414.191323
     -31.000      -0.011574       0.388898     412.525527
     -30.000      -0.008302       0.387985     410.022561
     -29.000      -0.004237       0.387589     406.796867
     -28.000       0.000386       0.387721     403.047080
     -27.000       0.005200       0.388368     399.077137
     -26.000       0.009664       0.389510     395.325150
     -25.000       0.013672       0.391108     391.883908
     -24.000       0.016555       0.393101     389.281393
     -23.000       0.018185       0.395433     387.622798
     -22.000       0.018394       0.398027     387.045095
     -21.000       0.017038       0.400800     387.667388
     -20.000       0.014191       0.403677     389.444345
     -19.000       0.010214       0.406577     392.111351
     -18.000       0.005234       0.409413     395.585532
     -17.000      -0.000241       0.412123     399.484581
     -16.000      -0.005689       0.414634     403.406305
     -15.000      -0.010779       0.416887     407.097389
     -14.000      -0.015001       0.418835     410.151762
     -13.000      -0.017942       0.420436     412.236549
     -12.000      -0.019440       0.421658     413.222811
     -11.000      -0.019374       0.422486     413.015597
     -10.000      -0.017566       0.422906     411.468655
      -9.000      -0.014453       0.422918     408.949054
      -8.000      -0.010122       0.422536     405.530095
      -7.000      -0.004952       0.421777     401.518590
      -6.000       0.000461       0.420667     397.397359
      -5.000       0.005727       0.419247     393.461800
      -4.000       0.010453       0.417555     390.016438
      -3.000       0.014018       0.415639     387.529705
      -2.000       0.016308       0.413555     386.076049
      -1.000       0.017116       0.411353     385.804630
       0.000       0.016280       0.409093     386.829392
