   -2600.000       0.031995       0.398170     456.375519
   -2599.000       0.024944       0.400817     465.446292
   -2598.000       0.015976       0.403593     476.624508
   -2597.000       0.005774       0.406417     489.244668
   -2596.000      -0.004745       0.409207     502.385203
   -2595.000      -0.014662       0.411893     515.045895
   -2594.000      -0.023398       0.414401     526.533156
   -2593.000      -0.030163       0.416662     535.883546
   -2592.000      -0.034468       0.418628     542.453893
   -2591.000      -0.036212       0.420242     546.011928
   -2590.000      -0.035158       0.421468     546.207054
   -2589.000      -0.031497       0.422282     543.204020
   -2588.000      -0.025661       0.422662     537.461011
   -2587.000      -0.018000       0.422602     529.376750
   -2586.000      -0.009135       0.422112     519.663546
   -2585.000       0.000139       0.421203     509.216822
   -2584.000       0.009303       0.419906     498.613510
   -2583.000       0.017612       0.418259     488.668145
   -2582.000       0.024432       0.416306     480.026437
   -2581.000       0.029356       0.414106     473.113420
   -2580.000       0.032067       0.411721     468.251006
   -2579.000       0.032271       0.409215     465.729072
   -2578.000       0.030129       0.406661     465.434282
   -2577.000       0.025815       0.404132     467.243711
   -2576.000       0.019533       0.401695     471.011455
   -2575.000       0.012007       0.399425     476.129525
   -2574.000       0.003711       0.397385     482.212317
   -2573.000      -0.004771       0.395628     488.752659
   -2572.000      -0.012633       0.394208     495.036830
   -2571.000      -0.019358       0.393165     500.591018
   -2570.000      -0.024547       0.392518     505.043606
   -2569.000      -0.027616       0.392286     507.822970
   -2568.000      -0.028572       0.392465     508.929113
   -2567.000      -0.027350       0.393038     508.274148
   -2566.000      -0.024020       0.393981     505.898348
   -2565.000      -0.018951       0.395254     502.132758
   -2564.000      -0.012671       0.396805     497.458486
   -2563.000      -0.005456       0.398588     492.090415
   -2562.000       0.001921       0.400538     486.738110
   -2561.000       0.008965       0.402598     481.816316
   -2560.000       0.015282       0.404709     477.652621
   -2559.000       0.020296       0.406813     474.740799
   -2558.000       0.023713       0.408854     473.313696
   -2557.000       0.025464       0.410786     473.400094
   -2556.000       0.025279       0.412561     475.221816
   -2555.000       0.023344       0.414143     478.586673
   -2554.000       0.019852       0.415502     483.296845
   -2553.000       0.015022       0.416610     489.126952
   -2552.000       0.009236       0.417452     495.700278
   -2551.000       0.003016       0.418016     502.492776
   -2550.000      -0.003337       0.418296     509.183400
   -2549.000      -0.009290       0.418292     515.226927
   -2548.000      -0.014423       0.418012     520.178431
   -2547.000      -0.018481       0.417463     523.766179
   -2546.000      -0.021190       0.416664     525.713411
   -2545.000      -0.022283       0.415633     525.752468
   -2544.000      -0.021939       0.414395     524.107070
   -2543.000      -0.020030       0.412977     520.680631
   -2542.000      -0.016797       0.411410     515.780463
   -2541.000      -0.012518       0.409725     509.747611
   -2540.000      -0.007490       0.407961     502.942902
   -2539.000      -0.002014       0.406149     495.712962
   -2538.000       0.003398       0.404328     488.619667
   -2537.000       0.008517       0.402534     481.906424
   -2536.000       0.012941       0.400802     475.992020
   -2535.000       0.016390       0.399167     471.154939
   -2534.000       0.018653       0.397665     467.606810
   -2533.000       0.019673       0.396328     465.412162
   -2532.000       0.019282       0.395184     464.736694
   -2531.000       0.017613       0.394263     465.476709
   -2530.000       0.014810       0.393587     467.517425
   -2529.000       0.010942       0.393178     470.813686
   -2528.000       0.006426       0.393050     475.003667
   -2527.000       0.001450       0.393215     479.928187
   -2526.000      -0.003618       0.393677     485.247619
   -2525.000      -0.008474       0.394437     490.686123
   -2524.000      -0.012702       0.395487     495.827681
   -2523.000      -0.016186       0.396812     500.543738
   -2522.000      -0.018496       0.398394     504.383178
   -2521.000      -0.019590       0.400204     507.264250
   -2520.000      -0.019310       0.402204     508.979375
   -2519.000      -0.017688       0.404358     509.513451
   -2518.000      -0.014722       0.406619     508.801796
   -2517.000      -0.010743       0.408935     507.129759
   -2516.000      -0.005813       0.411258     504.498185
   -2515.000      -0.000404       0.413535     501.336255
   -2514.000       0.005154       0.415707     497.921002
   -2513.000       0.010509       0.417731     494.555087
   -2512.000       0.015209       0.419551     491.646339
   -2511.000       0.018889       0.421120     489.511439
   -2510.000       0.021300       0.422398     488.357790
   -2509.000       0.022145       0.423344     488.444034
   -2508.000       0.021359       0.423924     489.805699
   -2507.000       0.018920       0.424116     492.449436
   -2506.000       0.015003       0.423899     496.183680
   -2505.000       0.009772       0.423263     500.839743
   -2504.000       0.003737       0.422214     505.914932
   -2503.000      -0.002780       0.420756     511.079588
   -2502.000      -0.009166       0.418913     515.726896
   -2501.000      -0.014949       0.416719     519.404956
   -2500.000      -0.019558       0.414213     521.551030
   -2499.000      -0.022670       0.411446     521.894732
   -2498.000      -0.023809       0.408484     520.025398
   -2497.000      -0.023005       0.405391     516.073443
   -2496.000      -0.020107       0.402246     510.003020
   -2495.000      -0.015451       0.399134     502.287923
   -2494.000      -0.009349       0.396136     493.368642
   -2493.000      -0.002395       0.393340     483.939304
   -2492.000       0.004786       0.390835     474.693772
   -2491.000       0.011514       0.388693     466.337611
   -2490.000       0.017088       0.386990     459.554250
   -2489.000       0.021000       0.385785     454.821936
   -2488.000       0.022836       0.385118     452.518050
   -2487.000       0.022447       0.385019     452.781421
   -2486.000       0.019862       0.385500     455.598214
   -2485.000       0.015453       0.386542     460.631613
   -2484.000       0.009599       0.388122     467.555417
   -2483.000       0.003030       0.390195     475.690521
   -2482.000      -0.003649       0.392693     484.427472
   -2481.000      -0.009731       0.395543     493.040829
   -2480.000      -0.014695       0.398666     500.937488
   -2479.000      -0.018003       0.401965     507.453551
   -2478.000      -0.019553       0.405354     512.375498
   -2477.000      -0.019158       0.408739     515.371259
   -2476.000      -0.017006       0.412031     516.510807
   -2475.000      -0.013404       0.415152     516.003424
   -2474.000      -0.008732       0.418022     514.144351
   -2473.000      -0.003481       0.420573     511.369223
   -2472.000       0.001768       0.422755     508.216059
   -2471.000       0.006629       0.424517     505.033060
   -2470.000       0.010575       0.425821     502.322256
   -2469.000       0.013353       0.426652     500.322467
   -2468.000       0.014717       0.426991     499.264519
   -2467.000       0.014669       0.426841     499.147612
   -2466.000       0.013223       0.426216     499.972778
   -2465.000       0.010630       0.425135     501.502931
   -2464.000       0.007195       0.423633     503.465561
   -2463.000       0.003265       0.421758     505.556457
   -2462.000      -0.000743       0.419554     507.394831
   -2461.000      -0.004378       0.417082     508.580332
   -2460.000      -0.007408       0.414409     508.953344
   -2459.000      -0.009431       0.411599     508.169799
   -2458.000      -0.010364       0.408722     506.232495
   -2457.000      -0.010147       0.405857     503.172507
   -2456.000      -0.008850       0.403068     499.138252
   -2455.000      -0.006639       0.400425     494.383633
   -2454.000      -0.003884       0.397996     489.343882
   -2453.000      -0.000794       0.395831     484.276543
   -2452.000       0.002179       0.393983     479.662806
   -2451.000       0.004728       0.392489     475.818778
   -2450.000       0.006608       0.391372     472.986458
   -2449.000       0.007642       0.390652     471.335492
   -2448.000       0.007645       0.390331     471.033944
   -2447.000       0.006823       0.390400     471.876345
   -2446.000       0.005172       0.390846     473.856647
   -2445.000       0.002931       0.391640     476.733472
   -2444.000       0.000450       0.392749     480.146557
   -2443.000      -0.002076       0.394134     483.884103
   -2442.000      -0.004347       0.395751     487.620008
   -2441.000      -0.006059       0.397549     491.006722
   -2440.000      -0.007094       0.399485     493.883992
   -2439.000      -0.007395       0.401507     496.139452
   -2438.000      -0.006806       0.403569     497.564154
   -2437.000      -0.005534       0.405624     498.311212
   -2436.000      -0.003677       0.407634     498.434348
   -2435.000      -0.001367       0.409557     498.019743
   -2434.000       0.001092       0.411362     497.339657
   -2433.000       0.003430       0.413019     496.630842
   -2432.000       0.005571       0.414501     495.947998
   -2431.000       0.007121       0.415788     495.659547
   -2430.000       0.008008       0.416862     495.826190
   -2429.000       0.008228       0.417708     496.438835
   -2428.000       0.007579       0.418319     497.690739
   -2427.000       0.006239       0.418687     499.401390
   -2426.000       0.004313       0.418809     501.460689
   -2425.000       0.001925       0.418684     503.746532
   -2424.000      -0.000712       0.418314     506.043091
   -2423.000      -0.003259       0.417703     508.009283
   -2422.000      -0.005627       0.416860     509.562873
   -2421.000      -0.007517       0.415798     510.410886
   -2420.000      -0.008703       0.414530     510.335162
   -2419.000      -0.009197       0.413078     509.378482
   -2418.000      -0.008862       0.411466     507.429824
   -2417.000      -0.007678       0.409724     504.509556
   -2416.000      -0.005883       0.407885     500.903036
   -2415.000      -0.003546       0.405990     496.727550
   -2414.000      -0.000822       0.404076     492.186265
   -2413.000       0.001840       0.402190     487.765110
   -2412.000       0.004388       0.400375     483.557221
   -2411.000       0.006520       0.398676     479.889257
   -2410.000       0.007970       0.397140     477.052146
   -2409.000       0.008687       0.395809     475.122270
   -2408.000       0.008670       0.394721     474.128081
   -2407.000       0.007756       0.393918     474.254768
   -2406.000       0.006257       0.393428     475.231285
   -2405.000       0.004272       0.393277     476.987506
   -2404.000       0.001930       0.393483     479.423533
   -2403.000      -0.000384       0.394051     482.180673
   -2402.000      -0.002482       0.394976     485.077588
   -2401.000      -0.004306       0.396246     488.050715
   -2400.000      -0.005494       0.397829     490.717612
   -2399.000      -0.006124       0.399688     493.118572
   -2398.000      -0.006226       0.401778     495.235151
   -2397.000      -0.005744       0.404038     496.950873
   -2396.000      -0.004874       0.406408     498.395105
   -2395.000      -0.003844       0.408824     499.733515
   -2394.000      -0.002642       0.411213     500.877348
   -2393.000      -0.001547       0.413509     502.043784
   -2392.000      -0.000675       0.415651     503.286654
   -2391.000       0.000004       0.417572     504.511368
   -2390.000       0.000446       0.419219     505.709097
   -2389.000       0.000553       0.420546     506.931069
   -2388.000       0.000679       0.421507     507.771136
   -2387.000       0.000709       0.422074     508.312254
   -2386.000       0.000799       0.422224     508.373829
   -2385.000       0.001186       0.421940     507.695490
   -2384.000       0.001792       0.421225     506.362692
   -2383.000       0.002627       0.420082     504.375461
   -2382.000       0.003822       0.418532     501.631642
   -2381.000       0.005038       0.416611     498.518319
   -2380.000       0.006223       0.414360     495.135925
   -2379.000       0.007211       0.411832     491.710280
   -2378.000       0.007692       0.409101     488.617066
   -2377.000       0.007439       0.406236     486.140706
   -2376.000       0.006479       0.403321     484.323412
   -2375.000       0.004514       0.400445     483.528854
   -2374.000       0.001706       0.397691     483.669090
   -2373.000      -0.001742       0.395147     484.619662
   -2372.000      -0.005660       0.392896     486.297557
   -2371.000      -0.009631       0.391008     488.365630
   -2370.000      -0.013084       0.389546     490.334892
   -2369.000      -0.015758       0.388565     492.011995
   -2368.000      -0.017118       0.388095     492.909071
   -2367.000      -0.016803       0.388155     492.692185
   -2366.000      -0.014842       0.388751     491.401744
   -2365.000      -0.011113       0.389859     488.887976
   -2364.000      -0.005896       0.391446     485.395531
   -2363.000       0.000344       0.393465     481.323799
   -2362.000       0.007021       0.395845     477.167031
   -2361.000       0.013679       0.398517     473.294346
   -2360.000       0.019322       0.401395     470.572613
   -2359.000       0.023613       0.404391     469.247451
   -2358.000       0.025974       0.407425     469.808035
   -2357.000       0.025997       0.410410     472.585925
   -2356.000       0.023650       0.413262     477.577252
   -2355.000       0.019118       0.415920     484.599686
   -2354.000       0.012485       0.418313     493.542354
   -2353.000       0.004536       0.420387     503.631230
   -2352.000      -0.004196       0.422103     514.300186
   -2351.000      -0.013024       0.423425     524.806292
   -2350.000      -0.021020       0.424326     534.129265
   -2349.000      -0.027504       0.424800     541.489649
   -2348.000      -0.031964       0.424839     546.289117
   -2347.000      -0.033748       0.424450     547.793813
   -2346.000      -0.032719       0.423654     545.875917
   -2345.000      -0.028911       0.422473     540.623648
   -2344.000      -0.022464       0.420940     532.280035
   -2343.000      -0.013874       0.419102     521.500819
   -2342.000      -0.003999       0.417000     509.301822
   -2341.000       0.006627       0.414689     496.336038
   -2340.000       0.016816       0.412231     483.881979
   -2339.000       0.025771       0.409677     472.751516
   -2338.000       0.032677       0.407089     463.731433
   -2337.000       0.036859       0.404531     457.450823
   -2336.000       0.037775       0.402052     454.381500
   -2335.000       0.035501       0.399707     454.459959
   -2334.000       0.029978       0.397548     457.754273
   -2333.000       0.021761       0.395611     463.789970
   -2332.000       0.011588       0.393937     471.950458
   -2331.000       0.000319       0.392557     481.478380
   -2330.000      -0.011066       0.391490     491.483887
   -2329.000      -0.021417       0.390753     500.881044
   -2328.000      -0.029901       0.390359     508.841820
   -2327.000      -0.035787       0.390301     514.615415
   -2326.000      -0.038414       0.390577     517.499709
   -2325.000      -0.037751       0.391172     517.435906
   -2324.000      -0.033802       0.392064     514.396106
   -2323.000      -0.026953       0.393231     508.748033
   -2322.000      -0.017871       0.394647     501.166940
   -2321.000      -0.007425       0.396276     492.488602
   -2320.000       0.003603       0.398090     483.463583
   -2319.000       0.014121       0.400056     475.120938
   -2318.000       0.023320       0.402137     468.186134
   -2317.000       0.030518       0.404298     463.251850
   -2316.000       0.035100       0.406506     460.858525
   -2315.000       0.036755       0.408719     461.258732
   -2314.000       0.035566       0.410900     464.370737
   -2313.000       0.031510       0.413013     470.212777
   -2312.000       0.025129       0.415016     478.294507
   -2311.000       0.016986       0.416875     488.089725
   -2310.000       0.007663       0.418556     499.022486
   -2309.000      -0.002033       0.420024     510.281733
   -2308.000      -0.011279       0.421250     520.986864
   -2307.000      -0.019588       0.422211     530.567798
   -2306.000      -0.026176       0.422879     538.134023
   -2305.000      -0.030709       0.423240     543.261875
   -2304.000      -0.032910       0.423280     545.597279
   -2303.000      -0.032673       0.422984     544.997617
   -2302.000      -0.030037       0.422351     541.502523
   -2301.000      -0.025398       0.421383     535.577808
   -2300.000      -0.019004       0.420081     527.524453
   -2299.000      -0.011425       0.418465     518.012247
   -2298.000      -0.003289       0.416554     507.765697
   -2297.000       0.004887       0.414375     497.352050
   -2296.000       0.012495       0.411971     487.436615
   -2295.000       0.018917       0.409389     478.657212
   -2294.000       0.023858       0.406681     471.312097
   -2293.000       0.026904       0.403916     465.819634
   -2292.000       0.027920       0.401163     462.325181
   -2291.000       0.026910       0.398490     460.848115
   -2290.000       0.024025       0.395982     461.294851
   -2289.000       0.019468       0.393706     463.521261
   -2288.000       0.013740       0.391729     467.124666
   -2287.000       0.007223       0.390121     471.811440
   -2286.000       0.000436       0.388928     477.148222
   -2285.000      -0.006122       0.388188     482.710703
   -2284.000      -0.011979       0.387934     488.086325
   -2283.000      -0.016859       0.388173     493.014708
   -2282.000      -0.020377       0.388903     497.123885
   -2281.000      -0.022484       0.390111     500.343771
   -2280.000      -0.023098       0.391764     502.552175
   -2279.000      -0.022256       0.393815     503.728432
   -2278.000      -0.020136       0.396213     503.988435
   -2277.000      -0.016882       0.398884     503.395062
   -2276.000      -0.012773       0.401753     502.139585
   -2275.000      -0.007976       0.404739     500.310228
   -2274.000      -0.002828       0.407752     498.149395
   -2273.000       0.002505       0.410703     495.733044
   -2272.000       0.007745       0.413517     493.271054
   -2271.000       0.012672       0.416107     490.898822
   -2270.000       0.017047       0.418406     488.786982
   -2269.000       0.020696       0.420361     487.068905
   -2268.000       0.023324       0.421916     485.979711
   -2267.000       0.024822       0.423040     485.601972
   -2266.000       0.024979       0.423713     486.129077
   -2265.000       0.023653       0.423918     487.684497
   -2264.000       0.020844       0.423664     490.288152
   -2263.000       0.016505       0.422964     493.992298
   -2262.000       0.010823       0.421837     498.643395
   -2261.000       0.003980       0.420323     504.102068
   -2260.000      -0.003617       0.418466     509.993931
   -2259.000      -0.011564       0.416314     515.961175
   -2258.000      -0.019246       0.413933     521.438388
   -2257.000      -0.026076       0.411390     525.873994
   -2256.000      -0.031468       0.408752     528.740168
   -2255.000      -0.034764       0.406102     529.436381
   -2254.000      -0.035580       0.403515     527.665235
   -2253.000      -0.033571       0.401067     523.182161
   -2252.000      -0.028685       0.398833     516.060067
   -2251.000      -0.021097       0.396875     506.613323
   -2250.000      -0.011297       0.395249     495.431703
   -2249.000       0.000054       0.394002     483.267740
   -2248.000       0.011971       0.393158     471.116919
   -2247.000       0.023475       0.392731     459.898697
   -2246.000       0.033439       0.392724     450.624544
   -2245.000       0.040949       0.393120     444.065476
   -2244.000       0.045139       0.393890     440.923173
   -2243.000       0.045548       0.395002     441.572985
   -2242.000       0.041989       0.396405     446.159489
   -2241.000       0.034636       0.398050     454.561111
   -2240.000       0.024054       0.399879     466.311270
   -2239.000       0.011108       0.401831     480.661965
   -2238.000      -0.003142       0.403848     496.633954
   -2237.000      -0.017446       0.405873     512.997328
   -2236.000      -0.030564       0.407846     528.401834
   -2235.000      -0.041347       0.409719     541.567368
   -2234.000      -0.048874       0.411446     551.347993
   -2233.000      -0.052342       0.412987     556.729125
   -2232.000      -0.051579       0.414315     557.427431
   -2231.000      -0.046475       0.415408     553.257882
   -2230.000      -0.037445       0.416248     544.689537
   -2229.000      -0.025285       0.416833     532.633642
   -2228.000      -0.010925       0.417157     518.171831
   -2227.000       0.004467       0.417225     502.600487
   -2226.000       0.019456       0.417050     487.413119
   -2225.000       0.032985       0.416640     473.679580
   -2224.000       0.043785       0.416014     462.589503
   -2223.000       0.050940       0.415192     454.943094
   -2222.000       0.053947       0.414196     451.171402
   -2221.000       0.052475       0.413047     451.539275
   -2220.000       0.046642       0.411775     455.953944
   -2219.000       0.037051       0.410404     463.900692
   -2218.000       0.024437       0.408964     474.753716
   -2217.000       0.009908       0.407480     487.553298
   -2216.000      -0.005246       0.405979     501.069158
   -2215.000      -0.019761       0.404487     514.097333
   -2214.000      -0.032488       0.403031     525.466376
   -2213.000      -0.042190       0.401634     533.870539
   -2212.000      -0.048277       0.400321     538.685891
   -2211.000      -0.050185       0.399113     539.318457
   -2210.000      -0.047848       0.398034     535.731314
   -2209.000      -0.041558       0.397104     528.296673
   -2208.000      -0.031981       0.396345     517.797991
   -2207.000      -0.019926       0.395779     505.152156
   -2206.000      -0.006566       0.395422     491.602925
   -2205.000       0.006931       0.395291     478.322362
   -2204.000       0.019503       0.395400     466.332569
   -2203.000       0.030027       0.395757     456.634158
   -2202.000       0.037734       0.396365     449.878604
   -2201.000       0.042119       0.397222     446.479277
   -2200.000       0.042965       0.398318     446.588484
   -2199.000       0.040243       0.399639     450.229781
   -2198.000       0.034592       0.401163     456.850905
   -2197.000       0.026333       0.402862     466.184314
   -2196.000       0.016463       0.404708     477.345200
   -2195.000       0.005776       0.406664     489.583293
   -2194.000      -0.004845       0.408688     502.026093
   -2193.000      -0.014643       0.410744     513.873418
   -2192.000      -0.022775       0.412782     524.171958
   -2191.000      -0.028926       0.414756     532.501837
   -2190.000      -0.032672       0.416616     538.298946
   -2189.000      -0.033860       0.418313     541.288201
   -2188.000      -0.032677       0.419796     541.581975
   -2187.000      -0.029319       0.421021     539.321774
   -2186.000      -0.024071       0.421941     534.758950
   -2185.000      -0.017593       0.422524     528.579501
   -2184.000      -0.010267       0.422743     521.175116
   -2183.000      -0.002609       0.422578     513.091758
   -2182.000       0.004726       0.422020     505.007984
   -2181.000       0.011394       0.421076     497.289322
   -2180.000       0.017087       0.419752     490.255838
   -2179.000       0.021274       0.418074     484.437051
   -2178.000       0.024066       0.416075     479.748345
   -2177.000       0.025214       0.413788     476.437692
   -2176.000       0.024769       0.411266     474.482657
   -2175.000       0.022856       0.408565     473.799320
   -2174.000       0.019777       0.405742     474.134789
   -2173.000       0.015511       0.402870     475.564023
   -2172.000       0.010642       0.400024     477.594030
   -2171.000       0.005310       0.397276     480.150928
   -2170.000      -0.000207       0.394714     483.052969
   -2169.000      -0.005499       0.392414     485.975354
   -2168.000      -0.010339       0.390448     488.773107
   -2167.000      -0.014599       0.388889     491.398453
   -2166.000      -0.017887       0.387792     493.524428
   -2165.000      -0.020169       0.387193     495.157120
   -2164.000      -0.021387       0.387124     496.278682
   -2163.000      -0.021280       0.387585     496.624774
   -2162.000      -0.020008       0.388560     496.342557
   -2161.000      -0.017559       0.390021     495.386927
   -2160.000      -0.013969       0.391918     493.739001
   -2159.000      -0.009387       0.394184     491.476460
   -2158.000      -0.004161       0.396758     488.874089
   -2157.000       0.001695       0.399556     485.864197
   -2156.000       0.007671       0.402497     482.860936
   -2155.000       0.013435       0.405510     480.119557
   -2154.000       0.018748       0.408510     477.797702
   -2153.000       0.023097       0.411421     476.320408
   -2152.000       0.026104       0.414181     476.004479
   -2151.000       0.027662       0.416717     476.903995
   -2150.000       0.027315       0.418972     479.415112
   -2149.000       0.025083       0.420904     483.509338
   -2148.000       0.020990       0.422464     489.137041
   -2147.000       0.015144       0.423625     496.189650
   -2146.000       0.007802       0.424371     504.415237
   -2145.000      -0.000417       0.424691     513.186641
   -2144.000      -0.009184       0.424589     522.168709
   -2143.000      -0.017731       0.424086     530.574741
   -2142.000      -0.025368       0.423197     537.671476
   -2141.000      -0.031486       0.421962     542.829200
   -2140.000      -0.035543       0.420419     545.499069
   -2139.000      -0.036860       0.418609     544.983740
   -2138.000      -0.035420       0.416582     541.361097
   -2137.000      -0.031023       0.414395     534.522634
   -2136.000      -0.023817       0.412092     524.744129
   -2135.000      -0.014424       0.409734     512.836401
   -2134.000      -0.003426       0.407372     499.505638
   -2133.000       0.008358       0.405060     485.683735
   -2132.000       0.019726       0.402849     472.606005
   -2131.000       0.029799       0.400791     461.120992
   -2130.000       0.037612       0.398922     452.108331
   -2129.000       0.042240       0.397284     446.370113
   -2128.000       0.043220       0.395905     444.285507
   -2127.000       0.040476       0.394804     445.912317
   -2126.000       0.033857       0.393999     451.392415
   -2125.000       0.024186       0.393493     460.044452
   -2124.000       0.012213       0.393282     471.229081
   -2123.000      -0.001097       0.393358     484.101982
   -2122.000      -0.014345       0.393705     497.349551
   -2121.000      -0.026322       0.394304     509.769155
   -2120.000      -0.036079       0.395134     520.356586
   -2119.000      -0.042451       0.396168     527.841717
   -2118.000      -0.045009       0.397377     531.683543
   -2117.000      -0.043564       0.398735     531.619070
   -2116.000      -0.038142       0.400211     527.612175
   -2115.000      -0.029406       0.401774     520.339547
   -2114.000      -0.018181       0.403394     510.649559
   -2113.000      -0.005494       0.405041     499.582504
   -2112.000       0.007519       0.406684     488.274750
   -2111.000       0.019498       0.408292     478.028406
   -2110.000       0.029650       0.409840     469.572656
   -2109.000       0.036917       0.411302     463.853520
   -2108.000       0.040785       0.412656     461.320078
   -2107.000       0.041066       0.413883     462.120845
   -2106.000       0.037801       0.414962     466.217664
   -2105.000       0.031332       0.415878     473.308281
   -2104.000       0.022489       0.416617     482.642619
   -2103.000       0.012013       0.417161     493.519274
   -2102.000       0.000880       0.417502     504.980385
   -2101.000      -0.009801       0.417625     515.904844
   -2100.000      -0.019226       0.417522     525.408014
   -2099.000      -0.026608       0.417190     532.631549
   -2098.000      -0.031334       0.416630     536.886345
   -2097.000      -0.033154       0.415845     537.880654
   -2096.000      -0.032122       0.414851     535.692075
   -2095.000      -0.028320       0.413664     530.439889
   -2094.000      -0.022355       0.412307     522.841740
   -2093.000      -0.014904       0.410811     513.674277
   -2092.000      -0.006533       0.409206     503.580495
   -2091.000       0.001719       0.407528     493.670895
   -2090.000       0.009243       0.405818     484.574407
   -2089.000       0.015410       0.404113     476.909098
   -2088.000       0.019693       0.402455     471.186405
   -2087.000       0.021821       0.400889     467.655862
   -2086.000       0.021905       0.399455     466.221202
   -2085.000       0.019927       0.398195     466.910015
   -2084.000       0.016372       0.397150     469.300747
   -2083.000       0.011762       0.396355     472.935375
   -2082.000       0.006550       0.395837     477.413502
   -2081.000       0.001369       0.395621     482.167495
   -2080.000      -0.003203       0.395718     486.651085
   -2079.000      -0.006930       0.396131     490.637842
   -2078.000      -0.009428       0.396852     493.741289
   -2077.000      -0.010607       0.397858     495.842013
   -2076.000      -0.010659       0.399123     497.098047
   -2075.000      -0.009639       0.400610     497.517294
   -2074.000      -0.007881       0.402270     497.379413
   -2073.000      -0.005791       0.404057     497.039179
   -2072.000      -0.003602       0.405919     496.670995
   -2071.000      -0.001655       0.407800     496.560529
   -2070.000      -0.000185       0.409648     496.893536
   -2069.000       0.000698       0.411414     497.733481
   -2068.000       0.001021       0.413046     499.005260
   -2067.000       0.000741       0.414503     500.716555
   -2066.000       0.000118       0.415744     502.567234
   -2065.000      -0.000686       0.416731     504.358414
   -2064.000      -0.001487       0.417440     505.876993
   -2063.000      -0.002007       0.417844     506.810643
   -2062.000      -0.002074       0.417929     506.969518
   -2061.000      -0.001646       0.417693     506.307226
   -2060.000      -0.000589       0.417136     504.690347
   -2059.000       0.001008       0.416270     502.231725
   -2058.000       0.002969       0.415125     499.143291
   -2057.000       0.005159       0.413727     495.597492
   -2056.000       0.007279       0.412119     491.941576
   -2055.000       0.009008       0.410349     488.539896
   -2054.000       0.010147       0.408464     485.632492
   -2053.000       0.010402       0.406522     483.552259
   -2052.000       0.009615       0.404577     482.495321
   -2051.000       0.007752       0.402681     482.534712
   -2050.000       0.004896       0.400891     483.639643
   -2049.000       0.001145       0.399258     485.754516
   -2048.000      -0.003050       0.397825     488.494261
   -2047.000      -0.007440       0.396637     491.655421
   -2046.000      -0.011484       0.395730     494.751652
   -2045.000      -0.014772       0.395126     497.407294
   -2044.000      -0.016888       0.394848     499.231568
   -2043.000      -0.017542       0.394902     499.947152
   -2042.000      -0.016558       0.395284     499.371609
   -2041.000      -0.013916       0.395982     497.476254
   -2040.000      -0.009847       0.396970     494.465944
   -2039.000      -0.004595       0.398216     490.544997
   -2038.000       0.001298       0.399683     486.218226
   -2037.000       0.007348       0.401324     481.906392
   -2036.000       0.012909       0.403089     478.184933
   -2035.000       0.017538       0.404933     475.440858
   -2034.000       0.020612       0.406805     474.219878
   -2033.000       0.021992       0.408658     474.620817
   -2032.000       0.021319       0.410452     476.962312
   -2031.000       0.018764       0.412144     481.065023
   -2030.000       0.014418       0.413696     486.832302
   -2029.000       0.008736       0.415081     493.815038
   -2028.000       0.002161       0.416268     501.567200
   -2027.000      -0.004677       0.417234     509.445950
   -2026.000      -0.011160       0.417963     516.787159
   -2025.000      -0.016714       0.418440     522.977101
   -2024.000      -0.020774       0.418657     527.389706
   -2023.000      -0.022988       0.418614     529.633407
   -2022.000      -0.023144       0.418310     529.474229
   -2021.000      -0.021182       0.417759     526.865093
   -2020.000      -0.017331       0.416976     522.084709
   -2019.000      -0.011912       0.415979     515.511046
   -2018.000      -0.005479       0.414792     507.776611
   -2017.000       0.001402       0.413444     499.512555
   -2016.000       0.007979       0.411962     491.505719
   -2015.000       0.013715       0.410376     484.311893
   -2014.000       0.017942       0.408719     478.596561
   -2013.000       0.020379       0.407018     474.623260
   -2012.000       0.020666       0.405306     472.737805
   -2011.000       0.018987       0.403615     472.776674
   -2010.000       0.015361       0.401973     474.730814
   -2009.000       0.010400       0.400417     478.052166
   -2008.000       0.004549       0.398978     482.341083
   -2007.000      -0.001483       0.397685     486.951399
   -2006.000      -0.007041       0.396569     491.278505
   -2005.000      -0.011503       0.395653     494.732505
   -2004.000      -0.014448       0.394958     496.921345
   -2003.000      -0.015574       0.394501     497.560294
   -2002.000      -0.014807       0.394292     496.584451
   -2001.000      -0.012409       0.394331     494.259786
   -2000.000      -0.008664       0.394623     490.870176
   -1999.000      -0.004135       0.395160     486.967213
   -1998.000       0.000552       0.395934     483.145198
   -1997.000       0.004805       0.396931     479.962993
   -1996.000       0.008155       0.398137     477.852610
   -1995.000       0.010034       0.399529     477.329030
   -1994.000       0.010453       0.401085     478.372055
   -1993.000       0.009258       0.402778     481.112805
   -1992.000       0.006691       0.404574     485.308613
   -1991.000       0.003183       0.406438     490.529297
   -1990.000      -0.000804       0.408335     496.304156
   -1989.000      -0.004744       0.410219     502.076115
   -1988.000      -0.007986       0.412054     507.152156
   -1987.000      -0.010155       0.413798     511.095676
   -1986.000      -0.010873       0.415410     513.462486
   -1985.000      -0.010019       0.416860     514.077730
   -1984.000      -0.007561       0.418114     512.862836
   -1983.000      -0.003893       0.419141     510.190419
   -1982.000       0.000777       0.419925     506.262016
   -1981.000       0.005746       0.420447     501.782336
   -1980.000       0.010481       0.420692     497.279009
   -1979.000       0.014398       0.420654     493.341487
   -1978.000       0.016976       0.420330     490.479963
   -1977.000       0.017696       0.419719     489.197539
   -1976.000       0.016545       0.418833     489.519189
   -1975.000       0.013339       0.417683     491.630702
   -1974.000       0.008363       0.416286     495.269996
   -1973.000       0.002093       0.414674     499.998619
   -1972.000      -0.004931       0.412878     505.309160
   -1971.000      -0.012010       0.410934     510.542038
   -1970.000      -0.018253       0.408891     514.828539
   -1969.000      -0.023087       0.406796     517.640066
   -1968.000      -0.025827       0.404695     518.321990
   -1967.000      -0.026010       0.402645     516.470660
   -1966.000      -0.023560       0.400691     512.088329
   -1965.000      -0.018599       0.398878     505.383910
   -1964.000      -0.011343       0.397254     496.670228
   -1963.000      -0.002728       0.395854     486.951403
   -1962.000       0.006658       0.394711     476.847856
   -1961.000       0.015763       0.393858     467.406247
   -1960.000       0.023624       0.393311     459.512663
   -1959.000       0.029428       0.393085     453.898143
   -1958.000       0.032588       0.393188     451.074343
   -1957.000       0.032578       0.393616     451.489850
   -1956.000       0.029441       0.394353     455.107996
   -1955.000       0.023441       0.395382     461.708121
   -1954.000       0.015015       0.396666     470.917683
   -1953.000       0.005056       0.398168     481.926637
   -1952.000      -0.005522       0.399848     493.869237
   -1951.000      -0.015771       0.401653     505.795372
   -1950.000      -0.024734       0.403535     516.682254
   -1949.000      -0.031432       0.405448     525.437004
   -1948.000      -0.035541       0.407344     531.627452
   -1947.000      -0.036404       0.409176     534.442162
   -1946.000      -0.034117       0.410908     533.912648
   -1945.000      -0.028867       0.412501     530.176551
   -1944.000      -0.021117       0.413925     523.693243
   -1943.000      -0.011465       0.415154     515.093269
   -1942.000      -0.000950       0.416163     505.447429
   -1941.000       0.009718       0.416939     495.493049
   -1940.000       0.019568       0.417470     486.195719
   -1939.000       0.027665       0.417749     478.457309
   -1938.000       0.033498       0.417779     472.758212
   -1937.000       0.036536       0.417564     469.588074
   -1936.000       0.036438       0.417116     469.254591
   -1935.000       0.033402       0.416452     471.587428
   -1934.000       0.027648       0.415595     476.400386
   -1933.000       0.019586       0.414570     483.336220
   -1932.000       0.010101       0.413406     491.588040
   -1931.000      -0.000095       0.412133     500.487860
   -1930.000      -0.010220       0.410783     509.297898
   -1929.000      -0.019169       0.409387     516.913495
   -1928.000      -0.026441       0.407975     522.838905
   -1927.000      -0.031359       0.406579     526.389157
   -1926.000      -0.033511       0.405226     527.157188
   -1925.000      -0.032785       0.403944     525.061528
   -1924.000      -0.029472       0.402758     520.460416
   -1923.000      -0.023623       0.401694     513.455404
   -1922.000      -0.016099       0.400773     504.990379
   -1921.000      -0.007496       0.400014     495.704529
   -1920.000       0.001492       0.399433     486.312213
   -1919.000       0.009936       0.399041     477.719992
   -1918.000       0.017175       0.398841     470.539206
   -1917.000       0.022766       0.398835     465.161769
   -1916.000       0.026142       0.399017     462.079608
   -1915.000       0.027211       0.399375     461.349638
   -1914.000       0.026118       0.399895     462.822843
   -1913.000       0.022921       0.400560     466.432815
   -1912.000       0.018153       0.401349     471.684964
   -1911.000       0.012342       0.402245     478.084820
   -1910.000       0.005976       0.403225     485.155392
   -1909.000      -0.000363       0.404268     492.330405
   -1908.000      -0.006041       0.405353     498.952712
   -1907.000      -0.010849       0.406455     504.786254
   -1906.000      -0.014413       0.407550     509.406788
   -1905.000      -0.016528       0.408615     512.566838
   -1904.000      -0.017394       0.409623     514.424530
   -1903.000      -0.017008       0.410551     514.939734
   -1902.000      -0.015562       0.411376     514.278955
   -1901.000      -0.013480       0.412078     512.854310
   -1900.000      -0.010928       0.412639     510.813685
   -1899.000      -0.008142       0.413047     508.388777
   -1898.000      -0.005471       0.413293     505.926026
   -1897.000      -0.002941       0.413372     503.446621
   -1896.000      -0.000564       0.413284     500.964584
   -1895.000       0.001475       0.413031     498.670065
   -1894.000       0.003426       0.412620     496.320151
   -1893.000       0.005333       0.412062     493.881207
   -1892.000       0.007152       0.411367     491.409979
   -1891.000       0.009071       0.410550     488.736306
   -1890.000       0.011052       0.409627     485.919317
   -1889.000       0.012854       0.408617     483.209858
   -1888.000       0.014504       0.407543     480.605850
   -1887.000       0.015694       0.406430     478.430102
   -1886.000       0.016058       0.405303     477.053950
   -1885.000       0.015500       0.404197     476.600101
   -1884.000       0.013713       0.403142     477.386704
   -1883.000       0.010534       0.402168     479.601064
   -1882.000       0.006059       0.401311     483.190134
   -1881.000       0.000442       0.400596     488.042338
   -1880.000      -0.006099       0.400047     493.981627
   -1879.000      -0.012903       0.399684     500.397331
   -1878.000      -0.019430       0.399516     506.772593
   -1877.000      -0.025143       0.399550     512.582503
   -1876.000      -0.029117       0.399786     516.882026
   -1875.000      -0.030991       0.400217     519.290126
   -1874.000      -0.030327       0.400833     519.340068
   -1873.000      -0.026814       0.401619     516.688981
   -1872.000      -0.020616       0.402555     511.498282
   -1871.000      -0.012178       0.403620     504.227073
   -1870.000      -0.001857       0.404790     495.217681
   -1869.000       0.009237       0.406033     485.588523
   -1868.000       0.020277       0.407319     476.117324
   -1867.000       0.030250       0.408613     467.750180
   -1866.000       0.038102       0.409880     461.442519
   -1865.000       0.042983       0.411085     457.937878
   -1864.000       0.044436       0.412197     457.638646
   -1863.000       0.042009       0.413184     460.945520
   -1862.000       0.035772       0.414022     467.821196
   -1861.000       0.026264       0.414690     477.810579
   -1860.000       0.013972       0.415171     490.498575
   -1859.000       0.000060       0.415455     504.803071
   -1858.000      -0.014303       0.415539     519.583232
   -1857.000      -0.027960       0.415418     533.620210
   -1856.000      -0.039575       0.415097     545.483579
   -1855.000      -0.048069       0.414580     553.944588
   -1854.000      -0.052642       0.413876     558.087973
   -1853.000      -0.052770       0.413001     557.332142
   -1852.000      -0.048253       0.411971     551.494258
   -1851.000      -0.039545       0.410806     541.188315
   -1850.000      -0.027191       0.409533     527.126080
   -1849.000      -0.012294       0.408178     510.623832
   -1848.000       0.003883       0.406773     493.103204
   -1847.000       0.019837       0.405352     476.131260
   -1846.000       0.034296       0.403946     460.931410
   -1845.000       0.045716       0.402592     448.912791
   -1844.000       0.053215       0.401322     440.793395
   -1843.000       0.056052       0.400163     437.165191
   -1842.000       0.053880       0.399142     438.294329
   -1841.000       0.046978       0.398283     443.955958
   -1840.000       0.035944       0.397601     453.680150
   -1839.000       0.021777       0.397111     466.636753
   -1838.000       0.005781       0.396825     481.733599
   -1837.000      -0.010498       0.396746     497.531048
   -1836.000      -0.025749       0.396877     512.755756
   -1835.000      -0.038496       0.397220     525.891551
   -1834.000      -0.047659       0.397767     535.740540
   -1833.000      -0.052558       0.398510     541.497698
   -1832.000      -0.052810       0.399437     542.686096
   -1831.000      -0.048448       0.400526     539.281366
   -1830.000      -0.040166       0.401756     532.018926
   -1829.000      -0.028586       0.403102     521.541119
   -1828.000      -0.014940       0.404534     509.153815
   -1827.000      -0.000480       0.406023     496.132700
   -1826.000       0.013637       0.407541     483.596497
   -1825.000       0.026151       0.409057     472.737856
   -1824.000       0.036071       0.410543     464.444747
   -1823.000       0.042779       0.411974     459.221808
   -1822.000       0.045757       0.413322     457.511315
   -1821.000       0.044982       0.414564     459.305705
   -1820.000       0.040683       0.415676     464.395170
   -1819.000       0.033391       0.416632     472.301349
   -1818.000       0.023752       0.417413     482.431313
   -1817.000       0.012802       0.418000     493.815703
   -1816.000       0.001299       0.418374     505.685146
   -1815.000      -0.009709       0.418525     516.967879
   -1814.000      -0.019455       0.418446     526.838032
   -1813.000      -0.027221       0.418131     534.481776
   -1812.000      -0.032582       0.417586     539.414191
   -1811.000      -0.035180       0.416818     541.230440
   -1810.000      -0.035085       0.415840     540.011547
   -1809.000      -0.032391       0.414665     535.887262
   -1808.000      -0.027512       0.413318     529.353546
   -1807.000      -0.020920       0.411817     520.973882
   -1806.000      -0.013279       0.410192     511.504233
   -1805.000      -0.005165       0.408474     501.583697
   -1804.000       0.002742       0.406692     491.943902
   -1803.000       0.009891       0.404887     483.148223
   -1802.000       0.015829       0.403097     475.646480
   -1801.000       0.020246       0.401361     469.739135
   -1800.000       0.022889       0.399724     465.668235
   -1799.000       0.023865       0.398230     463.340134
   -1798.000       0.023124       0.396913     462.808292
   -1797.000       0.021026       0.395814     463.764949
   -1796.000       0.017762       0.394964     466.053050
   -1795.000       0.013757       0.394381     469.294300
   -1794.000       0.009267       0.394084     473.274191
   -1793.000       0.004676       0.394082     477.645636
   -1792.000       0.000219       0.394367     482.177719
   -1791.000      -0.003932       0.394935     486.711558
   -1790.000      -0.007604       0.395767     491.063507
   -1789.000      -0.010756       0.396838     495.164995
   -1788.000      -0.013328       0.398126     498.936779
   -1787.000      -0.015346       0.399599     502.370738
   -1786.000      -0.016709       0.401220     505.320156
   -1785.000      -0.017540       0.402957     507.879298
   -1784.000      -0.017607       0.404768     509.759267
   -1783.000      -0.017023       0.406608     511.032080
   -1782.000      -0.015563       0.408439     511.418257
   -1781.000      -0.013309       0.410216     510.955219
   -1780.000      -0.010068       0.411892     509.397216
   -1779.000      -0.006049       0.413435     506.920167
   -1778.000      -0.001178       0.414805     503.419108
   -1777.000       0.004246       0.415975     499.172667
   -1776.000       0.009976       0.416925     494.414341
   -1775.000       0.015657       0.417640     489.496101
   -1774.000       0.020847       0.418111     484.854250
   -1773.000       0.025072       0.418340     480.951654
   -1772.000       0.027903       0.418329     478.211578
   -1771.000       0.028920       0.418086     477.044174
   -1770.000       0.027820       0.417625     477.755532
   -1769.000       0.024466       0.416959     480.493130
   -1768.000       0.018924       0.416106     485.220275
   -1767.000       0.011372       0.415087     491.806767
   -1766.000       0.002357       0.413924     499.748294
   -1765.000      -0.007576       0.412642     508.542390
   -1764.000      -0.017556       0.411273     517.358754
   -1763.000      -0.026795       0.409847     525.408759
   -1762.000      -0.034267       0.408395     531.649245
   -1761.000      -0.039389       0.406951     535.505515
   -1760.000      -0.041279       0.405547     536.061448
   -1759.000      -0.039774       0.404211     533.207151
   -1758.000      -0.034628       0.402972     526.744681
   -1757.000      -0.026210       0.401848     517.153483
   -1756.000      -0.015020       0.400860     505.041280
   -1755.000      -0.002074       0.400021     491.503815
   -1754.000       0.011619       0.399340     477.599641
   -1753.000       0.024776       0.398823     464.568554
   -1752.000       0.036085       0.398476     453.606192
   -1751.000       0.044537       0.398299     445.593959
   -1750.000       0.049146       0.398292     441.355773
   -1749.000       0.049365       0.398453     441.339643
   -1748.000       0.045125       0.398775     445.614818
   -1747.000       0.036700       0.399251     453.977990
   -1746.000       0.024680       0.399871     465.985830
   -1745.000       0.010368       0.400620     480.500272
   -1744.000      -0.005191       0.401485     496.601232
   -1743.000      -0.020412       0.402445     512.746532
   -1742.000      -0.033867       0.403479     527.445654
   -1741.000      -0.044383       0.404566     539.389491
   -1740.000      -0.050966       0.405686     547.428427
   -1739.000      -0.052917       0.406817     550.679564
   -1738.000      -0.050189       0.407938     549.035511
   -1737.000      -0.042998       0.409029     542.692010
   -1736.000      -0.031949       0.410070     532.327925
   -1735.000      -0.018218       0.411042     519.223823
   -1734.000      -0.003011       0.411926     504.679408
   -1733.000       0.012376       0.412702     490.035689
   -1732.000       0.026361       0.413353     476.827991
   -1731.000       0.037900       0.413862     466.021224
   -1730.000       0.045908       0.414212     458.572636
   -1729.000       0.049736       0.414394     455.015747
   -1728.000       0.049124       0.414400     455.555000
   -1727.000       0.044307       0.414226     459.973970
   -1726.000       0.035652       0.413874     467.959391
   -1725.000       0.024165       0.413350     478.617620
   -1724.000       0.010872       0.412662     491.013471
   -1723.000      -0.002969       0.411826     503.948824
   -1722.000      -0.016151       0.410858     516.228072
   -1721.000      -0.027374       0.409779     526.488685
   -1720.000      -0.035865       0.408613     533.927195
   -1719.000      -0.040847       0.407389     537.696417
   -1718.000      -0.041941       0.406133     537.411212
   -1717.000      -0.039346       0.404883     533.347169
   -1716.000      -0.033312       0.403672     525.836965
   -1715.000      -0.024535       0.402535     515.706379
   -1714.000      -0.014108       0.401509     504.170739
   -1713.000      -0.002876       0.400628     492.133483
   -1712.000       0.007968       0.399921     480.806961
   -1711.000       0.017404       0.399415     471.160516
   -1710.000       0.024694       0.399129     463.864172
   -1709.000       0.029303       0.399075     459.374362
   -1708.000       0.030826       0.399260     458.027778
   -1707.000       0.029535       0.399679     459.561208
   -1706.000       0.025651       0.400323     463.765224
   -1705.000       0.019706       0.401175     470.161955
   -1704.000       0.012548       0.402210     477.957028
   -1703.000       0.004928       0.403398     486.432065
   -1702.000      -0.002511       0.404708     494.942232
   -1701.000      -0.008876       0.406098     502.555730
   -1700.000      -0.013801       0.407530     508.845051
   -1699.000      -0.017032       0.408963     513.484554
   -1698.000      -0.018236       0.410352     516.055295
   -1697.000      -0.017755       0.411658     516.846624
   -1696.000      -0.015734       0.412841     515.952358
   -1695.000      -0.012554       0.413862     513.718391
   -1694.000      -0.008701       0.414692     510.615053
   -1693.000      -0.004755       0.415304     507.205771
   -1692.000      -0.000920       0.415677     503.683462
   -1691.000       0.002226       0.415803     500.618564
   -1690.000       0.004481       0.415673     498.208008
   -1689.000       0.005857       0.415293     496.438265
   -1688.000       0.006202       0.414676     495.474527
   -1687.000       0.005687       0.413839     495.155257
   -1686.000       0.004648       0.412806     495.170687
   -1685.000       0.003219       0.411605     495.412102
   -1684.000       0.001728       0.410269     495.585427
   -1683.000       0.000621       0.408830     495.279642
   -1682.000      -0.000117       0.407328     494.550100
   -1681.000      -0.000195       0.405799     493.148293
   -1680.000       0.000424       0.404285     491.081131
   -1679.000       0.001539       0.402828     488.595451
   -1678.000       0.003043       0.401464     485.833071
   -1677.000       0.004703       0.400234     483.062387
   -1676.000       0.006119       0.399175     480.703326
   -1675.000       0.006966       0.398315     479.089626
   -1674.000       0.007177       0.397678     478.305410
   -1673.000       0.006264       0.397281     478.829790
   -1672.000       0.004417       0.397128     480.485448
   -1671.000       0.001672       0.397221     483.247115
   -1670.000      -0.001864       0.397551     487.010741
   -1669.000      -0.005765       0.398100     491.360634
   -1668.000      -0.009531       0.398852     495.798191
   -1667.000      -0.012920       0.399779     500.066510
   -1666.000      -0.015276       0.400852     503.476833
   -1665.000      -0.016304       0.402050     505.707127
   -1664.000      -0.015859       0.403342     506.573617
   -1663.000      -0.013699       0.404697     505.791176
   -1662.000      -0.009956       0.406093     503.466481
   -1661.000      -0.004978       0.407502     499.924775
   -1660.000       0.000915       0.408893     495.456861
   -1659.000       0.007195       0.410244     490.578977
   -1658.000       0.013096       0.411527     486.014249
   -1657.000       0.018202       0.412719     482.157020
   -1656.000       0.021890       0.413801     479.589986
   -1655.000       0.023599       0.414750     478.835190
   -1654.000       0.023258       0.415552     479.956997
   -1653.000       0.020676       0.416196     483.138257
   -1652.000       0.015976       0.416675     488.272741
   -1651.000       0.009616       0.416984     494.932753
   -1650.000       0.002129       0.417124     502.609716
   -1649.000      -0.005967       0.417095     510.792529
   -1648.000      -0.013659       0.416896     518.453963
   -1647.000      -0.020358       0.416531     524.973649
   -1646.000      -0.025381       0.416003     529.626727
   -1645.000      -0.028051       0.415312     531.681338
   -1644.000      -0.028149       0.414463     530.911502
   -1643.000      -0.025642       0.413458     527.302505
   -1642.000      -0.020500       0.412305     520.856694
   -1641.000      -0.013330       0.411016     512.276944
   -1640.000      -0.004809       0.409608     502.319076
   -1639.000       0.004441       0.408101     491.664825
   -1638.000       0.013286       0.406525     481.481529
   -1637.000       0.020904       0.404905     472.578349
   -1636.000       0.026610       0.403272     465.598359
   -1635.000       0.029597       0.401662     461.291124
   -1634.000       0.029616       0.400108     459.871222
   -1633.000       0.026650       0.398643     461.361715
   -1632.000       0.020906       0.397301     465.598191
   -1631.000       0.012952       0.396114     472.090685
   -1630.000       0.003756       0.395115     479.987269
   -1629.000      -0.005905       0.394336     488.589193
   -1628.000      -0.014868       0.393808     496.815151
   -1627.000      -0.022151       0.393556     503.714144
   -1626.000      -0.027046       0.393605     508.589267
   -1625.000      -0.028975       0.393967     510.851448
   -1624.000      -0.027714       0.394643     510.259869
   -1623.000      -0.023511       0.395634     507.063338
   -1622.000      -0.016843       0.396924     501.730209
   -1621.000      -0.008351       0.398485     494.873924
   -1620.000       0.000791       0.400284     487.644234
   -1619.000       0.009748       0.402277     480.797064
   -1618.000       0.017459       0.404415     475.309255
   -1617.000       0.023143       0.406650     471.876174
   -1616.000       0.026132       0.408923     471.073625
   -1615.000       0.026356       0.411181     472.942527
   -1614.000       0.023566       0.413375     477.698527
   -1613.000       0.018342       0.415445     484.786494
   -1612.000       0.011225       0.417344     493.681082
   -1611.000       0.002936       0.419030     503.658071
   -1610.000      -0.005517       0.420452     513.673361
   -1609.000      -0.013249       0.421578     522.764115
   -1608.000      -0.019523       0.422378     530.092933
   -1607.000      -0.023588       0.422822     534.796149
   -1606.000      -0.025033       0.422897     536.380860
   -1605.000      -0.023815       0.422601     534.790662
   -1604.000      -0.019954       0.421933     530.056807
   -1603.000      -0.013892       0.420913     522.711089
   -1602.000      -0.006389       0.419567     513.633284
   -1601.000       0.001940       0.417922     503.523124
   -1600.000       0.010048       0.416027     493.526582
   -1599.000       0.017088       0.413930     484.529228
   -1598.000       0.022281       0.411678     477.307227
   -1597.000       0.025090       0.409332     472.394248
   -1596.000       0.024988       0.406949     470.293069
   -1595.000       0.022224       0.404584     470.788329
   -1594.000       0.016780       0.402301     473.929851
   -1593.000       0.009417       0.400157     479.050171
   -1592.000       0.000860       0.398205     485.518885
   -1591.000      -0.007917       0.396501     492.455323
   -1590.000      -0.015979       0.395088     498.994263
   -1589.000      -0.022338       0.394000     504.200857
   -1588.000      -0.026290       0.393266     507.389823
   -1587.000      -0.027408       0.392898     508.144496
   -1586.000      -0.025443       0.392896     506.211621
   -1585.000      -0.020685       0.393249     501.883107
   -1584.000      -0.013611       0.393932     495.628187
   -1583.000      -0.004983       0.394912     488.168100
   -1582.000       0.004309       0.396152     480.359182
   -1581.000       0.013155       0.397607     473.218347
   -1580.000       0.020802       0.399230     467.405659
   -1579.000       0.026276       0.400977     463.786235
   -1578.000       0.029136       0.402797     462.723397
   -1577.000       0.029055       0.404645     464.487887
   -1576.000       0.026088       0.406481     469.024269
   -1575.000       0.020493       0.408260     476.094657
   -1574.000       0.012900       0.409947     485.118915
   -1573.000       0.004018       0.411505     495.407534
   -1572.000      -0.005296       0.412905     506.115375
   -1571.000      -0.014079       0.414121     516.238043
   -1570.000      -0.021554       0.415139     524.931208
   -1569.000      -0.027049       0.415943     531.438491
   -1568.000      -0.029938       0.416530     535.050079
   -1567.000      -0.030133       0.416900     535.645752
   -1566.000      -0.027455       0.417056     533.024206
   -1565.000      -0.022306       0.417010     527.642967
   -1564.000      -0.015100       0.416773     519.985837
   -1563.000      -0.006585       0.416362     510.877373
   -1562.000       0.002529       0.415791     501.094207
   -1561.000       0.011279       0.415075     491.640747
   -1560.000       0.018986       0.414228     483.192302
   -1559.000       0.024799       0.413266     476.565873
   -1558.000       0.028338       0.412204     472.119107
   -1557.000       0.029168       0.411060     470.240279
   -1556.000       0.027364       0.409852     470.858367
   -1555.000       0.023056       0.408601     473.858112
   -1554.000       0.016702       0.407327     478.826537
   -1553.000       0.008954       0.406056     485.176870
   -1552.000       0.000535       0.404812     492.231282
   -1551.000      -0.007716       0.403623     499.208352
   -1550.000      -0.015007       0.402509     505.334334
   -1549.000      -0.020711       0.401494     509.987342
   -1548.000      -0.024268       0.400592     512.617810
   -1547.000      -0.025460       0.399821     513.011295
   -1546.000      -0.024154       0.399197     511.051097
   -1545.000      -0.020677       0.398730     507.095165
   -1544.000      -0.015348       0.398432     501.491651
   -1543.000      -0.008845       0.398317     494.951273
   -1542.000      -0.001829       0.398390     488.129327
   -1541.000       0.004984       0.398664     481.742815
   -1540.000       0.010932       0.399141     476.418622
   -1539.000       0.015423       0.399825     472.705710
   -1538.000       0.018152       0.400708     470.873711
   -1537.000       0.018902       0.401777     471.111815
   -1536.000       0.017747       0.403008     473.333125
   -1535.000       0.014985       0.404374     477.246495
   -1534.000       0.010967       0.405841     482.503444
   -1533.000       0.006284       0.407366     488.516996
   -1532.000       0.001414       0.408913     494.787208
   -1531.000      -0.002958       0.410436     500.597041
   -1530.000      -0.006586       0.411893     505.647572
   -1529.000      -0.008908       0.413248     509.311856
   -1528.000      -0.009985       0.414466     511.602876
   -1527.000      -0.009698       0.415512     512.345636
   -1526.000      -0.008277       0.416359     511.739594
   -1525.000      -0.005996       0.416979     510.033871
   -1524.000      -0.003336       0.417348     507.694145
   -1523.000      -0.000625       0.417448     505.043220
   -1522.000       0.001619       0.417267     502.591065
   -1521.000       0.003088       0.416794     500.638043
   -1520.000       0.003600       0.416031     499.368679
   -1519.000       0.003018       0.414983     498.920211
   -1518.000       0.001446       0.413671     499.205723
   -1517.000      -0.000841       0.412122     499.975372
   -1516.000      -0.003496       0.410376     500.919979
   -1515.000      -0.006098       0.408480     501.664435
   -1514.000      -0.008083       0.406492     501.703741
   -1513.000      -0.009082       0.404470     500.731839
   -1512.000      -0.008808       0.402476     498.536339
   -1511.000      -0.006918       0.400575     494.854261
   -1510.000      -0.003689       0.398823     490.037644
   -1509.000       0.000838       0.397278     484.198116
   -1508.000       0.006077       0.395986     477.967446
   -1507.000       0.011487       0.394988     471.901494
   -1506.000       0.016275       0.394319     466.776940
   -1505.000       0.019903       0.394007     463.110190
   -1504.000       0.021576       0.394065     461.636161
   -1503.000       0.020984       0.394503     462.647964
   -1502.000       0.017940       0.395315     466.329870
   -1501.000       0.012522       0.396482     472.630582
   -1500.000       0.005156       0.397977     481.181060
   -1499.000      -0.003443       0.399756     491.311368
   -1498.000      -0.012498       0.401765     502.264788
   -1497.000      -0.021044       0.403947     513.048478
   -1496.000      -0.028009       0.406228     522.479202
   -1495.000      -0.032772       0.408542     529.819950
   -1494.000      -0.034537       0.410824     534.106236
   -1493.000      -0.033008       0.413006     534.906460
   -1492.000      -0.028209       0.415032     532.159461
   -1491.000      -0.020415       0.416855     526.098936
   -1490.000      -0.010149       0.418429     517.266633
   -1489.000       0.001515       0.419718     506.764127
   -1488.000       0.013673       0.420699     495.547890
   -1487.000       0.025211       0.421348     484.732394
   -1486.000       0.034829       0.421652     475.575233
   -1485.000       0.041771       0.421609     468.796291
   -1484.000       0.045177       0.421209     465.177406
   -1483.000       0.044511       0.420468     465.208258
   -1482.000       0.039857       0.419405     468.833286
   -1481.000       0.031404       0.418042     475.903522
   -1480.000       0.019763       0.416416     485.912555
   -1479.000       0.006045       0.414571     497.855297
   -1478.000      -0.008620       0.412550     510.672491
   -1477.000      -0.022947       0.410409     523.139747
   -1476.000      -0.035383       0.408206     533.669601
   -1475.000      -0.044873       0.405990     541.188653
   -1474.000      -0.050393       0.403819     544.647261
   -1473.000      -0.051289       0.401742     543.399784
   -1472.000      -0.047410       0.399799     537.384458
   -1471.000      -0.039098       0.398035     527.095797
   -1470.000      -0.026946       0.396485     513.309371
   -1469.000      -0.012193       0.395178     497.408524
   -1468.000       0.003748       0.394141     480.905982
   -1467.000       0.019484       0.393394     465.162094
   -1466.000       0.033379       0.392946     451.680762
   -1465.000       0.044136       0.392808     441.559290
   -1464.000       0.050790       0.392980     435.576427
   -1463.000       0.052686       0.393448     434.227535
   -1462.000       0.049631       0.394206     437.660245
   -1461.000       0.042123       0.395221     445.469289
   -1460.000       0.030828       0.396465     457.125650
   -1459.000       0.016805       0.397909     471.745560
   -1458.000       0.001589       0.399518     487.961530
   -1457.000      -0.013600       0.401256     504.591920
   -1456.000      -0.027311       0.403093     520.165085
   -1455.000      -0.038260       0.404994     533.240127
   -1454.000      -0.045645       0.406928     542.855464
   -1453.000      -0.048972       0.408867     548.350742
   -1452.000      -0.047828       0.410781     549.150639
   -1451.000      -0.042759       0.412639     545.791050
   -1450.000      -0.034129       0.414413     538.610888
   -1449.000      -0.022824       0.416066     528.557121
   -1448.000      -0.010004       0.417569     516.862624
   -1447.000       0.003228       0.418890     504.660296
   -1446.000       0.015837       0.420004     493.000208
   -1445.000       0.026630       0.420888     483.026402
   -1444.000       0.034844       0.421525     475.440966
   -1443.000       0.040027       0.421902     470.642257
   -1442.000       0.041598       0.422005     469.124756
   -1441.000       0.039816       0.421837     470.644762
   -1440.000       0.034952       0.421394     474.940284
   -1439.000       0.027384       0.420678     481.656405
   -1438.000       0.018035       0.419695     489.932284
   -1437.000       0.007730       0.418449     498.959715
   -1436.000      -0.002751       0.416949     507.973936
   -1435.000      -0.012387       0.415215     515.937129
   -1434.000      -0.020419       0.413265     522.070608
   -1433.000      -0.026450       0.411129     525.973298
   -1432.000      -0.029838       0.408848     527.009338
   -1431.000      -0.030632       0.406462     525.287473
   -1430.000      -0.028865       0.404024     520.924771
   -1429.000      -0.024865       0.401601     514.370836
   -1428.000      -0.019049       0.399248     506.148201
   -1427.000      -0.012264       0.397034     497.214738
   -1426.000      -0.004955       0.395024     488.079027
   -1425.000       0.002091       0.393270     479.556598
   -1424.000       0.008183       0.391823     472.328120
   -1423.000       0.013057       0.390730     466.650416
   -1422.000       0.016272       0.390019     462.922531
   -1421.000       0.017747       0.389712     461.212813
   -1420.000       0.017657       0.389826     461.357696
   -1419.000       0.016237       0.390358     463.133972
   -1418.000       0.013714       0.391303     466.334319
   -1417.000       0.010744       0.392649     470.350086
   -1416.000       0.007539       0.394364     474.960065
   -1415.000       0.004523       0.396414     479.742143
   -1414.000       0.001980       0.398753     484.383079
   -1413.000       0.000051       0.401313     488.679510
   -1412.000      -0.001423       0.404030     492.719833
   -1411.000      -0.002282       0.406830     496.269770
   -1410.000      -0.002910       0.409628     499.621456
   -1409.000      -0.003506       0.412348     502.894784
   -1408.000      -0.004112       0.414918     506.060410
   -1407.000      -0.005095       0.417260     509.410003
   -1406.000      -0.006459       0.419325     512.897409
   -1405.000      -0.008070       0.421063     516.337232
   -1404.000      -0.009981       0.422437     519.737364
   -1403.000      -0.011862       0.423424     522.731982
   -1402.000      -0.013408       0.424009     524.977475
   -1401.000      -0.014320       0.424182     526.144546
   -1400.000      -0.014334       0.423948     525.961590
   -1399.000      -0.012988       0.423315     523.953847
   -1398.000      -0.010358       0.422297     520.238211
   -1397.000      -0.006289       0.420922     514.708267
   -1396.000      -0.000928       0.419220     507.585152
   -1395.000       0.005354       0.417229     499.329282
   -1394.000       0.012028       0.415007     490.562452
   -1393.000       0.018676       0.412610     481.774706
   -1392.000       0.024309       0.410105     473.990196
   -1391.000       0.028446       0.407567     467.717605
   -1390.000       0.030460       0.405066     463.580695
   -1389.000       0.029735       0.402676     462.181409
   -1388.000       0.026180       0.400467     463.647471
   -1387.000       0.019866       0.398497     467.959596
   -1386.000       0.011018       0.396816     474.964395
   -1385.000       0.000468       0.395465     483.966680
   -1384.000      -0.010881       0.394464     494.143530
   -1383.000      -0.022041       0.393831     504.585585
   -1382.000      -0.031785       0.393571     514.090279
   -1381.000      -0.038981       0.393674     521.488404
   -1380.000      -0.042964       0.394129     526.067910
   -1379.000      -0.042921       0.394911     526.924424
   -1378.000      -0.038806       0.395986     523.970359
   -1377.000      -0.030886       0.397321     517.456411
   -1376.000      -0.019670       0.398868     507.879435
   -1375.000      -0.006188       0.400581     496.277090
   -1374.000       0.008271       0.402404     483.919913
   -1373.000       0.022475       0.404285     471.961866
   -1372.000       0.034992       0.406161     461.711322
   -1371.000       0.044577       0.407987     454.266680
   -1370.000       0.050419       0.409714     450.309605
   -1369.000       0.051765       0.411302     450.486226
   -1368.000       0.048511       0.412723     454.900165
   -1367.000       0.040801       0.413949     463.459504
   -1366.000       0.029421       0.414964     475.517332
   -1365.000       0.015142       0.415762     490.410602
   -1364.000      -0.000494       0.416336     506.715838
   -1363.000      -0.016328       0.416687     523.275029
   -1362.000      -0.030805       0.416817     538.440837
   -1361.000      -0.042664       0.416728     550.827855
   -1360.000      -0.050755       0.416427     559.082984
   -1359.000      -0.054447       0.415925     562.467342
   -1358.000      -0.053268       0.415236     560.437712
   -1357.000      -0.047408       0.414379     553.269157
   -1356.000      -0.037418       0.413372     541.680413
   -1355.000      -0.024104       0.412239     526.653713
   -1354.000      -0.008765       0.411005     509.730510
   -1353.000       0.007180       0.409696     492.443919
   -1352.000       0.022344       0.408343     476.204987
   -1351.000       0.035288       0.406968     462.389913
   -1350.000       0.044835       0.405597     452.018978
   -1349.000       0.050232       0.404251     445.700569
   -1348.000       0.050983       0.402952     443.816797
   -1347.000       0.047000       0.401723     446.412486
   -1346.000       0.038973       0.400587     452.906468
   -1345.000       0.027449       0.399568     462.841173
   -1344.000       0.013822       0.398690     475.020510
   -1343.000      -0.000728       0.397975     488.391757
   -1342.000      -0.014730       0.397447     501.557319
   -1341.000      -0.026995       0.397127     513.361252
   -1340.000      -0.036249       0.397037     522.480546
   -1339.000      -0.041936       0.397186     528.304842
   -1338.000      -0.043490       0.397583     530.207369
   -1337.000      -0.041009       0.398224     528.263437
   -1336.000      -0.034943       0.399102     522.939231
   -1335.000      -0.025954       0.400203     514.915821
   -1334.000      -0.015084       0.401507     505.261787
   -1333.000      -0.003425       0.402991     495.078200
   -1332.000       0.007851       0.404623     485.481062
   -1331.000       0.017799       0.406372     477.348371
   -1330.000       0.025465       0.408202     471.537316
   -1329.000       0.030445       0.410076     468.378724
   -1328.000       0.032316       0.411955     468.222820
   -1327.000       0.031264       0.413792     470.872058
   -1326.000       0.027463       0.415542     476.142573
   -1325.000       0.021609       0.417152     483.359451
   -1324.000       0.014293       0.418575     491.930199
   -1323.000       0.006342       0.419765     501.011215
   -1322.000      -0.001452       0.420674     509.759179
   -1321.000      -0.008442       0.421269     517.445731
   -1320.000      -0.014025       0.421521     523.392989
   -1319.000      -0.017802       0.421407     527.122733
   -1318.000      -0.019625       0.420923     528.447684
   -1317.000      -0.019475       0.420073     527.349643
   -1316.000      -0.017573       0.418866     524.078572
   -1315.000      -0.014279       0.417329     519.064324
   -1314.000      -0.010075       0.415488     512.859751
   -1313.000      -0.005442       0.413378     506.017897
   -1312.000      -0.001006       0.411049     499.235140
   -1311.000       0.002853       0.408546     492.931202
   -1310.000       0.005691       0.405925     487.588361
   -1309.000       0.007356       0.403254     483.398641
   -1308.000       0.007696       0.400599     480.541641
   -1307.000       0.006927       0.398033     478.860669
   -1306.000       0.005179       0.395640     478.290942
   -1305.000       0.002929       0.393494     478.435284
   -1304.000       0.000539       0.391669     479.012705
   -1303.000      -0.001506       0.390238     479.627616
   -1302.000      -0.002880       0.389251     480.017156
   -1301.000      -0.003291       0.388746     479.937866
   -1300.000      -0.002629       0.388753     479.316811
   -1299.000      -0.001003       0.389266     478.249927
   -1298.000       0.001413       0.390272     476.891232
   -1297.000       0.004216       0.391740     475.594251
   -1296.000       0.006922       0.393616     474.766364
   -1295.000       0.009157       0.395843     474.712931
   -1294.000       0.010406       0.398361     475.875699
   -1293.000       0.010389       0.401089     478.464472
   -1292.000       0.008967       0.403961     482.572587
   -1291.000       0.006113       0.406905     488.194694
   -1290.000       0.002021       0.409838     495.099483
   -1289.000      -0.002866       0.412695     502.813363
   -1288.000      -0.008153       0.415407     510.888805
   -1287.000      -0.013211       0.417904     518.623180
   -1286.000      -0.017485       0.420127     525.358284
   -1285.000      -0.020412       0.422024     530.424446
   -1284.000      -0.021628       0.423547     533.351406
   -1283.000      -0.020761       0.424664     533.681714
   -1282.000      -0.017823       0.425360     531.399926
   -1281.000      -0.012964       0.425621     526.660444
   -1280.000      -0.006387       0.425460     519.724202
   -1279.000       0.001184       0.424891     511.397241
   -1278.000       0.009241       0.423937     502.267792
   -1277.000       0.016918       0.422639     493.284013
   -1276.000       0.023468       0.421035     485.228019
   -1275.000       0.028156       0.419165     478.842813
   -1274.000       0.030468       0.417078     474.648053
   -1273.000       0.029965       0.414817     473.068800
   -1272.000       0.026570       0.412429     474.191868
   -1271.000       0.020492       0.409968     477.855102
   -1270.000       0.012139       0.407484     483.713908
   -1269.000       0.002296       0.405032     491.078286
   -1268.000      -0.008117       0.402670     499.098435
   -1267.000      -0.018088       0.400448     506.847440
   -1266.000      -0.026644       0.398413     513.386597
   -1265.000      -0.032684       0.396618     517.647578
   -1264.000      -0.035748       0.395091     519.200302
   -1263.000      -0.035240       0.393863     517.465533
   -1262.000      -0.031200       0.392946     512.531525
   -1261.000      -0.024056       0.392346     504.877129
   -1260.000      -0.014368       0.392055     495.096188
   -1259.000      -0.003164       0.392071     484.243154
   -1258.000       0.008404       0.392375     473.423342
   -1257.000       0.019133       0.392952     463.755471
   -1256.000       0.028032       0.393785     456.126896
   -1255.000       0.033963       0.394851     451.506758
   -1254.000       0.036590       0.396129     450.174176
   -1253.000       0.035542       0.397598     452.445343
   -1252.000       0.030944       0.399232     458.219413
   -1251.000       0.023368       0.401002     467.011418
   -1250.000       0.013663       0.402875     478.069608
   -1249.000       0.002667       0.404814     490.627946
   -1248.000      -0.008236       0.406779     503.321696
   -1247.000      -0.018144       0.408738     515.207136
   -1246.000      -0.026087       0.410655     525.220848
   -1245.000      -0.031210       0.412494     532.360702
   -1244.000      -0.033210       0.414229     536.219193
   -1243.000      -0.031925       0.415830     536.536829
   -1242.000      -0.027578       0.417275     533.503760
   -1241.000      -0.020695       0.418545     527.664691
   -1240.000      -0.012122       0.419619     519.898518
   -1239.000      -0.002639       0.420474     511.031043
   -1238.000       0.006741       0.421093     502.088402
   -1237.000       0.014974       0.421452     494.110757
   -1236.000       0.021478       0.421530     487.647200
   -1235.000       0.025497       0.421319     483.409895
   -1234.000       0.026759       0.420807     481.630848
   -1233.000       0.025304       0.419992     482.256211
   -1232.000       0.021335       0.418885     485.092701
   -1231.000       0.015248       0.417496     489.760977
   -1230.000       0.007997       0.415855     495.358180
   -1229.000       0.000145       0.413997     501.357414
   -1228.000      -0.007318       0.411961     506.802753
   -1227.000      -0.013558       0.409789     510.883442
   -1226.000      -0.018009       0.407537     513.077825
   -1225.000      -0.020214       0.405247     512.969292
   -1224.000      -0.019856       0.402977     510.308739
   -1223.000      -0.017202       0.400785     505.462690
   -1222.000      -0.012571       0.398722     498.833598
   -1221.000      -0.006453       0.396846     491.004545
   -1220.000       0.000183       0.395215     482.993983
   -1219.000       0.006622       0.393876     475.537115
   -1218.000       0.012139       0.392882     469.350387
   -1217.000       0.015851       0.392271     465.268450
   -1216.000       0.017469       0.392068     463.553521
   -1215.000       0.016773       0.392290     464.413677
   -1214.000       0.013786       0.392936     467.831187
   -1213.000       0.008961       0.393982     473.391687
   -1212.000       0.002958       0.395402     480.482563
   -1211.000      -0.003633       0.397150     488.532392
   -1210.000      -0.009869       0.399164     496.585200
   -1209.000      -0.014958       0.401387     503.801093
   -1208.000      -0.018438       0.403747     509.628464
   -1207.000      -0.019715       0.406171     513.357905
   -1206.000      -0.018646       0.408597     514.744439
   -1205.000      -0.015400       0.410953     513.863791
   -1204.000      -0.010227       0.413175     510.894947
   -1203.000      -0.003561       0.415210     506.224038
   -1202.000       0.003629       0.416997     500.789252
   -1201.000       0.010900       0.418492     494.996550
   -1200.000       0.017285       0.419660     489.788377
   -1199.000       0.022146       0.420465     485.760432
   -1198.000       0.024929       0.420885     483.433315
   -1197.000       0.025381       0.420913     483.047432
   -1196.000       0.023135       0.420543     484.949637
   -1195.000       0.018583       0.419793     488.787862
   -1194.000       0.011968       0.418687     494.349896
   -1193.000       0.003791       0.417261     501.183607
   -1192.000      -0.005014       0.415561     508.409071
   -1191.000      -0.013716       0.413642     515.332490
   -1190.000      -0.021516       0.411561     521.193561
   -1189.000      -0.027404       0.409385     525.004767
   -1188.000      -0.030848       0.407179     526.281544
   -1187.000      -0.031459       0.405002     524.701979
   -1186.000      -0.028900       0.402921     520.011439
   -1185.000      -0.023424       0.400991     512.585115
   -1184.000      -0.015559       0.399265     503.071482
   -1183.000      -0.005755       0.397794     492.015736
   -1182.000       0.004767       0.396618     480.700124
   -1181.000       0.015120       0.395768     469.994884
   -1180.000       0.024241       0.395269     460.906761
   -1179.000       0.031204       0.395126     454.251012
   -1178.000       0.035124       0.395340     450.787565
   -1177.000       0.035881       0.395895     450.596583
   -1176.000       0.033011       0.396765     454.068142
   -1175.000       0.026994       0.397910     460.783141
   -1174.000       0.018375       0.399292     470.268134
   -1173.000       0.007912       0.400851     481.823944
   -1172.000      -0.003347       0.402540     494.463426
   -1171.000      -0.014283       0.404308     507.060382
   -1170.000      -0.023936       0.406104     518.582763
   -1169.000      -0.031422       0.407883     528.036387
   -1168.000      -0.035890       0.409603     534.416228
   -1167.000      -0.037185       0.411225     537.461419
   -1166.000      -0.035062       0.412718     536.830940
   -1165.000      -0.029804       0.414055     532.780054
   -1164.000      -0.021917       0.415210     525.834448
   -1163.000      -0.012252       0.416164     516.894002
   -1162.000      -0.001461       0.416903     506.652655
   -1161.000       0.009124       0.417410     496.475679
   -1160.000       0.018792       0.417685     487.078854
   -1159.000       0.026647       0.417726     479.323084
   -1158.000       0.031894       0.417538     473.964281
   -1157.000       0.034239       0.417135     471.263862
   -1156.000       0.033538       0.416529     471.352667
   -1155.000       0.029799       0.415739     474.225922
   -1154.000       0.023576       0.414787     479.389580
   -1153.000       0.015539       0.413698     486.228491
   -1152.000       0.006352       0.412490     494.122395
   -1151.000      -0.002973       0.411188     502.104153
   -1150.000      -0.011515       0.409805     509.257740
   -1149.000      -0.018711       0.408359     515.015241
   -1148.000      -0.023677       0.406871     518.478099
   -1147.000      -0.026198       0.405358     519.438099
   -1146.000      -0.026171       0.403841     517.817111
   -1145.000      -0.023708       0.402348     513.776813
   -1144.000      -0.019163       0.400904     507.733169
   -1143.000      -0.013323       0.399542     500.547465
   -1142.000      -0.006609       0.398295     492.682620
   -1141.000      -0.000005       0.397197     485.146688
   -1140.000       0.005904       0.396276     478.524072
   -1139.000       0.010554       0.395560     473.348266
   -1138.000       0.013606       0.395067     469.938064
   -1137.000       0.014807       0.394811     468.518817
   -1136.000       0.014377       0.394804     468.883184
   -1135.000       0.012534       0.395053     470.831981
   -1134.000       0.009649       0.395559     474.021280
   -1133.000       0.006390       0.396320     477.827171
   -1132.000       0.003193       0.397336     481.837264
   -1131.000       0.000467       0.398594     485.645607
   -1130.000      -0.001310       0.400087     488.781153
   -1129.000      -0.002112       0.401796     491.189087
   -1128.000      -0.001931       0.403691     492.827206
   -1127.000      -0.000872       0.405742     493.759766
   -1126.000       0.000629       0.407900     494.368290
   -1125.000       0.002187       0.410117     494.981233
   -1124.000       0.003448       0.412339     495.902649
   -1123.000       0.003951       0.414507     497.535373
   -1122.000       0.003460       0.416561     500.066174
   -1121.000       0.001892       0.418447     503.540982
   -1120.000      -0.000764       0.420115     507.928707
   -1119.000      -0.004286       0.421515     512.968726
   -1118.000      -0.008225       0.422620     518.179913
   -1117.000      -0.012169       0.423395     523.093360
   -1116.000      -0.015618       0.423818     527.161603
   -1115.000      -0.017868       0.423877     529.616571
   -1114.000      -0.018700       0.423560     530.211472
   -1113.000      -0.017577       0.422864     528.375725
   -1112.000      -0.014472       0.421802     524.115073
   -1111.000      -0.009431       0.420380     517.530925
   -1110.000      -0.002790       0.418620     509.040419
   -1109.000       0.005006       0.416559     499.193043
   -1108.000       0.013156       0.414232     488.878258
   -1107.000       0.020926       0.411692     478.890057
   -1106.000       0.027452       0.409008     470.117840
   -1105.000       0.031883       0.406241     463.401659
   -1104.000       0.033608       0.403469     459.328739
   -1103.000       0.032219       0.400770     458.304146
   -1102.000       0.027558       0.398217     460.504568
   -1101.000       0.019829       0.395885     465.805700
   -1100.000       0.009696       0.393840     473.678923
   -1099.000      -0.002107       0.392135     483.504216
   -1098.000      -0.014375       0.390818     494.231810
   -1097.000      -0.025877       0.389926     504.713371
   -1096.000      -0.035506       0.389473     513.864354
   -1095.000      -0.042084       0.389478     520.507716
   -1094.000      -0.044912       0.389935     523.894730
   -1093.000      -0.043492       0.390824     523.465880
   -1092.000      -0.037936       0.392121     519.305034
   -1091.000      -0.028509       0.393783     511.648426
   -1090.000      -0.016236       0.395752     501.519392
   -1089.000      -0.002053       0.397973     489.806927
   -1088.000       0.012653       0.400377     477.841680
   -1087.000       0.026544       0.402891     466.846565
   -1086.000       0.038338       0.405445     457.941760
   -1085.000       0.046985       0.407971     452.030523
   -1084.000       0.051608       0.410402     449.844397
   -1083.000       0.051877       0.412687     451.661729
   -1082.000       0.047667       0.414774     457.602714
   -1081.000       0.039314       0.416621     467.402967
   -1080.000       0.027576       0.418199     480.433546
   -1079.000       0.013317       0.419481     495.919828
   -1078.000      -0.002129       0.420449     512.578722
   -1077.000      -0.017588       0.421099     529.238200
   -1076.000      -0.031674       0.421427     544.366118
   -1075.000      -0.043248       0.421435     556.682842
   -1074.000      -0.051312       0.421140     565.011370
   -1073.000      -0.055158       0.420555     568.507543
   -1072.000      -0.054443       0.419703     566.789230
   -1071.000      -0.049205       0.418617     559.969302
   -1070.000      -0.039872       0.417328     548.654519
   -1069.000      -0.027174       0.415874     533.798250
   -1068.000      -0.012249       0.414293     516.772947
   -1067.000       0.003747       0.412622     498.912452
   -1066.000       0.019340       0.410902     481.773529
   -1065.000       0.033250       0.409170     466.589264
   -1064.000       0.044260       0.407461     454.474530
   -1063.000       0.051433       0.405805     446.203378
   -1062.000       0.054129       0.404232     442.273400
   -1061.000       0.052203       0.402763     442.770717
   -1060.000       0.045784       0.401423     447.574534
   -1059.000       0.035500       0.400231     456.172342
   -1058.000       0.022361       0.399206     467.698515
   -1057.000       0.007457       0.398361     481.223216
   -1056.000      -0.007766       0.397709     495.416509
   -1055.000      -0.022016       0.397257     509.015020
   -1054.000      -0.034052       0.397009     520.754244
   -1053.000      -0.042862       0.396965     529.560080
   -1052.000      -0.047727       0.397121     534.597369
   -1051.000      -0.048379       0.397466     535.551702
   -1050.000      -0.044884       0.397990     532.454324
   -1049.000      -0.037658       0.398676     525.742664
   -1048.000      -0.027544       0.399509     516.306195
   -1047.000      -0.015476       0.400477     505.120580
   -1046.000      -0.002595       0.401562     493.357468
   -1045.000       0.009904       0.402747     482.168354
   -1044.000       0.021012       0.404016     472.501043
   -1043.000       0.029847       0.405349     465.149717
   -1042.000       0.035770       0.406723     460.643340
   -1041.000       0.038465       0.408115     459.245756
   -1040.000       0.037956       0.409495     460.901670
   -1039.000       0.034416       0.410833     465.438732
   -1038.000       0.028453       0.412096     472.298674
   -1037.000       0.020690       0.413253     480.885282
   -1036.000       0.011951       0.414272     490.411636
   -1035.000       0.002941       0.415133     500.161093
   -1034.000      -0.005432       0.415808     509.192195
   -1033.000      -0.012773       0.416283     517.061782
   -1032.000      -0.018451       0.416546     523.069638
   -1031.000      -0.022272       0.416590     526.969524
   -1030.000      -0.024203       0.416411     528.705153
   -1029.000      -0.024309       0.416015     528.334025
   -1028.000      -0.022812       0.415403     526.091123
   -1027.000      -0.020149       0.414585     522.454747
   -1026.000      -0.016627       0.413574     517.768538
   -1025.000      -0.012626       0.412385     512.453957
   -1024.000      -0.008597       0.411040     507.000984
   -1023.000      -0.004674       0.409570     501.579695
   -1022.000      -0.001038       0.408003     496.401033
   -1021.000       0.002128       0.406384     491.680470
   -1020.000       0.005005       0.404758     487.279668
   -1019.000       0.007551       0.403173     483.280266
   -1018.000       0.009847       0.401682     479.642392
   -1017.000       0.012008       0.400337     476.301883
   -1016.000       0.014077       0.399183     473.251930
   -1015.000       0.015810       0.398262     470.756801
   -1014.000       0.017334       0.397602     468.721060
   -1013.000       0.018195       0.397226     467.586269
   -1012.000       0.018265       0.397148     467.484800
   -1011.000       0.017250       0.397364     468.693213
   -1010.000       0.014977       0.397869     471.378250
   -1009.000       0.011211       0.398647     475.768067
   -1008.000       0.006155       0.399673     481.672434
   -1007.000      -0.000095       0.400920     489.006986
   -1006.000      -0.007254       0.402355     497.505035
   -1005.000      -0.014581       0.403935     506.410234
   -1004.000      -0.021675       0.405618     515.300559
   -1003.000      -0.027764       0.407358     523.338343
   -1002.000      -0.032120       0.409099     529.685683
   -1001.000      -0.034226       0.410793     533.723181
   -1000.000      -0.033760       0.412389     535.029222
    -999.000      -0.030250       0.413833     533.016378
    -998.000      -0.024092       0.415087     528.078271
    -997.000      -0.015352       0.416110     520.257310
    -996.000      -0.004698       0.416873     510.271404
    -995.000       0.007034       0.417360     499.009440
    -994.000       0.018892       0.417558     487.450146
    -993.000       0.029933       0.417462     476.554752
    -992.000       0.038991       0.417084     467.440592
    -991.000       0.045217       0.416432     460.900497
    -990.000       0.047962       0.415525     457.528567
    -989.000       0.046648       0.414393     457.855160
    -988.000       0.041283       0.413063     461.895208
    -987.000       0.032206       0.411571     469.391681
    -986.000       0.019886       0.409958     479.974382
    -985.000       0.005459       0.408264     492.651292
    -984.000      -0.009936       0.406536     506.376500
    -983.000      -0.024931       0.404823     519.854553
    -982.000      -0.038180       0.403169     531.732365
    -981.000      -0.048262       0.401622     540.532051
    -980.000      -0.054402       0.400226     545.460253
    -979.000      -0.055730       0.399015     545.595618
    -978.000      -0.052094       0.398022     540.843034
    -977.000      -0.043731       0.397275     531.544588
    -976.000      -0.031389       0.396784     518.588345
    -975.000      -0.015962       0.396560     502.999128
    -974.000       0.000847       0.396603     486.554975
    -973.000       0.017764       0.396901     470.510583
    -972.000       0.033195       0.397442     456.337341
    -971.000       0.045588       0.398210     445.383359
    -970.000       0.054013       0.399176     438.384167
    -969.000       0.057680       0.400317     435.963616
    -968.000       0.056166       0.401602     438.450366
    -967.000       0.049858       0.402996     445.534714
    -966.000       0.039288       0.404467     456.797304
    -965.000       0.025344       0.405980     471.525227
    -964.000       0.009458       0.407499     488.445953
    -963.000      -0.007026       0.408994     506.285507
    -962.000      -0.022782       0.410431     523.689390
    -961.000      -0.036293       0.411782     539.003490
    -960.000      -0.046548       0.413025     551.012769
    -959.000      -0.052857       0.414142     558.859444
    -958.000      -0.054535       0.415114     561.651380
    -957.000      -0.051735       0.415933     559.512280
    -956.000      -0.044800       0.416587     552.812202
    -955.000      -0.034232       0.417067     542.127148
    -954.000      -0.021171       0.417370     528.770158
    -953.000      -0.006776       0.417491     514.023609
    -952.000       0.007937       0.417427     498.976697
    -951.000       0.021492       0.417180     485.128429
    -950.000       0.032958       0.416751     473.353323
    -949.000       0.041419       0.416143     464.480046
    -948.000       0.046273       0.415367     459.016221
    -947.000       0.047125       0.414434     457.276050
    -946.000       0.044266       0.413358     458.983531
    -945.000       0.037793       0.412156     464.046207
    -944.000       0.028510       0.410845     471.747878
    -943.000       0.017294       0.409445     481.302132
    -942.000       0.005087       0.407978     491.834010
    -941.000      -0.007063       0.406465     502.347879
    -940.000      -0.018002       0.404932     511.695376
    -939.000      -0.027038       0.403403     519.180583
    -938.000      -0.033398       0.401906     524.008529
    -937.000      -0.036606       0.400469     525.701266
    -936.000      -0.036662       0.399126     524.298371
    -935.000      -0.033670       0.397908     519.958365
    -934.000      -0.027969       0.396847     513.090031
    -933.000      -0.020362       0.395975     504.590612
    -932.000      -0.011544       0.395320     495.198393
    -931.000      -0.002318       0.394903     485.739988
    -930.000       0.006387       0.394746     477.125971
    -929.000       0.013829       0.394861     470.044162
    -928.000       0.019666       0.395247     464.786828
    -927.000       0.023198       0.395907     461.975383
    -926.000       0.024624       0.396825     461.397765
    -925.000       0.023928       0.397983     463.048107
    -924.000       0.021360       0.399362     466.688294
    -923.000       0.017430       0.400930     471.836960
    -922.000       0.012721       0.402654     477.932856
    -921.000       0.007568       0.404505     484.637919
    -920.000       0.002659       0.406436     491.257394
    -919.000      -0.001673       0.408409     497.413192
    -918.000      -0.005273       0.410382     502.902179
    -917.000      -0.007833       0.412308     507.349333
    -916.000      -0.009447       0.414138     510.782377
    -915.000      -0.010257       0.415831     513.286702
    -914.000      -0.010402       0.417339     514.944431
    -913.000      -0.010037       0.418625     515.862985
    -912.000      -0.009612       0.419658     516.472569
    -911.000      -0.009010       0.420409     516.615201
    -910.000      -0.008554       0.420861     516.607299
    -909.000      -0.008225       0.421009     516.423099
    -908.000      -0.007912       0.420846     515.939420
    -907.000      -0.007527       0.420382     515.079914
    -906.000      -0.006970       0.419631     513.759280
    -905.000      -0.005901       0.418608     511.648017
    -904.000      -0.004260       0.417340     508.723227
    -903.000      -0.002001       0.415856     504.981289
    -902.000       0.001071       0.414184     500.266054
    -901.000       0.004706       0.412366     494.889433
    -900.000       0.008673       0.410444     489.135357
    -899.000       0.012768       0.408460     483.253812
    -898.000       0.016433       0.406468     477.841505
    -897.000       0.019237       0.404514     473.345869
    -896.000       0.020823       0.402648     470.139690
    -895.000       0.020717       0.400922     468.700684
    -894.000       0.018668       0.399378     469.290332
    -893.000       0.014787       0.398051     471.835696
    -892.000       0.009018       0.396977     476.426691
    -891.000       0.001908       0.396174     482.579930
    -890.000      -0.006025       0.395652     489.839496
    -889.000      -0.014038       0.395418     497.499396
    -888.000      -0.021398       0.395466     504.854615
    -887.000      -0.027165       0.395781     510.940770
    -886.000      -0.030811       0.396348     515.203280
    -885.000      -0.031762       0.397138     517.009597
    -884.000      -0.029735       0.398124     516.025750
    -883.000      -0.024875       0.399277     512.374154
    -882.000      -0.017463       0.400561     506.309909
    -881.000      -0.008080       0.401940     498.399892
    -880.000       0.002363       0.403380     489.551779
    -879.000       0.012932       0.404843     480.646754
    -878.000       0.022662       0.406293     472.592515
    -877.000       0.030530       0.407697     466.328979
    -876.000       0.035799       0.409026     462.506303
    -875.000       0.037949       0.410253     461.583909
    -874.000       0.036643       0.411358     463.864545
    -873.000       0.031998       0.412323     469.258154
    -872.000       0.024427       0.413136     477.409790
    -871.000       0.014548       0.413793     487.770181
    -870.000       0.003253       0.414291     499.514729
    -869.000      -0.008324       0.414630     511.538617
    -868.000      -0.019288       0.414812     522.909094
    -867.000      -0.028474       0.414841     532.408540
    -866.000      -0.035080       0.414722     539.139019
    -865.000      -0.038554       0.414466     542.482285
    -864.000      -0.038494       0.414080     541.993718
    -863.000      -0.034972       0.413577     537.771740
    -862.000      -0.028342       0.412968     530.251889
    -861.000      -0.019226       0.412269     520.150816
    -860.000      -0.008450       0.411495     508.409284
    -859.000       0.002853       0.410662     496.237748
    -858.000       0.013740       0.409788     484.597139
    -857.000       0.023130       0.408886     474.540439
    -856.000       0.030158       0.407972     466.867106
    -855.000       0.034275       0.407059     462.050826
    -854.000       0.035089       0.406162     460.427710
    -853.000       0.032602       0.405295     461.981716
    -852.000       0.027177       0.404472     466.388727
    -851.000       0.019381       0.403708     473.150191
    -850.000       0.009994       0.403016     481.553607
    -849.000       0.000065       0.402413     490.646787
    -848.000      -0.009562       0.401911     499.604775
    -847.000      -0.017840       0.401526     507.404632
    -846.000      -0.024114       0.401267     513.378043
    -845.000      -0.027781       0.401143     516.889921
    -844.000      -0.028630       0.401160     517.716939
    -843.000      -0.026706       0.401319     515.899016
    -842.000      -0.022267       0.401619     511.703974
    -841.000      -0.015966       0.402056     505.809404
    -840.000      -0.008424       0.402622     498.835734
    -839.000      -0.000511       0.403305     491.656598
    -838.000       0.006993       0.404091     485.020267
    -837.000       0.013332       0.404963     479.627181
    -836.000       0.018015       0.405900     475.927453
    -835.000       0.020542       0.406882     474.360640
    -834.000       0.020931       0.407883     474.885786
    -833.000       0.019139       0.408878     477.527016
    -832.000       0.015574       0.409841     481.886774
    -831.000       0.010631       0.410741     487.575071
    -830.000       0.004974       0.411553     493.928530
    -829.000      -0.000854       0.412251     500.393271
    -828.000      -0.006185       0.412810     506.275623
    -827.000      -0.010499       0.413211     511.006383
    -826.000      -0.013439       0.413438     514.194782
    -825.000      -0.014702       0.413477     515.499578
    -824.000      -0.014281       0.413328     514.904676
    -823.000      -0.012293       0.412989     512.532242
    -822.000      -0.009002       0.412469     508.668671
    -821.000      -0.004847       0.411779     503.794725
    -820.000      -0.000291       0.410935     498.398405
    -819.000       0.004070       0.409959     493.107760
    -818.000       0.007836       0.408878     488.343014
    -817.000       0.010477       0.407717     484.637007
    -816.000       0.011769       0.406509     482.226114
    -815.000       0.011531       0.405289     481.304471
    -814.000       0.009831       0.404090     481.829994
    -813.000       0.006797       0.402950     483.707918
    -812.000       0.002926       0.401909     486.496077
    -811.000      -0.001496       0.400996     489.949923
    -810.000      -0.005776       0.400247     493.428680
    -809.000      -0.009472       0.399689     496.525219
    -808.000      -0.012112       0.399339     498.791598
    -807.000      -0.013336       0.399214     499.884719
    -806.000      -0.012930       0.399319     499.594977
    -805.000      -0.010953       0.399650     497.978760
    -804.000      -0.007566       0.400201     495.190026
    -803.000      -0.003089       0.400955     491.537381
    -802.000       0.001900       0.401888     487.557701
    -801.000       0.006909       0.402977     483.718209
    -800.000       0.011391       0.404191     480.515918
    -799.000       0.014713       0.405493     478.522665
    -798.000       0.016591       0.406853     477.986221
    -797.000       0.016748       0.408234     479.142695
    -796.000       0.015048       0.409597     482.101487
    -795.000       0.011749       0.410910     486.604128
    -794.000       0.007086       0.412139     492.406961
    -793.000       0.001503       0.413253     499.065595
    -792.000      -0.004371       0.414224     505.932787
    -791.000      -0.009962       0.415027     512.401838
    -790.000      -0.014747       0.415643     517.909668
    -789.000      -0.018106       0.416062     521.783777
    -788.000      -0.019776       0.416271     523.721306
    -787.000      -0.019519       0.416270     523.463161
    -786.000      -0.017345       0.416064     521.028283
    -785.000      -0.013370       0.415658     516.553965
    -784.000      -0.008155       0.415066     510.659696
    -783.000      -0.001970       0.414306     503.659926
    -782.000       0.004356       0.413395     496.430363
    -781.000       0.010307       0.412355     489.510171
    -780.000       0.015239       0.411208     483.551174
    -779.000       0.018690       0.409976     479.006504
    -778.000       0.020186       0.408684     476.331343
    -777.000       0.019756       0.407356     475.505177
    -776.000       0.017318       0.406017     476.614814
    -775.000       0.013164       0.404696     479.402764
    -774.000       0.007821       0.403418     483.387485
    -773.000       0.001790       0.402209     488.113387
    -772.000      -0.004309       0.401094     493.009769
    -771.000      -0.009686       0.400095     497.314875
    -770.000      -0.013928       0.399232     500.641885
    -769.000      -0.016579       0.398519     502.548121
    -768.000      -0.017306       0.397970     502.708078
    -767.000      -0.016217       0.397589     501.241874
    -766.000      -0.013517       0.397384     498.365190
    -765.000      -0.009393       0.397357     494.272967
    -764.000      -0.004651       0.397509     489.768486
    -763.000       0.000351       0.397840     485.199345
    -762.000       0.004921       0.398348     481.234632
    -761.000       0.008585       0.399025     478.313324
    -760.000       0.010887       0.399866     476.861718
    -759.000       0.011822       0.400859     476.871900
    -758.000       0.011136       0.401990     478.576585
    -757.000       0.009176       0.403242     481.639893
    -756.000       0.006287       0.404592     485.722877
    -755.000       0.002802       0.406014     490.488774
    -754.000      -0.000691       0.407485     495.346724
    -753.000      -0.003687       0.408975     499.766312
    -752.000      -0.005889       0.410454     503.413819
    -751.000      -0.006985       0.411897     505.937851
    -750.000      -0.006719       0.413272     507.035806
    -749.000      -0.005439       0.414553     507.022658
    -748.000      -0.003077       0.415715     505.801169
    -747.000      -0.000129       0.416736     503.849278
    -746.000       0.002981       0.417588     501.569293
    -745.000       0.005776       0.418254     499.424652
    -744.000       0.007962       0.418716     497.697496
    -743.000       0.008907       0.418955     496.994968
    -742.000       0.008663       0.418962     497.261266
    -741.000       0.007053       0.418728     498.663147
    -740.000       0.004101       0.418248     501.174642
    -739.000       0.000261       0.417530     504.351126
    -738.000      -0.004129       0.416580     507.857689
    -737.000      -0.008648       0.415412     511.286160
    -736.000      -0.012538       0.414053     513.884852
    -735.000      -0.015408       0.412525     515.279321
    -734.000      -0.016811       0.410860     515.047957
    -733.000      -0.016359       0.409097     512.843600
    -732.000      -0.013978       0.407270     508.651850
    -731.000      -0.009882       0.405419     502.758830
    -730.000      -0.004185       0.403589     495.361332
    -729.000       0.002419       0.401820     487.214890
    -728.000       0.009315       0.400154     478.976278
    -727.000       0.015791       0.398635     471.370948
    -726.000       0.021134       0.397301     465.092693
    -725.000       0.024505       0.396188     460.925163
    -724.000       0.025719       0.395330     459.050689
    -723.000       0.024257       0.394748     459.944942
    -722.000       0.020224       0.394460     463.530777
    -721.000       0.013994       0.394477     469.500312
    -720.000       0.006016       0.394790     477.458480
    -719.000      -0.002994       0.395390     486.763781
    -718.000      -0.011991       0.396262     496.418658
    -717.000      -0.020239       0.397371     505.677710
    -716.000      -0.026878       0.398689     513.643888
    -715.000      -0.031089       0.400181     519.414879
    -714.000      -0.032548       0.401804     522.580818
    -713.000      -0.031053       0.403520     522.863048
    -712.000      -0.026534       0.405288     520.119983
    -711.000      -0.019542       0.407062     514.885087
    -710.000      -0.010638       0.408805     507.696851
    -709.000      -0.000453       0.410479     499.186949
    -708.000       0.009880       0.412043     490.463816
    -707.000       0.019564       0.413467     482.295651
    -706.000       0.027816       0.414724     475.414270
    -705.000       0.033697       0.415786     470.689173
    -704.000       0.036805       0.416638     468.474694
    -703.000       0.036883       0.417266     469.005752
    -702.000       0.033714       0.417661     472.481715
    -701.000       0.027697       0.417825     478.558739
    -700.000       0.019305       0.417763     486.813121
    -699.000       0.009135       0.417481     496.698185
    -698.000      -0.001916       0.416995     507.365694
    -697.000      -0.012781       0.416321     517.748463
    -696.000      -0.022809       0.415477     527.185845
    -695.000      -0.030864       0.414486     534.481303
    -694.000      -0.036356       0.413371     539.010439
    -693.000      -0.038866       0.412154     540.335846
    -692.000      -0.038036       0.410863     538.105943
    -691.000      -0.033945       0.409523     532.466862
    -690.000      -0.027059       0.408160     523.995204
    -689.000      -0.017787       0.406802     513.205438
    -688.000      -0.007025       0.405479     501.098516
    -687.000       0.004243       0.404215     488.732688
    -686.000       0.015149       0.403038     476.972464
    -685.000       0.024681       0.401971     466.799244
    -684.000       0.031972       0.401033     458.987483
    -683.000       0.036462       0.400242     454.021090
    -682.000       0.037804       0.399611     452.183858
    -681.000       0.035788       0.399149     453.646433
    -680.000       0.030795       0.398860     458.077444
    -679.000       0.023284       0.398748     465.083271
    -678.000       0.013808       0.398813     474.179736
    -677.000       0.003495       0.399053     484.349936
    -676.000      -0.006927       0.399463     494.900318
    -675.000      -0.016495       0.400034     504.878167
    -674.000      -0.024351       0.400757     513.403188
    -673.000      -0.029893       0.401617     519.807155
    -672.000      -0.032840       0.402593     523.751048
    -671.000      -0.032821       0.403668     524.790449
    -670.000      -0.030158       0.404814     523.219438
    -669.000      -0.025153       0.406004     519.317786
    -668.000      -0.018270       0.407212     513.536913
    -667.000      -0.010250       0.408411     506.625611
    -666.000      -0.001898       0.409570     499.378001
    -665.000       0.006256       0.410667     492.295576
    -664.000       0.013395       0.411676     486.169091
    -663.000       0.019009       0.412575     481.457271
    -662.000       0.022917       0.413344     478.311276
    -661.000       0.024719       0.413962     477.084764
    -660.000       0.024585       0.414414     477.597852
    -659.000       0.022697       0.414687     479.665773
    -658.000       0.019306       0.414769     483.036172
    -657.000       0.014839       0.414654     487.294111
    -656.000       0.009828       0.414340     491.921369
    -655.000       0.004607       0.413827     496.582526
    -654.000      -0.000392       0.413126     500.854483
    -653.000      -0.004761       0.412252     504.339602
    -652.000      -0.008441       0.411224     506.982326
    -651.000      -0.011210       0.410068     508.586051
    -650.000      -0.013038       0.408816     509.149666
    -649.000      -0.014077       0.407503     508.859941
    -648.000      -0.014403       0.406166     507.837655
    -647.000      -0.014060       0.404842     506.164080
    -646.000      -0.013363       0.403570     504.203056
    -645.000      -0.012248       0.402388     501.925016
    -644.000      -0.010818       0.401328     499.468869
    -643.000      -0.009139       0.400421     496.931887
    -642.000      -0.007092       0.399696     494.224295
    -641.000      -0.004658       0.399176     491.347717
    -640.000      -0.001830       0.398878     488.318832
    -639.000       0.001432       0.398819     485.105663
    -638.000       0.005100       0.399004     481.745932
    -637.000       0.008929       0.399430     478.470855
    -636.000       0.012790       0.400094     475.397893
    -635.000       0.016360       0.400975     472.814113
    -634.000       0.019221       0.402050     471.095947
    -633.000       0.021097       0.403290     470.477284
    -632.000       0.021615       0.404652     471.280544
    -631.000       0.020481       0.406099     473.760528
    -630.000       0.017647       0.407588     477.951779
    -629.000       0.013084       0.409074     483.865842
    -628.000       0.006984       0.410515     491.311464
    -627.000      -0.000270       0.411876     499.913590
    -626.000      -0.008129       0.413116     509.108168
    -625.000      -0.016045       0.414209     518.313717
    -624.000      -0.023216       0.415126     526.680976
    -623.000      -0.029035       0.415842     533.514752
    -622.000      -0.032840       0.416341     538.071661
    -621.000      -0.034169       0.416609     539.819494
    -620.000      -0.032664       0.416634     538.348293
    -619.000      -0.028412       0.416418     533.777867
    -618.000      -0.021416       0.415961     526.132280
    -617.000      -0.012292       0.415273     516.146102
    -616.000      -0.001644       0.414371     504.518046
    -615.000       0.009651       0.413279     492.202545
    -614.000       0.020639       0.412021     480.212700
    -613.000       0.030270       0.410632     469.588191
    -612.000       0.037689       0.409146     461.132870
    -611.000       0.042103       0.407600     455.578998
    -610.000       0.042959       0.406032     453.414126
    -609.000       0.040118       0.404480     454.770891
    -608.000       0.033664       0.402978     459.594333
    -607.000       0.024039       0.401564     467.536215
    -606.000       0.012126       0.400269     477.850802
    -605.000      -0.001148       0.399118     489.704733
    -604.000      -0.014542       0.398141     501.967666
    -603.000      -0.026850       0.397356     513.464302
    -602.000      -0.036924       0.396783     523.025790
    -601.000      -0.043857       0.396438     529.709285
    -600.000      -0.046880       0.396325     532.681226
    -599.000      -0.045851       0.396450     531.783960
    -598.000      -0.040675       0.396812     526.912226
    -597.000      -0.031976       0.397401     518.744256
    -596.000      -0.020401       0.398203     507.971705
    -595.000      -0.007118       0.399201     495.799300
    -594.000       0.006767       0.400371     483.317060
    -593.000       0.019970       0.401687     471.761498
    -592.000       0.031372       0.403124     462.134885
    -591.000       0.039982       0.404651     455.298442
    -590.000       0.045110       0.406242     451.837092
    -589.000       0.046396       0.407868     452.041208
    -588.000       0.043729       0.409499     456.007485
    -587.000       0.037537       0.411109     463.371014
    -586.000       0.028268       0.412667     473.758769
    -585.000       0.016896       0.414143     486.297009
    -584.000       0.004328       0.415510     500.117528
    -583.000      -0.008308       0.416739     514.103580
    -582.000      -0.020083       0.417803     527.254774
    -581.000      -0.029888       0.418677     538.319972
    -580.000      -0.037200       0.419343     546.673866
    -579.000      -0.041301       0.419778     551.432616
    -578.000      -0.042075       0.419974     552.420118
    -577.000      -0.039525       0.419920     549.612413
    -576.000      -0.033913       0.419609     543.307434
    -575.000      -0.025801       0.419042     534.167703
    -574.000      -0.015922       0.418224     523.029586
    -573.000      -0.005064       0.417159     510.778932
    -572.000       0.005845       0.415862     498.430841
    -571.000       0.015950       0.414353     486.844430
    -570.000       0.024459       0.412650     476.812735
    -569.000       0.030790       0.410786     468.878085
    -568.000       0.034409       0.408794     463.515507
    -567.000       0.035229       0.406711     460.797499
    -566.000       0.033180       0.404583     460.784492
    -565.000       0.028576       0.402462     463.209916
    -564.000       0.021853       0.400392     467.697720
    -563.000       0.013714       0.398430     473.643699
    -562.000       0.004747       0.396627     480.552996
    -561.000      -0.004083       0.395029     487.543947
    -560.000      -0.012221       0.393685     494.130668
    -559.000      -0.018895       0.392637     499.597508
    -558.000      -0.023707       0.391912     503.566267
    -557.000      -0.026280       0.391541     505.685178
    -556.000      -0.026648       0.391540     506.002149
    -555.000      -0.024808       0.391909     504.508215
    -554.000      -0.021151       0.392652     501.598040
    -553.000      -0.016136       0.393753     497.710005
    -552.000      -0.010232       0.395184     493.281363
    -551.000      -0.004026       0.396918     488.854319
    -550.000       0.001889       0.398910     484.958931
    -549.000       0.007192       0.401106     481.850374
    -548.000       0.011462       0.403456     479.884458
    -547.000       0.014475       0.405896     479.214333
    -546.000       0.016286       0.408358     479.737676
    -545.000       0.016822       0.410785     481.475867
    -544.000       0.016261       0.413113     484.211293
    -543.000       0.014866       0.415283     487.643668
    -542.000       0.012833       0.417248     491.540913
    -541.000       0.010329       0.418965     495.699338
    -540.000       0.007730       0.420394     499.703214
    -539.000       0.005032       0.421511     503.527481
    -538.000       0.002402       0.422294     506.971080
    -537.000      -0.000039       0.422726     509.885381
    -536.000      -0.002360       0.422809     512.334427
    -535.000      -0.004603       0.422536     514.349025
    -534.000      -0.006583       0.421918     515.743592
    -533.000      -0.008589       0.420973     516.834489
    -532.000      -0.010384       0.419720     517.396665
    -531.000      -0.011968       0.418193     517.462254
    -530.000      -0.013248       0.416433     516.984601
    -529.000      -0.014095       0.414480     515.875694
    -528.000      -0.014226       0.412388     513.904363
    -527.000      -0.013635       0.410211     511.135874
    -526.000      -0.012074       0.408003     507.381782
    -525.000      -0.009454       0.405820     502.629061
    -524.000      -0.005894       0.403718     497.067269
    -523.000      -0.001451       0.401741     490.811804
    -522.000       0.003694       0.399940     484.105667
    -521.000       0.009011       0.398352     477.497358
    -520.000       0.014190       0.397006     471.312062
    -519.000       0.018739       0.395931     466.029202
    -518.000       0.022018       0.395145     462.242782
    -517.000       0.023718       0.394657     460.233882
    -516.000       0.023545       0.394471     460.268714
    -515.000       0.021143       0.394585     462.673912
    -514.000       0.016816       0.394985     467.178215
    -513.000       0.010657       0.395657     473.708461
    -512.000       0.003154       0.396574     481.824234
    -511.000      -0.005058       0.397706     490.919937
    -510.000      -0.013166       0.399019     500.191781
    -509.000      -0.020619       0.400475     509.068384
    -508.000      -0.026432       0.402033     516.490123
    -507.000      -0.030152       0.403653     521.930147
    -506.000      -0.031363       0.405296     524.881177
    -505.000      -0.029755       0.406922     524.948995
    -504.000      -0.025460       0.408501     522.222577
    -503.000      -0.018852       0.410003     517.066526
    -502.000      -0.010352       0.411399     509.896674
    -501.000      -0.000747       0.412672     501.525749
    -500.000       0.009023       0.413798     492.889796
    -499.000       0.018262       0.414763     484.682622
    -498.000       0.025972       0.415552     477.854565
    -497.000       0.031479       0.416152     473.036699
    -496.000       0.034298       0.416554     470.668090
    -495.000       0.034179       0.416752     470.977069
    -494.000       0.030944       0.416742     474.127157
    -493.000       0.025125       0.416526     479.635917
    -492.000       0.017060       0.416108     487.200889
    -491.000       0.007447       0.415496     496.169538
    -490.000      -0.002659       0.414704     505.527908
    -489.000      -0.012527       0.413747     514.542779
    -488.000      -0.021243       0.412643     522.290750
    -487.000      -0.027889       0.411410     527.809169
    -486.000      -0.032025       0.410075     530.651011
    -485.000      -0.033286       0.408661     530.455356
    -484.000      -0.031425       0.407198     527.001053
    -483.000      -0.026861       0.405714     520.806793
    -482.000      -0.019985       0.404243     512.350026
    -481.000      -0.011353       0.402815     502.279891
    -480.000      -0.001993       0.401472     491.702575
    -479.000       0.007289       0.400244     481.448275
    -478.000       0.015696       0.399170     472.304983
    -477.000       0.022311       0.398281     465.139178
    -476.000       0.026609       0.397609     460.419126
    -475.000       0.028387       0.397176     458.323806
    -474.000       0.027313       0.397004     459.148482
    -473.000       0.023801       0.397103     462.527809
    -472.000       0.018255       0.397481     468.113359
    -471.000       0.011197       0.398132     475.438290
    -470.000       0.003470       0.399046     483.730068
    -469.000      -0.004116       0.400202     492.199446
    -468.000      -0.010988       0.401576     500.270374
    -467.000      -0.016408       0.403132     507.157391
    -466.000      -0.019926       0.404833     512.343747
    -465.000      -0.021465       0.406637     515.679594
    -464.000      -0.020891       0.408494     516.948415
    -463.000      -0.018365       0.410358     516.244525
    -462.000      -0.014441       0.412175     514.080298
    -461.000      -0.009398       0.413895     510.678111
    -460.000      -0.003850       0.415471     506.623868
    -459.000       0.001560       0.416854     502.522267
    -458.000       0.006446       0.417999     498.719510
    -457.000       0.010377       0.418873     495.614196
    -456.000       0.012914       0.419444     493.612278
    -455.000       0.014109       0.419687     492.634408
    -454.000       0.013842       0.419594     492.791698
    -453.000       0.012212       0.419156     493.974279
    -452.000       0.009559       0.418377     495.849196
    -451.000       0.006227       0.417276     498.090090
    -450.000       0.002462       0.415869     500.463501
    -449.000      -0.001146       0.414189     502.410517
    -448.000      -0.004293       0.412276     503.660325
    -447.000      -0.006776       0.410171     504.054113
    -446.000      -0.008165       0.407926     503.213259
    -445.000      -0.008486       0.405606     501.238876
    -444.000      -0.007815       0.403265     498.276627
    -443.000      -0.006086       0.400974     494.339662
    -442.000      -0.003722       0.398805     489.931617
    -441.000      -0.001016       0.396817     485.399188
    -440.000       0.001772       0.395078     481.058739
    -439.000       0.004197       0.393648     477.386134
    -438.000       0.005886       0.392568     474.763303
    -437.000       0.006807       0.391880     473.248133
    -436.000       0.006628       0.391608     473.168728
    -435.000       0.005461       0.391760     474.423960
    -434.000       0.003479       0.392336     476.856185
    -433.000       0.000883       0.393320     480.270602
    -432.000      -0.002057       0.394679     484.390170
    -431.000      -0.004776       0.396377     488.647813
    -430.000      -0.007123       0.398367     492.851911
    -429.000      -0.008693       0.400584     496.545537
    -428.000      -0.009197       0.402976     499.380055
    -427.000      -0.008670       0.405475     501.315390
    -426.000      -0.007032       0.408012     502.189858
    -425.000      -0.004438       0.410527     502.086097
    -424.000      -0.001167       0.412956     501.219059
    -423.000       0.002401       0.415234     499.901346
    -422.000       0.006044       0.417316     498.309517
    -421.000       0.009153       0.419147     497.004103
    -420.000       0.011543       0.420688     496.132864
    -419.000       0.012886       0.421912     496.000477
    -418.000       0.012976       0.422792     496.787415
    -417.000       0.011730       0.423312     498.566860
    -416.000       0.009383       0.423473     501.110194
    -415.000       0.005879       0.423273     504.467901
    -414.000       0.001725       0.422726     508.145841
    -413.000      -0.002725       0.421848     511.800211
    -412.000      -0.007143       0.420661     515.111558
    -411.000      -0.010964       0.419194     517.527073
    -410.000      -0.013816       0.417481     518.696588
    -409.000      -0.015474       0.415557     518.426852
    -408.000      -0.015622       0.413464     516.447178
    -407.000      -0.014268       0.411247     512.832400
    -406.000      -0.011532       0.408948     507.775678
    -405.000      -0.007645       0.406622     501.587453
    -404.000      -0.002909       0.404319     494.645030
    -403.000       0.002017       0.402084     487.661243
    -402.000       0.006840       0.399970     480.961929
    -401.000       0.010923       0.398021     475.198519
    -400.000       0.013871       0.396273     470.755704
    -399.000       0.015375       0.394763     467.932391
    -398.000       0.015353       0.393519     466.812670
    -397.000       0.013662       0.392558     467.529854
    -396.000       0.010722       0.391897     469.709146
    -395.000       0.006713       0.391550     473.194229
    -394.000       0.002171       0.391513     477.486692
    -393.000      -0.002407       0.391791     482.132432
    -392.000      -0.006493       0.392377     486.618467
    -391.000      -0.009737       0.393259     490.594620
    -390.000      -0.011723       0.394422     493.636794
    -389.000      -0.012348       0.395845     495.610724
    -388.000      -0.011649       0.397496     496.515894
    -387.000      -0.009725       0.399346     496.409264
    -386.000      -0.006924       0.401359     495.593079
    -385.000      -0.003653       0.403491     494.427924
    -384.000      -0.000268       0.405703     493.217604
    -383.000       0.002761       0.407953     492.392512
    -382.000       0.005095       0.410193     492.238631
    -381.000       0.006557       0.412385     492.901968
    -380.000       0.006972       0.414488     494.525466
    -379.000       0.006413       0.416461     497.003767
    -378.000       0.005014       0.418268     500.181071
    -377.000       0.003065       0.419879     503.740383
    -376.000       0.000821       0.421255     507.388928
    -375.000      -0.001273       0.422368     510.643592
    -374.000      -0.002989       0.423195     513.237791
    -373.000      -0.004002       0.423706     514.799120
    -372.000      -0.004188       0.423886     515.175635
    -371.000      -0.003445       0.423720     514.246678
    -370.000      -0.001949       0.423199     512.185863
    -369.000       0.000255       0.422324     509.053516
    -368.000       0.002703       0.421106     505.347266
    -367.000       0.005202       0.419558     501.284992
    -366.000       0.007259       0.417712     497.404523
    -365.000       0.008606       0.415601     494.004920
    -364.000       0.008895       0.413264     491.463206
    -363.000       0.008029       0.410755     489.915753
    -362.000       0.005925       0.408130     489.483962
    -361.000       0.002727       0.405442     490.069306
    -360.000      -0.001271       0.402762     491.442175
    -359.000      -0.005666       0.400152     493.262633
    -358.000      -0.009995       0.397681     495.145764
    -357.000      -0.013645       0.395418     496.555847
    -356.000      -0.016195       0.393427     497.145883
    -355.000      -0.017168       0.391768     496.514551
    -354.000      -0.016341       0.390499     494.508886
    -353.000      -0.013620       0.389660     491.090274
    -352.000      -0.009231       0.389280     486.516661
    -351.000      -0.003428       0.389384     481.065033
    -350.000       0.003116       0.389964     475.383545
    -349.000       0.009848       0.391006     469.971142
    -348.000       0.015961       0.392485     465.559810
    -347.000       0.020893       0.394350     462.621928
    -346.000       0.023955       0.396545     461.739818
    -345.000       0.024895       0.399011     463.111398
    -344.000       0.023431       0.401667     466.953106
    -343.000       0.019702       0.404441     473.121520
    -342.000       0.013974       0.407257     481.349735
    -341.000       0.006731       0.410034     491.146433
    -340.000      -0.001378       0.412699     501.855914
    -339.000      -0.009682       0.415185     512.753078
    -338.000      -0.017354       0.417422     522.907383
    -337.000      -0.023827       0.419359     531.653202
    -336.000      -0.028416       0.420948     538.154577
    -335.000      -0.030721       0.422149     541.891780
    -334.000      -0.030518       0.422937     542.559888
    -333.000      -0.027775       0.423298     540.093416
    -332.000      -0.022587       0.423221     534.601012
    -331.000      -0.015497       0.422720     526.713711
    -330.000      -0.006873       0.421811     516.895230
    -329.000       0.002487       0.420520     506.055926
    -328.000       0.011823       0.418892     495.047626
    -327.000       0.020423       0.416972     484.645180
    -326.000       0.027487       0.414812     475.671302
    -325.000       0.032374       0.412482     468.762014
    -324.000       0.034669       0.410043     464.326593
    -323.000       0.034076       0.407561     462.654480
    -322.000       0.030546       0.405111     463.823759
    -321.000       0.024407       0.402756     467.569219
    -320.000       0.016074       0.400562     473.564232
    -319.000       0.006196       0.398592     481.277983
    -318.000      -0.004246       0.396899     489.827372
    -317.000      -0.014479       0.395526     498.530034
    -316.000      -0.023535       0.394512     506.476361
    -315.000      -0.030563       0.393874     512.820827
    -314.000      -0.034981       0.393627     516.982449
    -313.000      -0.036401       0.393767     518.550690
    -312.000      -0.034596       0.394276     517.259998
    -311.000      -0.029875       0.395128     513.406514
    -310.000      -0.022573       0.396289     507.301027
    -309.000      -0.013364       0.397712     499.592040
    -308.000      -0.003078       0.399351     491.070718
    -307.000       0.007359       0.401152     482.593066
    -306.000       0.017162       0.403062     474.879408
    -305.000       0.025411       0.405029     468.734749
    -304.000       0.031473       0.407003     464.705551
    -303.000       0.034969       0.408931     463.097777
    -302.000       0.035544       0.410772     464.207654
    -301.000       0.033279       0.412481     467.946305
    -300.000       0.028473       0.414024     474.035355
    -299.000       0.021442       0.415372     482.179537
    -298.000       0.012902       0.416498     491.707596
    -297.000       0.003550       0.417386     501.922546
    -296.000      -0.005889       0.418025     512.101735
    -295.000      -0.014685       0.418409     521.466208
    -294.000      -0.022065       0.418537     529.183127
    -293.000      -0.027640       0.418416     534.814211
    -292.000      -0.030944       0.418053     537.841869
    -291.000      -0.031772       0.417459     538.037808
    -290.000      -0.030232       0.416650     535.542163
    -289.000      -0.026492       0.415641     530.570106
    -288.000      -0.020826       0.414449     523.460563
    -287.000      -0.013944       0.413099     515.019763
    -286.000      -0.006265       0.411607     505.726591
    -285.000       0.001607       0.410002     496.243943
    -284.000       0.008900       0.408307     487.361257
    -283.000       0.015294       0.406555     479.411408
    -282.000       0.020296       0.404775     472.871509
    -281.000       0.023540       0.403006     468.087775
    -280.000       0.025034       0.401281     465.054815
    -279.000       0.024745       0.399639     463.811738
    -278.000       0.022731       0.398119     464.319723
    -277.000       0.019362       0.396758     466.258294
    -276.000       0.014976       0.395589     469.342829
    -275.000       0.009754       0.394645     473.434228
    -274.000       0.004324       0.393951     477.973175
    -273.000      -0.001134       0.393530     482.810188
    -272.000      -0.006316       0.393401     487.684810
    -271.000      -0.010874       0.393577     492.266753
    -270.000      -0.014666       0.394064     496.429273
    -269.000      -0.017671       0.394869     500.156207
    -268.000      -0.019574       0.395987     503.121206
    -267.000      -0.020508       0.397404     505.441728
    -266.000      -0.020436       0.399106     507.060646
    -265.000      -0.019225       0.401061     507.802850
    -264.000      -0.017023       0.403233     507.777205
    -263.000      -0.013882       0.405578     506.985002
    -262.000      -0.009796       0.408041     505.360585
    -261.000      -0.004947       0.410560     503.024820
    -260.000       0.000358       0.413081     500.227872
    -259.000       0.006147       0.415531     496.876091
    -258.000       0.011834       0.417848     493.492844
    -257.000       0.017207       0.419976     490.238262
    -256.000       0.021934       0.421854     487.390265
    -255.000       0.025546       0.423428     485.359768
    -254.000       0.027675       0.424662     484.477236
    -253.000       0.028203       0.425509     484.825607
    -252.000       0.026708       0.425945     486.793371
    -251.000       0.023259       0.425948     490.308547
    -250.000       0.017939       0.425501     495.280127
    -249.000       0.010897       0.424606     501.572104
    -248.000       0.002545       0.423273     508.785354
    -247.000      -0.006470       0.421512     516.277899
    -246.000      -0.015656       0.419359     523.570274
    -245.000      -0.024208       0.416855     529.866504
    -244.000      -0.031326       0.414046     534.354761
    -243.000      -0.036412       0.411000     536.487018
    -242.000      -0.038892       0.407791     535.745790
    -241.000      -0.038187       0.404493     531.634290
    -240.000      -0.034419       0.401200     524.465075
    -239.000      -0.027488       0.398002     514.299365
    -238.000      -0.017867       0.394987     501.808219
    -237.000      -0.006334       0.392253     487.950484
    -236.000       0.006200       0.389880     473.724188
    -235.000       0.018773       0.387940     460.122198
    -234.000       0.029958       0.386505     448.480398
    -233.000       0.038888       0.385617     439.544687
    -232.000       0.044625       0.385302     434.094256
    -231.000       0.046419       0.385583     432.742690
    -230.000       0.044133       0.386442     435.589103
    -229.000       0.037976       0.387854     442.482141
    -228.000       0.028210       0.389779     453.241751
    -227.000       0.015970       0.392148     466.924431
    -226.000       0.002231       0.394887     482.660329
    -225.000      -0.011904       0.397918     499.411166
    -224.000      -0.025026       0.401142     515.714722
    -223.000      -0.036102       0.404469     530.385652
    -222.000      -0.044317       0.407813     542.396134
    -221.000      -0.048837       0.411078     550.634417
    -220.000      -0.049445       0.414186     554.667016
    -219.000      -0.046193       0.417071     554.396994
    -218.000      -0.039220       0.419659     549.843589
    -217.000      -0.029232       0.421904     541.736860
    -216.000      -0.017067       0.423762     530.971973
    -215.000      -0.003570       0.425197     518.453591
    -214.000       0.010164       0.426189     505.359719
    -213.000       0.022963       0.426730     492.901810
    -212.000       0.034120       0.426813     481.784557
    -211.000       0.042547       0.426453     473.058797
    -210.000       0.047741       0.425668     467.191983
    -209.000       0.049331       0.424482     464.516701
    -208.000       0.047183       0.422937     465.167922
    -207.000       0.041382       0.421074     469.083955
    -206.000       0.032589       0.418940     475.698098
    -205.000       0.021254       0.416595     484.634375
    -204.000       0.008388       0.414094     494.985918
    -203.000      -0.005026       0.411493     505.850785
    -202.000      -0.017931       0.408860     516.218945
    -201.000      -0.029393       0.406252     525.189623
    -200.000      -0.038336       0.403725     531.682870
    -199.000      -0.044210       0.401336     535.177582
    -198.000      -0.046524       0.399136     535.214144
    -197.000      -0.045004       0.397163     531.568193
    -196.000      -0.039944       0.395460     524.651786
    -195.000      -0.031768       0.394053     514.987737
    -194.000      -0.021055       0.392963     503.236640
    -193.000      -0.008903       0.392205     490.571796
    -192.000       0.003778       0.391784     477.892105
    -191.000       0.015948       0.391696     466.171270
    -190.000       0.026580       0.391935     456.334497
    -189.000       0.034801       0.392484     449.103919
    -188.000       0.040202       0.393322     444.789702
    -187.000       0.042152       0.394425     443.902026
    -186.000       0.040795       0.395764     446.290757
    -185.000       0.036310       0.397307     451.801435
    -184.000       0.029083       0.399021     460.101916
    -183.000       0.019796       0.400871     470.605483
    -182.000       0.009381       0.402821     482.462444
    -181.000      -0.001567       0.404836     495.090233
    -180.000      -0.011978       0.406877     507.421264
    -179.000      -0.021144       0.408908     518.675926
    -178.000      -0.028546       0.410892     528.233701
    -177.000      -0.033549       0.412792     535.337389
    -176.000      -0.035988       0.414569     539.709002
    -175.000      -0.035816       0.416191     541.215822
    -174.000      -0.033139       0.417621     539.902787
    -173.000      -0.028214       0.418830     536.004154
    -172.000      -0.021642       0.419794     530.147378
    -171.000      -0.013777       0.420490     522.697294
    -170.000      -0.005321       0.420898     514.390135
    -169.000       0.003143       0.421012     505.847052
    -168.000       0.011102       0.420822     497.575873
    -167.000       0.018081       0.420325     490.062565
    -166.000       0.023578       0.419526     483.792174
    -165.000       0.027481       0.418434     478.868173
    -164.000       0.029517       0.417061     475.545233
    -163.000       0.029646       0.415433     473.866316
    -162.000       0.028010       0.413573     473.705505
    -161.000       0.024708       0.411517     474.983004
    -160.000       0.019977       0.409309     477.506100
    -159.000       0.014181       0.406997     480.970267
    -158.000       0.007615       0.404636     485.136779
    -157.000       0.000653       0.402290     489.701135
    -156.000      -0.006277       0.400023     494.314541
    -155.000      -0.012798       0.397901     498.664412
    -154.000      -0.018607       0.395997     502.527453
    -153.000      -0.023237       0.394366     505.496486
    -152.000      -0.026504       0.393073     507.453734
    -151.000      -0.028129       0.392163     508.168550
    -150.000      -0.027948       0.391670     507.514850
    -149.000      -0.025927       0.391619     505.489067
    -148.000      -0.022140       0.392020     502.179537
    -147.000      -0.016697       0.392859     497.682609
    -146.000      -0.009953       0.394122     492.342985
    -145.000      -0.002279       0.395771     486.486550
    -144.000       0.005839       0.397756     480.526546
    -143.000       0.013872       0.400026     474.932351
    -142.000       0.021179       0.402514     470.237639
    -141.000       0.027299       0.405144     466.809107
    -140.000       0.031682       0.407850     465.111857
    -139.000       0.033923       0.410549     465.459079
    -138.000       0.033823       0.413162     467.995979
    -137.000       0.031242       0.415622     472.827187
    -136.000       0.026254       0.417852     479.857999
    -135.000       0.019217       0.419790     488.740893
    -134.000       0.010443       0.421384     499.140433
    -133.000       0.000619       0.422583     510.364490
    -132.000      -0.009605       0.423356     521.713097
    -131.000      -0.019454       0.423683     532.332261
    -130.000      -0.028188       0.423548     541.395006
    -129.000      -0.035030       0.422956     548.025626
    -128.000      -0.039442       0.421922     551.614473
    -127.000      -0.040942       0.420467     551.656494
    -126.000      -0.039274       0.418631     547.931157
    -125.000      -0.034514       0.416464     540.642234
    -124.000      -0.026880       0.414014     530.158723
    -123.000      -0.016901       0.411355     517.218289
    -122.000      -0.005352       0.408558     502.799017
    -121.000       0.006873       0.405698     487.920713
    -120.000       0.018751       0.402861     473.698075
    -119.000       0.029223       0.400130     461.186280
    -118.000       0.037378       0.397578     451.224143
    -117.000       0.042419       0.395291     444.524974
    -116.000       0.043845       0.393330     441.512383
    -115.000       0.041499       0.391752     442.319239
    -114.000       0.035501       0.390609     446.869530
    -113.000       0.026454       0.389928     454.682622
    -112.000       0.015061       0.389723     465.190897
    -111.000       0.002467       0.390002     477.417006
    -110.000      -0.010274       0.390745     490.382183
    -109.000      -0.021970       0.391923     502.944840
    -108.000      -0.031654       0.393500     514.084169
    -107.000      -0.038444       0.395420     522.804446
    -106.000      -0.041907       0.397622     528.543595
    -105.000      -0.041776       0.400045     530.890964
    -104.000      -0.038162       0.402617     529.842283
    -103.000      -0.031554       0.405267     525.807069
    -102.000      -0.022512       0.407930     519.299312
    -101.000      -0.011890       0.410536     511.141495
    -100.000      -0.000650       0.413027     502.262244
     -99.000       0.010357       0.415346     493.486556
     -98.000       0.020276       0.417442     485.615588
     -97.000       0.028256       0.419275     479.428912
     -96.000       0.033950       0.420814     475.241979
     -95.000       0.036824       0.422029     473.521264
     -94.000       0.036876       0.422907     474.259574
     -93.000       0.034174       0.423437     477.389728
     -92.000       0.029036       0.423616     482.613565
     -91.000       0.021885       0.423447     489.545148
     -90.000       0.013422       0.422944     497.514396
     -89.000       0.004219       0.422116     505.960486
     -88.000      -0.004962       0.420989     514.145058
     -87.000      -0.013456       0.419586     521.373637
     -86.000      -0.020660       0.417934     527.044023
     -85.000      -0.026138       0.416068     530.719429
     -84.000      -0.029446       0.414026     531.957031
     -83.000      -0.030527       0.411843     530.750722
     -82.000      -0.029319       0.409563     527.102082
     -81.000      -0.025989       0.407229     521.267929
     -80.000      -0.020866       0.404882     513.670848
     -79.000      -0.014435       0.402568     504.892229
     -78.000      -0.007119       0.400331     495.430259
     -77.000       0.000386       0.398211     486.024154
     -76.000       0.007594       0.396251     477.177451
     -75.000       0.013932       0.394494     469.461125
     -74.000       0.018993       0.392974     463.249653
     -73.000       0.022350       0.391730     458.939702
     -72.000       0.023982       0.390792     456.550048
     -71.000       0.023659       0.390186     456.286613
     -70.000       0.021594       0.389932     457.970288
     -69.000       0.018031       0.390046     461.392914
     -68.000       0.013261       0.390526     466.303177
     -67.000       0.007697       0.391374     472.337925
     -66.000       0.001923       0.392575     478.953799
     -65.000      -0.003805       0.394106     485.899826
     -64.000      -0.008916       0.395941     492.606532
     -63.000      -0.013117       0.398044     498.742437
     -62.000      -0.016199       0.400368     504.050054
     -61.000      -0.018015       0.402868     508.317039
     -60.000      -0.018438       0.405491     511.340005
     -59.000      -0.017684       0.408178     513.264620
     -58.000      -0.015823       0.410873     514.087019
     -57.000      -0.012989       0.413520     513.876027
     -56.000      -0.009617       0.416056     513.004619
     -55.000      -0.005809       0.418427     511.519269
     -54.000      -0.001846       0.420580     509.654116
     -53.000       0.001931       0.422461     507.700623
     -52.000       0.005416       0.424028     505.726908
     -51.000       0.008504       0.425238     503.801174
     -50.000       0.010842       0.426058     502.241365
     -49.000       0.012643       0.426465     500.815085
     -48.000       0.013680       0.426440     499.732758
     -47.000       0.013979       0.425972     498.956753
     -46.000       0.013573       0.425073     498.466043
     -45.000       0.012566       0.423749     498.163261
     -44.000       0.010816       0.422025     498.215193
     -43.000       0.008626       0.419940     498.356125
     -42.000       0.005946       0.417532     498.671538
     -41.000       0.002863       0.414853     499.124866
     -40.000      -0.000398       0.411970     499.554360
     -39.000      -0.003722       0.408943     499.900050
     -38.000      -0.007044       0.405849     500.176139
     -37.000      -0.009970       0.402768     500.064699
     -36.000      -0.012452       0.399776     499.598254
     -35.000      -0.014281       0.396955     498.655440
     -34.000      -0.015164       0.394391     497.032730
     -33.000      -0.015053       0.392148     494.758262
     -32.000      -0.013914       0.390297     491.877376
     -31.000      -0.011574       0.388898     488.280944
     -30.000      -0.008302       0.387985     484.271328
     -29.000      -0.004237       0.387589     480.012179
     -28.000       0.000386       0.387721     475.736226
     -27.000       0.005200       0.388368     471.770779
     -26.000       0.009664       0.389510     468.599381
     -25.000       0.013672       0.391108     466.279869
     -24.000       0.016555       0.393101     465.373972
     -23.000       0.018185       0.395433     465.959888
     -22.000       0.018394       0.398027     468.139677
     -21.000       0.017038       0.400800     471.994747
     -20.000       0.014191       0.403677     477.420651
     -19.000       0.010214       0.406577     484.030253
     -18.000       0.005234       0.409413     491.646639
     -17.000      -0.000241       0.412123     499.732976
     -16.000      -0.005689       0.414634     507.699344
     -15.000      -0.010779       0.416887     515.139148
     -14.000      -0.015001       0.418835     521.458186
     -13.000      -0.017942       0.420436     526.150995
     -12.000      -0.019440       0.421658     528.980188
     -11.000      -0.019374       0.422486     529.783585
     -10.000      -0.017566       0.422906     528.340437
      -9.000      -0.014453       0.422918     525.120938
      -8.000      -0.010122       0.422536     520.245668
      -7.000      -0.004952       0.421777     514.146390
      -6.000       0.000461       0.420667     507.495856
      -5.000       0.005727       0.419247     500.740129
      -4.000       0.010453       0.417555     494.323301
      -3.000       0.014018       0.415639     488.902144
      -2.000       0.016308       0.413555     484.626343
      -1.000       0.017116       0.411353     481.727752
       0.000       0.016280       0.409093     480.394908
